ISSUERTRADINGSYMBOL,RPTOWNERNAME,RPTOWNER_RELATIONSHIP,TRANS_DATE,TRANS_CODE,TRANS_SHARES,TRANS_PRICEPERSHARE,TransactionValue,alpha,beta
MA,Vosburg Craig,Officer,2022-03-29,S,1561.0,365.0,569765.0,-0.00021236925273224115,1.2450671989596038
TSLA,Baglino Andrew D,Officer,2022-03-28,S,3500.0,1065.0,3727500.0,0.0010052057969065994,1.6907052383842336
NVDA,COXE TENCH,Director,2022-03-28,S,100000.0,274.06,27406000.0,0.002027555265582898,2.2587088806084115
HD,Padilla Hector A,Officer,2022-03-25,S,504.0,309.8,156139.2,0.0003255568806398521,0.9168338147584965
V,MCINERNEY RYAN,Officer,2022-03-28,S,6466.0,220.0,1422520.0,-0.00016149539540942653,1.0907385544575656
ADBE,Garfield Mark S.,Officer,2022-03-24,S,463.0,425.79,197140.77,-0.0003212357391894262,1.4438111478632405
ADBE,Belsky Scott,Officer,2022-03-25,S,2750.0,435.44,1197460.0,-0.0004609292966989334,1.4741288402346935
UNH,BURKE RICHARD T,Director,2022-03-22,S,4000.0,511.14,2044560.0,0.0008687781084433278,0.6724911176540138
UNH,BURKE RICHARD T,Director,2022-03-23,S,3000.0,505.67,1517010.0,0.000938578118847397,0.6803368605598579
UNH,BURKE RICHARD T,Director,2022-03-24,S,3000.0,508.8,1526400.0,0.0009248416961877256,0.6767225346379249
AMZN,Selipsky Adam,Officer,2022-03-18,S,344.0,3200.0,1100800.0,-0.0011222402612976656,1.2152550172735
NVDA,PERRY MARK L,Director,2022-03-18,S,2716.0,264.92,719522.7200000001,0.0017611340067297998,2.1891333756572777
NVDA,PERRY MARK L,Director,2022-03-18,S,12100.0,263.67,3190407.0,0.0017611340067297998,2.1891333756572777
NVDA,PERRY MARK L,Director,2022-03-18,S,100.0,265.49,26549.0,0.0017611340067297998,2.1891333756572777
NVDA,PERRY MARK L,Director,2022-03-18,S,1800.0,262.9,473220.0,0.0017611340067297998,2.1891333756572777
JNJ,Mongon Thibaut,Officer,2022-03-17,S,1657.0,176.28,292095.96,0.00027175835379813693,0.25925358394320525
JNJ,Mongon Thibaut,Officer,2022-03-17,S,1420.0,176.28,250317.6,0.00027175835379813693,0.25925358394320525
JNJ,Mongon Thibaut,Officer,2022-03-17,S,6566.0,176.24,1157191.84,0.00027175835379813693,0.25925358394320525
JNJ,Mongon Thibaut,Officer,2022-03-17,S,3770.0,176.16,664123.2,0.00027175835379813693,0.25925358394320525
JNJ,Mongon Thibaut,Officer,2022-03-17,S,1735.0,176.28,305845.8,0.00027175835379813693,0.25925358394320525
JNJ,Mongon Thibaut,Officer,2022-03-17,S,1976.0,176.28,348329.28,0.00027175835379813693,0.25925358394320525
JNJ,Mongon Thibaut,Officer,2022-03-17,S,1856.0,176.28,327175.68,0.00027175835379813693,0.25925358394320525
JNJ,Mongon Thibaut,Officer,2022-03-17,S,1757.0,176.28,309723.96,0.00027175835379813693,0.25925358394320525
JNJ,Mongon Thibaut,Officer,2022-03-17,S,2944.0,176.28,518968.32,0.00027175835379813693,0.25925358394320525
JNJ,Mongon Thibaut,Officer,2022-03-17,S,97.0,176.28,17099.16,0.00027175835379813693,0.25925358394320525
JNJ,Mongon Thibaut,Officer,2022-03-17,S,1103.0,176.28,194436.84,0.00027175835379813693,0.25925358394320525
JNJ,Mongon Thibaut,Officer,2022-03-17,S,143.0,176.28,25208.04,0.00027175835379813693,0.25925358394320525
JNJ,Mongon Thibaut,Officer,2022-03-17,S,157.0,176.28,27675.96,0.00027175835379813693,0.25925358394320525
JNJ,Mongon Thibaut,Officer,2022-03-17,S,200.0,176.24,35248.0,0.00027175835379813693,0.25925358394320525
JNJ,Mongon Thibaut,Officer,2022-03-17,S,227.0,176.24,40006.48,0.00027175835379813693,0.25925358394320525
JNJ,Mongon Thibaut,Officer,2022-03-17,S,373.0,176.24,65737.52,0.00027175835379813693,0.25925358394320525
JNJ,Mongon Thibaut,Officer,2022-03-17,S,464.0,176.24,81775.36,0.00027175835379813693,0.25925358394320525
JNJ,Mongon Thibaut,Officer,2022-03-17,S,477.0,176.28,84085.56,0.00027175835379813693,0.25925358394320525
JNJ,Mongon Thibaut,Officer,2022-03-17,S,487.0,176.28,85848.36,0.00027175835379813693,0.25925358394320525
JNJ,Mongon Thibaut,Officer,2022-03-17,S,550.0,176.24,96932.0,0.00027175835379813693,0.25925358394320525
JNJ,Mongon Thibaut,Officer,2022-03-17,S,551.0,176.24,97108.24,0.00027175835379813693,0.25925358394320525
JNJ,Mongon Thibaut,Officer,2022-03-17,S,555.0,176.24,97813.2,0.00027175835379813693,0.25925358394320525
JNJ,Mongon Thibaut,Officer,2022-03-17,S,596.0,176.28,105062.88,0.00027175835379813693,0.25925358394320525
JNJ,Mongon Thibaut,Officer,2022-03-17,S,597.0,176.24,105215.28,0.00027175835379813693,0.25925358394320525
JNJ,Mongon Thibaut,Officer,2022-03-17,S,613.0,176.28,108059.64,0.00027175835379813693,0.25925358394320525
JNJ,Mongon Thibaut,Officer,2022-03-17,S,717.0,176.24,126364.08,0.00027175835379813693,0.25925358394320525
JNJ,Mongon Thibaut,Officer,2022-03-17,S,833.0,176.28,146841.24,0.00027175835379813693,0.25925358394320525
JNJ,Mongon Thibaut,Officer,2022-03-17,S,848.0,176.28,149485.44,0.00027175835379813693,0.25925358394320525
JNJ,Mongon Thibaut,Officer,2022-03-17,S,957.0,176.28,168699.96,0.00027175835379813693,0.25925358394320525
JNJ,Mongon Thibaut,Officer,2022-03-17,S,57.0,176.28,10047.96,0.00027175835379813693,0.25925358394320525
JNJ,Mongon Thibaut,Officer,2022-03-17,S,57.0,176.28,10047.96,0.00027175835379813693,0.25925358394320525
JNJ,Mongon Thibaut,Officer,2022-03-17,S,100.0,176.28,17628.0,0.00027175835379813693,0.25925358394320525
V,MATSCHULLAT ROBERT W,Director,2022-03-16,S,1114.0,210.94,234987.16,-0.0004224882347438425,1.1453551893187626
JNJ,Decker Robert J,Officer,2022-03-15,S,250.0,175.51,43877.5,0.0002766382983000148,0.25706312536707293
JNJ,Decker Robert J,Officer,2022-03-15,S,2000.0,175.51,351020.0,0.0002766382983000148,0.25706312536707293
JNJ,Decker Robert J,Officer,2022-03-15,S,2750.0,175.51,482652.5,0.0002766382983000148,0.25706312536707293
DIS,WOODFORD BRENT,Officer,2022-03-10,S,226.0,132.5,29945.0,-0.002103875924177013,0.9416050010865485
TSLA,Kirkhorn Zachary,Officer,2022-03-07,S,2389.0,845.39,2019636.71,0.0010218580549537966,1.671288176741293
TSLA,Baglino Andrew D,Officer,2022-03-07,S,897.0,845.39,758314.83,0.0010218580549537966,1.671288176741293
TSLA,Taneja Vaibhav,Officer,2022-03-07,S,1535.0,845.39,1297673.65,0.0010218580549537966,1.671288176741293
PYPL,Auerbach Jonathan,Officer,2022-03-04,S,40749.0,100.62,4100164.38,-0.0020856294880999588,1.4659914663769784
VZ,Silliman Craig L.,Officer,2022-03-03,S,1558.0,54.48,84879.84,-6.0721576482708416e-05,0.11961922326752665
TSLA,DENHOLM ROBYN M,Director,2022-03-01,S,600.0,857.65,514590.0,0.00107335328190553,1.77931832181312
TSLA,DENHOLM ROBYN M,Director,2022-03-01,S,1200.0,859.02,1030824.0,0.00107335328190553,1.77931832181312
TSLA,DENHOLM ROBYN M,Director,2022-03-01,S,1500.0,860.37,1290555.0,0.00107335328190553,1.77931832181312
TSLA,DENHOLM ROBYN M,Director,2022-03-01,S,1800.0,861.5,1550700.0,0.00107335328190553,1.77931832181312
TSLA,DENHOLM ROBYN M,Director,2022-03-01,S,1400.0,862.66,1207724.0,0.00107335328190553,1.77931832181312
TSLA,DENHOLM ROBYN M,Director,2022-03-01,S,1200.0,863.67,1036404.0,0.00107335328190553,1.77931832181312
TSLA,DENHOLM ROBYN M,Director,2022-03-01,S,1400.0,864.82,1210748.0,0.00107335328190553,1.77931832181312
TSLA,DENHOLM ROBYN M,Director,2022-03-01,S,500.0,865.84,432920.0,0.00107335328190553,1.77931832181312
TSLA,DENHOLM ROBYN M,Director,2022-03-01,S,600.0,866.92,520152.0,0.00107335328190553,1.77931832181312
TSLA,DENHOLM ROBYN M,Director,2022-03-01,S,400.0,868.0,347200.0,0.00107335328190553,1.77931832181312
TSLA,DENHOLM ROBYN M,Director,2022-03-01,S,11400.0,869.94,9917316.0,0.00107335328190553,1.77931832181312
TSLA,DENHOLM ROBYN M,Director,2022-03-01,S,300.0,871.39,261417.0,0.00107335328190553,1.77931832181312
TSLA,DENHOLM ROBYN M,Director,2022-03-01,S,300.0,872.6,261780.0,0.00107335328190553,1.77931832181312
TSLA,DENHOLM ROBYN M,Director,2022-03-01,S,400.0,873.62,349448.0,0.00107335328190553,1.77931832181312
TSLA,DENHOLM ROBYN M,Director,2022-03-01,S,200.0,874.73,174946.0,0.00107335328190553,1.77931832181312
TSLA,DENHOLM ROBYN M,Director,2022-03-01,S,100.0,875.49,87549.0,0.00107335328190553,1.77931832181312
TSLA,DENHOLM ROBYN M,Director,2022-03-01,S,300.0,878.27,263481.0,0.00107335328190553,1.77931832181312
TSLA,DENHOLM ROBYN M,Director,2022-03-01,S,300.0,879.52,263856.0,0.00107335328190553,1.77931832181312
TSLA,DENHOLM ROBYN M,Director,2022-03-01,S,100.0,880.74,88074.0,0.00107335328190553,1.77931832181312
TSLA,DENHOLM ROBYN M,Director,2022-03-01,S,100.0,882.01,88201.0,0.00107335328190553,1.77931832181312
TSLA,DENHOLM ROBYN M,Director,2022-03-01,S,600.0,885.32,531192.0,0.00107335328190553,1.77931832181312
TSLA,DENHOLM ROBYN M,Director,2022-03-01,S,300.0,886.23,265869.0,0.00107335328190553,1.77931832181312
PG,Moeller Jon R,"Director,Officer",2022-03-01,S,3231.0,153.51,495990.81,0.0010232751014743807,0.29910098374232563
PG,Moeller Jon R,"Director,Officer",2022-03-01,S,315.0,153.51,48355.65,0.0010232751014743807,0.29910098374232563
PG,Janzaruk Matthew W.,Officer,2022-03-01,S,155.0,153.51,23794.05,0.0010232751014743807,0.29910098374232563
PG,Majoras Deborah P,Officer,2022-03-01,S,1927.0,153.51,295813.77,0.0010232751014743807,0.29910098374232563
PG,Taylor David S,"Director,Officer",2022-03-01,S,12953.0,153.51,1988415.03,0.0010232751014743807,0.29910098374232563
PG,TASTAD CAROLYN M,Officer,2022-03-01,S,3730.0,153.51,572592.2999999999,0.0010232751014743807,0.29910098374232563
PG,Schulten Andre,Officer,2022-03-01,S,1335.0,153.51,204935.85,0.0010232751014743807,0.29910098374232563
PG,Keith R. Alexandra,Officer,2022-03-01,S,5777.0,153.51,886827.2699999999,0.0010232751014743807,0.29910098374232563
PG,Keith R. Alexandra,Officer,2022-03-01,S,1054.0,153.51,161799.53999999998,0.0010232751014743807,0.29910098374232563
TSLA,Baglino Andrew D,Officer,2022-02-28,S,3500.0,815.72,2855020.0,0.0008635520434337879,1.806097999054099
NVDA,HUANG JEN HSUN,"Director,Officer",2022-03-01,S,11208.0,242.88,2722199.04,0.0017143737119570224,2.1994779312013444
NVDA,HUANG JEN HSUN,"Director,Officer",2022-03-01,S,52983.0,241.96,12819766.68,0.0017143737119570224,2.1994779312013444
NVDA,HUANG JEN HSUN,"Director,Officer",2022-03-01,S,21398.0,241.04,5157773.92,0.0017143737119570224,2.1994779312013444
NVDA,HUANG JEN HSUN,"Director,Officer",2022-03-01,S,19803.0,239.82,4749155.46,0.0017143737119570224,2.1994779312013444
NVDA,HUANG JEN HSUN,"Director,Officer",2022-03-01,S,24525.0,239.12,5864418.0,0.0017143737119570224,2.1994779312013444
NVDA,HUANG JEN HSUN,"Director,Officer",2022-03-01,S,27280.0,232.03,6329778.4,0.0017143737119570224,2.1994779312013444
NVDA,HUANG JEN HSUN,"Director,Officer",2022-03-01,S,34353.0,232.88,8000126.64,0.0017143737119570224,2.1994779312013444
NVDA,HUANG JEN HSUN,"Director,Officer",2022-03-01,S,41983.0,233.93,9821083.19,0.0017143737119570224,2.1994779312013444
NVDA,HUANG JEN HSUN,"Director,Officer",2022-03-01,S,29661.0,234.87,6966479.07,0.0017143737119570224,2.1994779312013444
NVDA,HUANG JEN HSUN,"Director,Officer",2022-03-01,S,21446.0,235.89,5058896.94,0.0017143737119570224,2.1994779312013444
NVDA,HUANG JEN HSUN,"Director,Officer",2022-03-01,S,2000.0,236.82,473640.0,0.0017143737119570224,2.1994779312013444
NVDA,HUANG JEN HSUN,"Director,Officer",2022-03-01,S,5700.0,238.19,1357683.0,0.0017143737119570224,2.1994779312013444
MSFT,Nadella Satya,"Director,Officer",2022-03-01,S,7931.0,296.52,2351700.12,0.0003566418921824446,1.2421466266791297
PYPL,Alford Peggy,Officer,2022-02-28,S,926.0,110.31,102147.06,-0.0029082127743958173,1.5571855628657216
V,KELLY ALFRED F JR,"Director,Officer",2022-02-28,S,9000.0,216.0,1944000.0,-0.0007894472349741419,1.0362487720127094
UNH,BURKE RICHARD T,Director,2022-02-23,S,4000.0,465.3,1861200.0,0.001067903702445087,0.6847009726492874
UNH,BURKE RICHARD T,Director,2022-02-25,S,6000.0,470.38,2822280.0,0.0010735726649176438,0.708613638794462
UNH,GARCIA PAUL R,Director,2022-02-22,P,2146.0,464.97,997825.62,0.0010369075548720464,0.6771138766633205
AMZN,Jassy Andrew R,"Director,Officer",2022-02-22,S,492.0,3009.57,1480708.4400000002,-0.0006154637886916346,1.0378572704562248
AMZN,Clark David H,Officer,2022-02-22,S,137.0,3009.57,412311.09,-0.0006154637886916346,1.0378572704562248
TSLA,Kirkhorn Zachary,Officer,2022-02-17,S,1250.0,913.26,1141575.0,0.0007936124033403952,1.8995018414424933
PYPL,Yeary Frank D,Director,2022-02-18,P,4500.0,103.96,467820.0,-0.0025876969385149272,1.541238518706851
UNH,BURKE RICHARD T,Director,2022-02-16,S,5000.0,476.72,2383600.0,0.0013632337937606433,0.6690927336042354
AMZN,Selipsky Adam,Officer,2022-02-15,S,679.0,3150.92,2139474.68,-0.0007645746035492101,1.0340862950803578
AMZN,Jassy Andrew R,"Director,Officer",2022-02-15,S,848.0,3150.92,2671980.16,-0.0007645746035492101,1.0340862950803578
AMZN,Clark David H,Officer,2022-02-15,S,1027.0,3150.92,3235994.84,-0.0007645746035492101,1.0340862950803578
AMZN,Zapolsky David,Officer,2022-02-15,S,1060.0,3150.92,3339975.2,-0.0007645746035492101,1.0340862950803578
AMZN,Zapolsky David,Officer,2022-02-16,S,139.0,3115.81,433097.59,-0.000738089382204701,1.0317226044193146
AMZN,Olsavsky Brian T,Officer,2022-02-15,S,910.0,3150.92,2867337.2,-0.0007645746035492101,1.0340862950803578
AMZN,Reynolds Shelley,Officer,2022-02-15,S,222.0,3150.92,699504.24,-0.0007645746035492101,1.0340862950803578
MA,Mastercard Foundation,TenPercentOwner,2022-02-15,S,155060.0,379.77,58887136.2,-0.0006515401209276957,1.3020330044452273
MA,Mastercard Foundation,TenPercentOwner,2022-02-16,S,155061.0,380.33,58974350.13,-0.0005301056172760132,1.2980975356172826
MA,Mastercard Foundation,TenPercentOwner,2022-02-11,S,155060.0,376.69,58409551.4,-0.0007521836714896153,1.2897986847307332
MA,Mastercard Foundation,TenPercentOwner,2022-02-14,S,155060.0,372.93,57826525.8,-0.0007075288362467997,1.2890505141578386
MA,Mastercard Foundation,TenPercentOwner,2022-02-10,S,155060.0,377.13,58477777.8,-0.0007605154228323565,1.2906084369425583
MSFT,SMITH BRADFORD L,Officer,2022-02-08,S,27860.0,304.64,8487270.4,0.0005513366116223105,1.182103476864032
PYPL,DORMAN DAVID W,Director,2022-02-08,P,8400.0,119.33,1002372.0,-0.00301566809619758,1.5862068492273536
MA,Mastercard Foundation,TenPercentOwner,2022-02-08,S,155060.0,374.7,58100982.0,-0.0007140762648931419,1.2894529616335593
MA,Mastercard Foundation,TenPercentOwner,2022-02-09,S,155060.0,383.74,59502724.4,-0.0008082515744601677,1.2877759948683374
MA,Mastercard Foundation,TenPercentOwner,2022-02-07,S,155060.0,377.5,58535150.0,-0.000631670926154734,1.305421769630173
V,MCINERNEY RYAN,Officer,2022-02-08,S,6466.0,226.11,1462027.26,-0.0006110514447439684,1.0407509450067614
PYPL,Alford Peggy,Officer,2022-02-04,S,4245.0,124.34,527823.3,-0.002867722977679301,1.603794594553636
PYPL,Yeary Frank D,Director,2022-02-04,P,4000.0,124.85,499400.0,-0.002867722977679301,1.603794594553636
AAPL,Adams Katherine L.,Officer,2022-02-03,S,2300.0,175.78,404294.0,6.115612487579342e-05,1.3501287752877742
AAPL,Adams Katherine L.,Officer,2022-02-03,S,6400.0,174.32,1115648.0,6.115612487579342e-05,1.3501287752877742
AAPL,Adams Katherine L.,Officer,2022-02-03,S,14242.0,175.08,2493489.3600000003,6.115612487579342e-05,1.3501287752877742
AAPL,Adams Katherine L.,Officer,2022-02-03,S,2058.0,173.04,356116.32,6.115612487579342e-05,1.3501287752877742
PYPL,SCHULMAN DANIEL H,"Director,Officer",2022-02-03,P,300.0,125.18,37554.0,-0.0027094638149630676,1.6215203937886133
PYPL,SCHULMAN DANIEL H,"Director,Officer",2022-02-03,P,7694.0,124.55,958287.7,-0.0027094638149630676,1.6215203937886133
TSLA,DENHOLM ROBYN M,Director,2022-02-01,S,10100.0,934.12,9434612.0,-0.000607568275784293,1.775063877472258
TSLA,DENHOLM ROBYN M,Director,2022-02-01,S,400.0,907.58,363032.0,-0.000607568275784293,1.775063877472258
TSLA,DENHOLM ROBYN M,Director,2022-02-01,S,700.0,908.81,636167.0,-0.000607568275784293,1.775063877472258
TSLA,DENHOLM ROBYN M,Director,2022-02-01,S,699.0,911.26,636970.74,-0.000607568275784293,1.775063877472258
TSLA,DENHOLM ROBYN M,Director,2022-02-01,S,1901.0,912.28,1734244.28,-0.000607568275784293,1.775063877472258
TSLA,DENHOLM ROBYN M,Director,2022-02-01,S,800.0,913.4,730720.0,-0.000607568275784293,1.775063877472258
TSLA,DENHOLM ROBYN M,Director,2022-02-01,S,3156.0,914.49,2886130.44,-0.000607568275784293,1.775063877472258
TSLA,DENHOLM ROBYN M,Director,2022-02-01,S,1024.0,915.51,937482.24,-0.000607568275784293,1.775063877472258
TSLA,DENHOLM ROBYN M,Director,2022-02-01,S,1020.0,916.55,934881.0,-0.000607568275784293,1.775063877472258
TSLA,DENHOLM ROBYN M,Director,2022-02-01,S,400.0,917.35,366940.0,-0.000607568275784293,1.775063877472258
TSLA,DENHOLM ROBYN M,Director,2022-02-01,S,700.0,918.91,643237.0,-0.000607568275784293,1.775063877472258
TSLA,DENHOLM ROBYN M,Director,2022-02-01,S,400.0,906.29,362516.0,-0.000607568275784293,1.775063877472258
TSLA,DENHOLM ROBYN M,Director,2022-02-01,S,300.0,932.85,279855.0,-0.000607568275784293,1.775063877472258
TSLA,DENHOLM ROBYN M,Director,2022-02-01,S,200.0,931.66,186332.0,-0.000607568275784293,1.775063877472258
TSLA,DENHOLM ROBYN M,Director,2022-02-01,S,400.0,919.73,367892.0,-0.000607568275784293,1.775063877472258
TSLA,DENHOLM ROBYN M,Director,2022-02-01,S,300.0,920.85,276255.0,-0.000607568275784293,1.775063877472258
TSLA,DENHOLM ROBYN M,Director,2022-02-01,S,600.0,922.3,553380.0,-0.000607568275784293,1.775063877472258
TSLA,DENHOLM ROBYN M,Director,2022-02-01,S,400.0,923.82,369528.0,-0.000607568275784293,1.775063877472258
TSLA,DENHOLM ROBYN M,Director,2022-02-01,S,800.0,925.05,740040.0,-0.000607568275784293,1.775063877472258
TSLA,DENHOLM ROBYN M,Director,2022-02-01,S,600.0,926.48,555888.0,-0.000607568275784293,1.775063877472258
TSLA,DENHOLM ROBYN M,Director,2022-02-01,S,100.0,929.89,92989.0,-0.000607568275784293,1.775063877472258
AAPL,LEVINSON ARTHUR D,Director,2022-02-01,S,1986.0,173.29,344153.94,4.66336296137195e-05,1.3687082559964163
PG,Taylor David S,"Director,Officer",2022-02-02,S,30095.0,162.0,4875390.0,0.0007822335108924412,0.3266020871873396
V,HOFFMEISTER JAMES H,Officer,2022-02-01,S,1737.0,231.49,402098.13,-0.0005479026173710376,1.045170076401493
PG,Taylor David S,"Director,Officer",2022-01-31,S,25000.0,160.01,4000250.0,0.0008453377813900755,0.3124124911339531
PG,Moeller Jon R,"Director,Officer",2022-01-31,S,59156.0,160.01,9465551.56,0.0008453377813900755,0.3124124911339531
PG,Moeller Jon R,"Director,Officer",2022-01-31,S,20857.0,160.01,3337328.57,0.0008453377813900755,0.3124124911339531
PG,Moeller Jon R,"Director,Officer",2022-01-31,S,25607.0,160.01,4097376.07,0.0008453377813900755,0.3124124911339531
MSFT,Walmsley Emma N,Director,2022-01-28,P,1700.0,295.48,502316.00000000006,0.00045739223050367755,1.1318557081878808
MSFT,Walmsley Emma N,Director,2022-01-31,P,1600.0,311.53,498448.0,0.00041643377057715397,1.1616169812961032
ADBE,Rao Dana,Officer,2022-01-28,S,5300.0,507.25,2688425.0,5.2636755625636635e-05,1.3803255238520595
V,KELLY ALFRED F JR,"Director,Officer",2022-01-31,S,9000.0,224.9,2024100.0,-0.0005764092082285842,1.0448746445367012
TSLA,Baglino Andrew D,Officer,2022-01-27,S,3500.0,933.56,3267460.0,-0.00046945432667305336,1.830089748064683
MA,McLaughlin Edward Grunde,Officer,2022-01-28,S,1008.0,361.33,364220.64,-0.0008447212539346639,1.3069808991625198
MA,McLaughlin Edward Grunde,Officer,2022-01-28,S,14302.0,360.18,5151294.36,-0.0008447212539346639,1.3069808991625198
MA,Arkell Sandra A,Officer,2022-01-28,S,872.0,375.0,327000.0,-0.0008447212539346639,1.3069808991625198
MA,Vosburg Craig,Officer,2022-01-28,S,5684.0,365.0,2074660.0,-0.0008447212539346639,1.3069808991625198
BAC,Sieg Andrew M.,Officer,2022-01-28,S,18407.0,45.12,830523.84,0.0010023860513917633,0.9084354080489428
PG,Moeller Jon R,"Director,Officer",2022-01-28,S,130878.0,160.58,21016389.24,0.0007375058802250315,0.3176544968165766
PG,Moeller Jon R,"Director,Officer",2022-01-28,S,150393.0,160.58,24150107.94,0.0007375058802250315,0.3176544968165766
VZ,Vestberg Hans Erik,"Director,Officer",2022-01-26,P,19000.0,52.55,998450.0,-0.000509628971951968,0.26666991608683427
ADBE,Lewnes Ann,Officer,2022-01-25,S,140.0,503.92,70548.8,0.00030907247657257196,1.3417829387144244
ADBE,Lewnes Ann,Officer,2022-01-25,S,778.0,504.92,392827.76,0.00030907247657257196,1.3417829387144244
ADBE,Lewnes Ann,Officer,2022-01-25,S,2691.0,506.08,1361861.28,0.00030907247657257196,1.3417829387144244
ADBE,Lewnes Ann,Officer,2022-01-25,S,2290.0,507.06,1161167.4,0.00030907247657257196,1.3417829387144244
ADBE,Lewnes Ann,Officer,2022-01-25,S,1765.0,508.09,896778.85,0.00030907247657257196,1.3417829387144244
ADBE,Lewnes Ann,Officer,2022-01-25,S,640.0,509.24,325913.6,0.00030907247657257196,1.3417829387144244
ADBE,Lewnes Ann,Officer,2022-01-25,S,600.0,510.41,306246.0,0.00030907247657257196,1.3417829387144244
ADBE,Lewnes Ann,Officer,2022-01-25,S,700.0,511.2,357840.0,0.00030907247657257196,1.3417829387144244
ADBE,Lewnes Ann,Officer,2022-01-25,S,100.0,511.96,51196.0,0.00030907247657257196,1.3417829387144244
ADBE,Lewnes Ann,Officer,2022-01-25,S,300.0,513.21,153963.0,0.00030907247657257196,1.3417829387144244
UNH,BURKE RICHARD T,Director,2022-01-20,S,5000.0,469.41,2347050.0,0.000843081403436954,0.6500730746801797
UNH,BURKE RICHARD T,Director,2022-01-21,S,4000.0,468.5,1874000.0,0.0008802262036032511,0.6514076571582754
PG,Jejurikar Shailesh,Officer,2022-01-20,S,49337.0,161.13,7949670.81,0.00044695044848630115,0.40673591220579086
PG,Pritchard Marc S.,Officer,2022-01-20,S,51837.0,161.13,8352495.81,0.00044695044848630115,0.40673591220579086
PG,Taylor David S,"Director,Officer",2022-01-20,S,50000.0,164.07,8203500.0,0.00044695044848630115,0.40673591220579086
TSLA,Kirkhorn Zachary,Officer,2022-01-18,S,1250.0,1026.75,1283437.5,1.0270383990561782e-05,1.7422359686961635
JPM,HOBSON MELLODY L,Director,2022-01-19,P,670.0,149.68,100285.6,0.00021231270079065558,0.8896985932577188
ADBE,WARNOCK JOHN E,Director,2022-01-19,S,174.0,516.47,89865.78,0.0003189206449926957,1.2898574360940993
ADBE,WARNOCK JOHN E,Director,2022-01-19,S,3726.0,518.88,1933346.88,0.0003189206449926957,1.2898574360940993
ADBE,WARNOCK JOHN E,Director,2022-01-19,S,100.0,517.31,51730.99999999999,0.0003189206449926957,1.2898574360940993
DIS,McCarthy Christine M,Officer,2022-01-18,S,15342.0,151.54,2324926.68,-0.0013961358876323198,0.9646803333184172
DIS,McCarthy Christine M,Officer,2022-01-12,S,10000.0,158.6,1586000.0,-0.0015015527355675018,0.9361385642335934
DIS,McCarthy Christine M,Officer,2022-01-14,S,10000.0,152.06,1520600.0,-0.0014258854200938553,0.962872505898565
DIS,McCarthy Christine M,Officer,2022-01-13,S,10000.0,158.0,1580000.0,-0.0015192319936806825,0.9400444626679384
ADBE,Desmond Laura,Director,2022-01-07,P,491.0,509.72,250272.52,0.00041718116577710935,1.2589937867453165
ADBE,Desmond Laura,Director,2022-01-06,P,482.0,517.63,249497.66,0.00033692797854535797,1.267243516738056
TSLA,Taneja Vaibhav,Officer,2022-01-05,S,100.0,1168.5,116850.0,0.00037350597408053953,1.8277370506813642
TSLA,Taneja Vaibhav,Officer,2022-01-05,S,400.0,1156.11,462444.0,0.00037350597408053953,1.8277370506813642
TSLA,Taneja Vaibhav,Officer,2022-01-05,S,200.0,1166.39,233278.00000000003,0.00037350597408053953,1.8277370506813642
TSLA,Taneja Vaibhav,Officer,2022-01-05,S,100.0,1158.0,115800.0,0.00037350597408053953,1.8277370506813642
TSLA,Taneja Vaibhav,Officer,2022-01-05,S,100.0,1164.99,116499.0,0.00037350597408053953,1.8277370506813642
TSLA,Taneja Vaibhav,Officer,2022-01-05,S,100.0,1159.15,115915.0,0.00037350597408053953,1.8277370506813642
TSLA,Taneja Vaibhav,Officer,2022-01-05,S,100.0,1161.56,116156.0,0.00037350597408053953,1.8277370506813642
TSLA,Taneja Vaibhav,Officer,2022-01-05,S,100.0,1089.68,108968.0,0.00037350597408053953,1.8277370506813642
TSLA,Taneja Vaibhav,Officer,2022-01-05,S,100.0,1091.86,109186.0,0.00037350597408053953,1.8277370506813642
TSLA,Taneja Vaibhav,Officer,2022-01-05,S,100.0,1093.95,109395.0,0.00037350597408053953,1.8277370506813642
TSLA,Taneja Vaibhav,Officer,2022-01-05,S,200.0,1096.2,219240.0,0.00037350597408053953,1.8277370506813642
TSLA,Taneja Vaibhav,Officer,2022-01-05,S,100.0,1096.9,109690.0,0.00037350597408053953,1.8277370506813642
TSLA,Taneja Vaibhav,Officer,2022-01-05,S,100.0,1101.52,110152.0,0.00037350597408053953,1.8277370506813642
TSLA,Taneja Vaibhav,Officer,2022-01-05,S,200.0,1109.84,221968.0,0.00037350597408053953,1.8277370506813642
TSLA,Taneja Vaibhav,Officer,2022-01-05,S,100.0,1119.75,111975.0,0.00037350597408053953,1.8277370506813642
TSLA,Taneja Vaibhav,Officer,2022-01-05,S,200.0,1154.68,230936.0,0.00037350597408053953,1.8277370506813642
TSLA,Taneja Vaibhav,Officer,2022-01-05,S,100.0,1127.43,112743.0,0.00037350597408053953,1.8277370506813642
TSLA,Taneja Vaibhav,Officer,2022-01-05,S,100.0,1134.24,113424.0,0.00037350597408053953,1.8277370506813642
TSLA,Taneja Vaibhav,Officer,2022-01-05,S,500.0,1135.76,567880.0,0.00037350597408053953,1.8277370506813642
TSLA,Taneja Vaibhav,Officer,2022-01-05,S,300.0,1137.17,341151.0,0.00037350597408053953,1.8277370506813642
TSLA,Taneja Vaibhav,Officer,2022-01-05,S,400.0,1138.74,455496.0,0.00037350597408053953,1.8277370506813642
TSLA,Taneja Vaibhav,Officer,2022-01-05,S,300.0,1139.67,341901.0,0.00037350597408053953,1.8277370506813642
TSLA,Taneja Vaibhav,Officer,2022-01-05,S,200.0,1141.15,228230.00000000003,0.00037350597408053953,1.8277370506813642
TSLA,Taneja Vaibhav,Officer,2022-01-05,S,200.0,1142.46,228492.0,0.00037350597408053953,1.8277370506813642
TSLA,Taneja Vaibhav,Officer,2022-01-05,S,300.0,1143.4,343020.0,0.00037350597408053953,1.8277370506813642
TSLA,Taneja Vaibhav,Officer,2022-01-05,S,100.0,1145.21,114521.0,0.00037350597408053953,1.8277370506813642
TSLA,Taneja Vaibhav,Officer,2022-01-05,S,340.0,1146.92,389952.8000000001,0.00037350597408053953,1.8277370506813642
TSLA,Taneja Vaibhav,Officer,2022-01-05,S,300.0,1148.05,344415.0,0.00037350597408053953,1.8277370506813642
TSLA,Taneja Vaibhav,Officer,2022-01-05,S,100.0,1149.45,114945.0,0.00037350597408053953,1.8277370506813642
TSLA,Taneja Vaibhav,Officer,2022-01-05,S,300.0,1150.98,345294.0,0.00037350597408053953,1.8277370506813642
TSLA,Taneja Vaibhav,Officer,2022-01-05,S,400.0,1152.49,460996.0,0.00037350597408053953,1.8277370506813642
TSLA,Taneja Vaibhav,Officer,2022-01-05,S,100.0,1153.31,115331.0,0.00037350597408053953,1.8277370506813642
TSLA,Taneja Vaibhav,Officer,2022-01-05,S,260.0,1088.35,282971.0,0.00037350597408053953,1.8277370506813642
TSLA,Taneja Vaibhav,Officer,2022-01-05,S,100.0,1086.72,108672.0,0.00037350597408053953,1.8277370506813642
TSLA,Taneja Vaibhav,Officer,2022-01-05,S,100.0,1084.65,108465.0,0.00037350597408053953,1.8277370506813642
TSLA,Taneja Vaibhav,Officer,2022-01-05,S,200.0,1125.1,225020.0,0.00037350597408053953,1.8277370506813642
AMZN,Selipsky Adam,Officer,2022-01-05,S,34.0,3337.66,113480.44,-0.00039027066829357317,1.0908562374676098
AMZN,Selipsky Adam,Officer,2022-01-06,S,35.0,3270.0,114450.0,-0.0003910096096358428,1.0905804525292602
PG,Moeller Jon R,"Director,Officer",2022-01-05,S,874.0,163.4,142811.6,4.8951865995868785e-05,0.3959230409094874
DIS,WOODFORD BRENT,Officer,2022-01-04,S,2868.0,158.89,455696.52,-0.0015429955732655118,0.9342055483408855
NVDA,HUANG JEN HSUN,"Director,Officer",2022-01-03,S,35625.0,304.82,10859212.5,0.002206223906925773,1.890282200085555
NVDA,HUANG JEN HSUN,"Director,Officer",2022-01-03,S,19606.0,305.64,5992377.84,0.002206223906925773,1.890282200085555
NVDA,HUANG JEN HSUN,"Director,Officer",2022-01-03,S,2900.0,306.52,888908.0,0.002206223906925773,1.890282200085555
NVDA,HUANG JEN HSUN,"Director,Officer",2022-01-03,S,55263.0,303.8,16788899.400000002,0.002206223906925773,1.890282200085555
NVDA,HUANG JEN HSUN,"Director,Officer",2022-01-03,S,68162.0,302.77,20637408.74,0.002206223906925773,1.890282200085555
NVDA,HUANG JEN HSUN,"Director,Officer",2022-01-03,S,106629.0,301.77,32177433.33,0.002206223906925773,1.890282200085555
NVDA,HUANG JEN HSUN,"Director,Officer",2022-01-03,S,103927.0,300.75,31256045.25,0.002206223906925773,1.890282200085555
NVDA,HUANG JEN HSUN,"Director,Officer",2022-01-03,S,42388.0,299.9,12712161.2,0.002206223906925773,1.890282200085555
NVDA,HUANG JEN HSUN,"Director,Officer",2022-01-03,S,5500.0,298.47,1641585.0000000002,0.002206223906925773,1.890282200085555
V,MCINERNEY RYAN,Officer,2022-01-03,S,11194.0,217.52,2434918.88,-0.001277160368808361,1.0829358293855549
V,Taneja Rajat,Officer,2022-01-03,S,7109.0,220.0,1563980.0,-0.001277160368808361,1.0829358293855549
V,KELLY ALFRED F JR,"Director,Officer",2021-12-31,S,9000.0,216.81,1951290.0,-0.0013160934281876958,1.0751776872806165
META,Newstead Jennifer,Officer,2022-06-28,S,342.0,169.9,58105.8,-0.0016398203477737809,1.840188152599297
V,KELLY ALFRED F JR,"Director,Officer",2022-06-30,S,9000.0,195.37,1758330.0,-0.0002234614153200672,1.105793560719842
TSLA,Baglino Andrew D,Officer,2022-06-27,S,3500.0,748.11,2618385.0,0.001534769494580649,1.8255274151627563
UNH,McSweeney Erin,Officer,2022-06-23,S,1273.0,499.0,635227.0,0.001207723424122905,0.6933237951605703
META,Newstead Jennifer,Officer,2022-06-21,S,342.0,166.11,56809.62,-0.0016451732922654204,1.8655724083927963
META,Newstead Jennifer,Officer,2022-06-14,S,342.0,165.89,56734.38,-0.0014960160139296493,1.85496202225959
NVDA,STEVENS MARK A,Director,2022-06-13,S,57250.0,157.07,8992257.5,0.0009274042687893146,2.37318956532321
NVDA,STEVENS MARK A,Director,2022-06-13,S,56600.0,159.0,8999400.0,0.0009274042687893146,2.37318956532321
NVDA,STEVENS MARK A,Director,2022-06-14,S,113800.0,158.1,17991780.0,0.001043808594302738,2.384957008475922
JNJ,Wengel Kathryn E,Officer,2022-06-10,S,33126.0,173.0,5730798.0,0.000578813397638747,0.29082515920801666
JNJ,Wengel Kathryn E,Officer,2022-06-10,S,6600.0,173.0,1141800.0,0.000578813397638747,0.29082515920801666
JNJ,Wengel Kathryn E,Officer,2022-06-10,S,174.0,173.0,30102.0,0.000578813397638747,0.29082515920801666
JNJ,Wengel Kathryn E,Officer,2022-06-10,S,100.0,173.0,17300.0,0.000578813397638747,0.29082515920801666
META,Newstead Jennifer,Officer,2022-06-07,S,342.0,191.93,65640.06,-0.0023772647496854257,1.8004073315339706
NVDA,Shoquist Debora,Officer,2022-06-08,S,3632.0,190.92,693421.44,0.0009393251708450039,2.3986682840757405
NVDA,Shoquist Debora,Officer,2022-06-08,S,3100.0,189.98,588938.0,0.0009393251708450039,2.3986682840757405
NVDA,Shoquist Debora,Officer,2022-06-08,S,4101.0,188.97,774965.97,0.0009393251708450039,2.3986682840757405
NVDA,Shoquist Debora,Officer,2022-06-08,S,2309.0,187.91,433884.19,0.0009393251708450039,2.3986682840757405
NVDA,Shoquist Debora,Officer,2022-06-08,S,5943.0,186.81,1110211.83,0.0009393251708450039,2.3986682840757405
NVDA,Shoquist Debora,Officer,2022-06-08,S,4459.0,186.14,829998.2599999999,0.0009393251708450039,2.3986682840757405
NVDA,Shoquist Debora,Officer,2022-06-08,S,100.0,191.63,19163.0,0.0009393251708450039,2.3986682840757405
TSLA,Baglino Andrew D,Officer,2022-06-06,S,433.0,718.31,311028.23,0.0027292383139204597,1.733202959792305
TSLA,Kirkhorn Zachary,Officer,2022-06-06,S,2538.5,718.31,1823429.935,0.0027292383139204597,1.733202959792305
TSLA,Taneja Vaibhav,Officer,2022-06-06,S,1518.5,718.31,1090753.735,0.0027292383139204597,1.733202959792305
VZ,Silliman Craig L.,Officer,2022-06-03,S,1558.0,50.94,79364.51999999999,3.91991433133642e-05,0.169642947251842
TSLA,DENHOLM ROBYN M,Director,2022-06-01,S,1248.0,766.63,956754.24,0.002628829575392091,1.836619576634599
TSLA,DENHOLM ROBYN M,Director,2022-06-01,S,100.0,769.8,76980.0,0.002628829575392091,1.836619576634599
TSLA,DENHOLM ROBYN M,Director,2022-06-01,S,1044.0,771.4,805341.6,0.002628829575392091,1.836619576634599
TSLA,DENHOLM ROBYN M,Director,2022-06-01,S,323.0,739.98,239013.54,0.002628829575392091,1.836619576634599
TSLA,DENHOLM ROBYN M,Director,2022-06-01,S,200.0,741.43,148286.0,0.002628829575392091,1.836619576634599
TSLA,DENHOLM ROBYN M,Director,2022-06-01,S,400.0,743.33,297332.0,0.002628829575392091,1.836619576634599
TSLA,DENHOLM ROBYN M,Director,2022-06-01,S,694.0,744.76,516863.44,0.002628829575392091,1.836619576634599
TSLA,DENHOLM ROBYN M,Director,2022-06-01,S,200.0,745.98,149196.0,0.002628829575392091,1.836619576634599
TSLA,DENHOLM ROBYN M,Director,2022-06-01,S,800.0,747.03,597624.0,0.002628829575392091,1.836619576634599
TSLA,DENHOLM ROBYN M,Director,2022-06-01,S,1000.0,748.52,748520.0,0.002628829575392091,1.836619576634599
TSLA,DENHOLM ROBYN M,Director,2022-06-01,S,200.0,749.16,149832.0,0.002628829575392091,1.836619576634599
TSLA,DENHOLM ROBYN M,Director,2022-06-01,S,400.0,751.08,300432.0,0.002628829575392091,1.836619576634599
TSLA,DENHOLM ROBYN M,Director,2022-06-01,S,400.0,751.92,300768.0,0.002628829575392091,1.836619576634599
TSLA,DENHOLM ROBYN M,Director,2022-06-01,S,423.0,753.36,318671.28,0.002628829575392091,1.836619576634599
TSLA,DENHOLM ROBYN M,Director,2022-06-01,S,10868.0,755.12,8206644.16,0.002628829575392091,1.836619576634599
TSLA,DENHOLM ROBYN M,Director,2022-06-01,S,400.0,755.85,302340.0,0.002628829575392091,1.836619576634599
TSLA,DENHOLM ROBYN M,Director,2022-06-01,S,200.0,757.08,151416.0,0.002628829575392091,1.836619576634599
TSLA,DENHOLM ROBYN M,Director,2022-06-01,S,200.0,758.26,151652.0,0.002628829575392091,1.836619576634599
TSLA,DENHOLM ROBYN M,Director,2022-06-01,S,300.0,760.96,228288.0,0.002628829575392091,1.836619576634599
TSLA,DENHOLM ROBYN M,Director,2022-06-01,S,800.0,762.48,609984.0,0.002628829575392091,1.836619576634599
TSLA,DENHOLM ROBYN M,Director,2022-06-01,S,500.0,763.22,381610.0,0.002628829575392091,1.836619576634599
TSLA,DENHOLM ROBYN M,Director,2022-06-01,S,900.0,764.59,688131.0,0.002628829575392091,1.836619576634599
TSLA,DENHOLM ROBYN M,Director,2022-06-01,S,1600.0,765.66,1225056.0,0.002628829575392091,1.836619576634599
TSLA,DENHOLM ROBYN M,Director,2022-06-01,S,1200.0,767.77,921324.0,0.002628829575392091,1.836619576634599
TSLA,DENHOLM ROBYN M,Director,2022-06-01,S,600.0,768.74,461244.0,0.002628829575392091,1.836619576634599
TSLA,Baglino Andrew D,Officer,2022-05-27,S,3500.0,722.1,2527350.0,0.0022015710545156097,1.850476611843571
NVDA,Dabiri John,Director,2022-05-27,S,2200.0,185.59,408298.0,0.0011435797658495208,2.453331987022987
NVDA,STEVENS MARK A,Director,2022-05-27,S,3279.0,186.02,609959.5800000001,0.0011435797658495208,2.453331987022987
NVDA,STEVENS MARK A,Director,2022-05-27,S,274721.0,185.19,50875581.99,0.0011435797658495208,2.453331987022987
JNJ,Decker Robert J,Officer,2022-05-26,S,8462.0,180.0,1523160.0,0.0003480393546147396,0.26365244632977086
V,KELLY ALFRED F JR,"Director,Officer",2022-05-31,S,9000.0,210.38,1893420.0,-0.0004284335658630944,1.0940010124066257
UNH,MCNABB FREDERICK WILLIAM III,Director,2022-05-26,P,89.0,504.32,44884.48,0.0011413528872464842,0.6765934743982693
HD,Campbell Ann Marie,Officer,2022-05-24,S,1226.0,289.01,354326.26,-0.0001802437076588376,0.8445983540793419
HD,Campbell Ann Marie,Officer,2022-05-24,S,4778.0,288.46,1378261.88,-0.0001802437076588376,0.8445983540793419
HD,Campbell Ann Marie,Officer,2022-05-24,S,5289.0,287.41,1520111.4900000002,-0.0001802437076588376,0.8445983540793419
VZ,Silliman Craig L.,Officer,2022-05-23,S,1558.0,50.0,77900.0,-5.437042307386161e-05,0.17933501117292372
AMZN,Clark David H,Officer,2022-05-23,S,2270.0,2169.22,4924129.399999999,-0.0005083987330169404,1.3294053971300457
AMZN,Olsavsky Brian T,Officer,2022-05-23,S,761.0,2169.22,1650776.42,-0.0005083987330169404,1.3294053971300457
AMZN,Zapolsky David,Officer,2022-05-23,S,418.0,2169.22,906733.96,-0.0005083987330169404,1.3294053971300457
AMZN,Reynolds Shelley,Officer,2022-05-23,S,173.0,2169.22,375275.06,-0.0005083987330169404,1.3294053971300457
HD,Seidman Becker Caryn,Director,2022-05-23,P,1500.0,287.73,431595.0,-0.00017989198792584075,0.8449059518772258
UNH,BURKE RICHARD T,Director,2022-05-19,S,2500.0,478.96,1197400.0,0.0010432190146978236,0.6683929971075566
HD,Padilla Hector A,Officer,2022-05-19,S,136.0,289.23,39335.28,-0.00037671276700867014,0.8411499250117563
UNH,BURKE RICHARD T,Director,2022-05-16,S,2500.0,493.25,1233125.0,0.0008108541301502588,0.6984544215340478
UNH,BURKE RICHARD T,Director,2022-05-17,S,2500.0,493.5,1233750.0,0.0007653674656321799,0.693997713469562
AMZN,Jassy Andrew R,"Director,Officer",2022-05-16,S,1181.0,2262.0,2671422.0,-0.00036824158457851423,1.3016601272952184
AMZN,Selipsky Adam,Officer,2022-05-16,S,590.0,2262.0,1334580.0,-0.00036824158457851423,1.3016601272952184
MA,Mastercard Foundation,TenPercentOwner,2022-05-13,S,106330.0,333.03,35411079.9,-0.00040719591198739886,1.2521650023568298
MA,Mastercard Foundation,TenPercentOwner,2022-05-12,S,106326.0,320.16,34041332.160000004,-0.00043088288061700325,1.257211826588429
MA,Mastercard Foundation,TenPercentOwner,2022-05-10,S,106326.0,326.59,34725008.34,-0.0005963679995020377,1.2271107786034943
MA,Mastercard Foundation,TenPercentOwner,2022-05-09,S,106326.0,329.93,35080137.18,-0.0005939574483426679,1.2315776262849238
MA,Mastercard Foundation,TenPercentOwner,2022-05-11,S,106326.0,327.74,34847283.24,-0.0004329407941693337,1.2497613475790328
PYPL,Alford Peggy,Officer,2022-05-06,S,14767.0,85.32,1259920.44,-0.0034938939443197336,1.5193927408208727
PYPL,Britto Mark,Officer,2022-05-06,P,7370.0,81.04,597264.8,-0.0034938939443197336,1.5193927408208727
AAPL,Adams Katherine L.,Officer,2022-05-04,S,9136.0,159.94,1461211.84,0.0008789619065614229,1.2416620965194314
AAPL,Adams Katherine L.,Officer,2022-05-04,S,5316.0,160.82,854919.12,0.0008789619065614229,1.2416620965194314
AAPL,Adams Katherine L.,Officer,2022-05-04,S,4006.0,161.93,648691.5800000001,0.0008789619065614229,1.2416620965194314
AAPL,Adams Katherine L.,Officer,2022-05-04,S,2292.0,165.95,380357.4,0.0008789619065614229,1.2416620965194314
AAPL,Adams Katherine L.,Officer,2022-05-04,S,1550.0,163.94,254107.0,0.0008789619065614229,1.2416620965194314
AAPL,Adams Katherine L.,Officer,2022-05-04,S,1800.0,165.06,297108.0,0.0008789619065614229,1.2416620965194314
AAPL,Adams Katherine L.,Officer,2022-05-04,S,900.0,162.77,146493.0,0.0008789619065614229,1.2416620965194314
PYPL,LORES ENRIQUE,Director,2022-05-04,P,1100.0,88.13,96943.0,-0.003543724502995151,1.5296209915597438
TSLA,Baglino Andrew D,Officer,2022-05-02,S,5000.0,875.23,4376150.0,0.001264434537922947,1.7854726271112185
TSLA,DENHOLM ROBYN M,Director,2022-05-02,S,121.0,887.99,107446.79,0.001264434537922947,1.7854726271112185
TSLA,DENHOLM ROBYN M,Director,2022-05-02,S,200.0,858.41,171682.0,0.001264434537922947,1.7854726271112185
TSLA,DENHOLM ROBYN M,Director,2022-05-02,S,700.0,856.53,599571.0,0.001264434537922947,1.7854726271112185
TSLA,DENHOLM ROBYN M,Director,2022-05-02,S,5300.0,861.62,4566586.0,0.001264434537922947,1.7854726271112185
TSLA,DENHOLM ROBYN M,Director,2022-05-02,S,300.0,862.72,258816.0,0.001264434537922947,1.7854726271112185
TSLA,DENHOLM ROBYN M,Director,2022-05-02,S,400.0,864.55,345820.0,0.001264434537922947,1.7854726271112185
TSLA,DENHOLM ROBYN M,Director,2022-05-02,S,400.0,866.12,346448.0,0.001264434537922947,1.7854726271112185
TSLA,DENHOLM ROBYN M,Director,2022-05-02,S,600.0,867.36,520416.0,0.001264434537922947,1.7854726271112185
TSLA,DENHOLM ROBYN M,Director,2022-05-02,S,600.0,868.58,521148.0,0.001264434537922947,1.7854726271112185
TSLA,DENHOLM ROBYN M,Director,2022-05-02,S,1900.0,869.74,1652506.0,0.001264434537922947,1.7854726271112185
TSLA,DENHOLM ROBYN M,Director,2022-05-02,S,1000.0,870.61,870610.0,0.001264434537922947,1.7854726271112185
TSLA,DENHOLM ROBYN M,Director,2022-05-02,S,1100.0,871.76,958936.0,0.001264434537922947,1.7854726271112185
TSLA,DENHOLM ROBYN M,Director,2022-05-02,S,500.0,851.86,425930.0,0.001264434537922947,1.7854726271112185
TSLA,DENHOLM ROBYN M,Director,2022-05-02,S,300.0,850.35,255105.0,0.001264434537922947,1.7854726271112185
TSLA,DENHOLM ROBYN M,Director,2022-05-02,S,500.0,854.38,427190.0,0.001264434537922947,1.7854726271112185
TSLA,DENHOLM ROBYN M,Director,2022-05-02,S,100.0,852.66,85266.0,0.001264434537922947,1.7854726271112185
TSLA,DENHOLM ROBYN M,Director,2022-05-02,S,700.0,872.8,610960.0,0.001264434537922947,1.7854726271112185
TSLA,DENHOLM ROBYN M,Director,2022-05-02,S,1079.0,873.92,942959.68,0.001264434537922947,1.7854726271112185
TSLA,DENHOLM ROBYN M,Director,2022-05-02,S,1000.0,874.66,874660.0,0.001264434537922947,1.7854726271112185
TSLA,DENHOLM ROBYN M,Director,2022-05-02,S,1700.0,876.12,1489404.0,0.001264434537922947,1.7854726271112185
TSLA,DENHOLM ROBYN M,Director,2022-05-02,S,1300.0,877.24,1140412.0,0.001264434537922947,1.7854726271112185
TSLA,DENHOLM ROBYN M,Director,2022-05-02,S,800.0,878.21,702568.0,0.001264434537922947,1.7854726271112185
TSLA,DENHOLM ROBYN M,Director,2022-05-02,S,1200.0,879.4,1055280.0,0.001264434537922947,1.7854726271112185
TSLA,DENHOLM ROBYN M,Director,2022-05-02,S,900.0,879.99,791991.0,0.001264434537922947,1.7854726271112185
TSLA,DENHOLM ROBYN M,Director,2022-05-02,S,500.0,881.47,440735.0,0.001264434537922947,1.7854726271112185
TSLA,DENHOLM ROBYN M,Director,2022-05-02,S,800.0,882.86,706288.0,0.001264434537922947,1.7854726271112185
TSLA,DENHOLM ROBYN M,Director,2022-05-02,S,200.0,883.72,176744.0,0.001264434537922947,1.7854726271112185
TSLA,DENHOLM ROBYN M,Director,2022-05-02,S,100.0,885.91,88591.0,0.001264434537922947,1.7854726271112185
TSLA,DENHOLM ROBYN M,Director,2022-05-02,S,400.0,857.29,342916.0,0.001264434537922947,1.7854726271112185
TSLA,DENHOLM ROBYN M,Director,2022-05-02,S,200.0,859.98,171996.0,0.001264434537922947,1.7854726271112185
MA,Seshadri Raj,Officer,2022-04-29,S,400.0,370.83,148332.0,-0.000550922274518122,1.2284235969153539
MA,Seshadri Raj,Officer,2022-04-29,S,333.0,363.18,120938.94,-0.000550922274518122,1.2284235969153539
MA,Seshadri Raj,Officer,2022-04-29,S,900.0,365.53,328977.0,-0.000550922274518122,1.2284235969153539
MA,Seshadri Raj,Officer,2022-04-29,S,1708.0,366.38,625777.04,-0.000550922274518122,1.2284235969153539
MA,Seshadri Raj,Officer,2022-04-29,S,400.0,367.37,146948.0,-0.000550922274518122,1.2284235969153539
MA,Seshadri Raj,Officer,2022-04-29,S,1559.0,368.54,574553.86,-0.000550922274518122,1.2284235969153539
MA,Seshadri Raj,Officer,2022-04-29,S,700.0,369.6,258720.00000000003,-0.000550922274518122,1.2284235969153539
MA,Seshadri Raj,Officer,2022-04-29,S,400.0,373.67,149468.0,-0.000550922274518122,1.2284235969153539
MA,Seshadri Raj,Officer,2022-04-29,S,200.0,376.14,75228.0,-0.000550922274518122,1.2284235969153539
MA,Seshadri Raj,Officer,2022-04-29,S,400.0,362.11,144844.0,-0.000550922274518122,1.2284235969153539
MA,Murphy Timothy H,Officer,2022-04-29,S,400.0,371.18,148472.0,-0.000550922274518122,1.2284235969153539
MA,Murphy Timothy H,Officer,2022-04-29,S,700.0,370.39,259273.0,-0.000550922274518122,1.2284235969153539
MA,Murphy Timothy H,Officer,2022-04-29,S,1800.0,369.22,664596.0,-0.000550922274518122,1.2284235969153539
MA,Murphy Timothy H,Officer,2022-04-29,S,2440.0,368.39,898871.6,-0.000550922274518122,1.2284235969153539
MA,Murphy Timothy H,Officer,2022-04-29,S,1600.0,367.13,587408.0,-0.000550922274518122,1.2284235969153539
MA,Murphy Timothy H,Officer,2022-04-29,S,2950.0,366.16,1080172.0,-0.000550922274518122,1.2284235969153539
MA,Murphy Timothy H,Officer,2022-04-29,S,3479.0,365.5,1271574.5,-0.000550922274518122,1.2284235969153539
MA,Murphy Timothy H,Officer,2022-04-29,S,200.0,376.47,75294.0,-0.000550922274518122,1.2284235969153539
MA,Murphy Timothy H,Officer,2022-04-29,S,258.0,374.46,96610.68,-0.000550922274518122,1.2284235969153539
MA,Murphy Timothy H,Officer,2022-04-29,S,542.0,373.39,202377.38,-0.000550922274518122,1.2284235969153539
MA,Murphy Timothy H,Officer,2022-04-29,S,555.0,372.38,206670.9,-0.000550922274518122,1.2284235969153539
ADBE,Lewnes Ann,Officer,2022-05-02,S,793.0,400.0,317200.0,-0.0006628295256751237,1.492020197793825
V,KELLY ALFRED F JR,"Director,Officer",2022-04-29,S,9000.0,218.62,1967580.0,-0.0005162546128408791,1.083826282927395
TSLA,Baglino Andrew D,Officer,2022-04-27,S,3500.0,899.42,3147970.0,0.0011591775480646333,1.7339916776197235
PG,Moeller Jon R,"Director,Officer",2022-04-27,S,81.0,159.3,12903.3,0.0006693977721448708,0.3376982078550799
TSLA,Musk Elon,"Director,Officer,TenPercentOwner",2022-04-28,S,1900.0,897.7,1705630.0,0.0009195265644816717,1.764473753105567
TSLA,Musk Elon,"Director,Officer,TenPercentOwner",2022-04-28,S,210.0,898.5,188685.0,0.0009195265644816717,1.764473753105567
TSLA,Musk Elon,"Director,Officer,TenPercentOwner",2022-04-28,S,10297.0,901.19,9279553.43,0.0009195265644816717,1.764473753105567
TSLA,Musk Elon,"Director,Officer,TenPercentOwner",2022-04-28,S,9968.0,902.85,8999608.8,0.0009195265644816717,1.764473753105567
TSLA,Musk Elon,"Director,Officer,TenPercentOwner",2022-04-28,S,37662.0,896.01,33745528.62,0.0009195265644816717,1.764473753105567
TSLA,Musk Elon,"Director,Officer,TenPercentOwner",2022-04-28,S,7064.0,894.58,6319313.12,0.0009195265644816717,1.764473753105567
TSLA,Musk Elon,"Director,Officer,TenPercentOwner",2022-04-28,S,15276.0,893.65,13651397.4,0.0009195265644816717,1.764473753105567
TSLA,Musk Elon,"Director,Officer,TenPercentOwner",2022-04-28,S,11093.0,892.73,9903053.89,0.0009195265644816717,1.764473753105567
TSLA,Musk Elon,"Director,Officer,TenPercentOwner",2022-04-28,S,12007.0,891.65,10706041.55,0.0009195265644816717,1.764473753105567
TSLA,Musk Elon,"Director,Officer,TenPercentOwner",2022-04-28,S,12375.0,890.51,11020061.25,0.0009195265644816717,1.764473753105567
TSLA,Musk Elon,"Director,Officer,TenPercentOwner",2022-04-28,S,143725.0,889.5,127843387.5,0.0009195265644816717,1.764473753105567
TSLA,Musk Elon,"Director,Officer,TenPercentOwner",2022-04-28,S,186262.0,888.62,165516138.44,0.0009195265644816717,1.764473753105567
TSLA,Musk Elon,"Director,Officer,TenPercentOwner",2022-04-28,S,147637.0,887.68,131054412.16,0.0009195265644816717,1.764473753105567
TSLA,Musk Elon,"Director,Officer,TenPercentOwner",2022-04-28,S,77933.0,886.64,69098515.12,0.0009195265644816717,1.764473753105567
TSLA,Musk Elon,"Director,Officer,TenPercentOwner",2022-04-28,S,250083.0,884.59,221220920.97,0.0009195265644816717,1.764473753105567
TSLA,Musk Elon,"Director,Officer,TenPercentOwner",2022-04-28,S,118307.0,885.56,104767946.92,0.0009195265644816717,1.764473753105567
TSLA,Musk Elon,"Director,Officer,TenPercentOwner",2022-04-28,S,86948.0,870.66,75702145.67999999,0.0009195265644816717,1.764473753105567
TSLA,Musk Elon,"Director,Officer,TenPercentOwner",2022-04-28,S,138307.0,871.66,120556679.62,0.0009195265644816717,1.764473753105567
TSLA,Musk Elon,"Director,Officer,TenPercentOwner",2022-04-28,S,67608.0,872.66,58998797.28,0.0009195265644816717,1.764473753105567
TSLA,Musk Elon,"Director,Officer,TenPercentOwner",2022-04-28,S,94676.0,873.46,82695698.96000001,0.0009195265644816717,1.764473753105567
TSLA,Musk Elon,"Director,Officer,TenPercentOwner",2022-04-28,S,122379.0,874.68,107042463.72,0.0009195265644816717,1.764473753105567
TSLA,Musk Elon,"Director,Officer,TenPercentOwner",2022-04-28,S,113132.0,875.53,99050459.96,0.0009195265644816717,1.764473753105567
TSLA,Musk Elon,"Director,Officer,TenPercentOwner",2022-04-28,S,89876.0,876.77,78800580.52,0.0009195265644816717,1.764473753105567
TSLA,Musk Elon,"Director,Officer,TenPercentOwner",2022-04-28,S,248566.0,877.57,218134064.62,0.0009195265644816717,1.764473753105567
TSLA,Musk Elon,"Director,Officer,TenPercentOwner",2022-04-28,S,164935.0,878.7,144928384.5,0.0009195265644816717,1.764473753105567
TSLA,Musk Elon,"Director,Officer,TenPercentOwner",2022-04-28,S,177870.0,879.65,156463345.5,0.0009195265644816717,1.764473753105567
TSLA,Musk Elon,"Director,Officer,TenPercentOwner",2022-04-28,S,151545.0,880.55,133442949.75,0.0009195265644816717,1.764473753105567
TSLA,Musk Elon,"Director,Officer,TenPercentOwner",2022-04-28,S,39740.0,881.78,35041937.2,0.0009195265644816717,1.764473753105567
TSLA,Musk Elon,"Director,Officer,TenPercentOwner",2022-04-28,S,58267.0,882.64,51428784.88,0.0009195265644816717,1.764473753105567
TSLA,Musk Elon,"Director,Officer,TenPercentOwner",2022-04-28,S,117575.0,883.73,103904554.75,0.0009195265644816717,1.764473753105567
TSLA,Musk Elon,"Director,Officer,TenPercentOwner",2022-04-28,S,28526.0,854.43,24373470.18,0.0009195265644816717,1.764473753105567
TSLA,Musk Elon,"Director,Officer,TenPercentOwner",2022-04-28,S,33099.0,855.4,28312884.6,0.0009195265644816717,1.764473753105567
TSLA,Musk Elon,"Director,Officer,TenPercentOwner",2022-04-28,S,30108.0,856.55,25789007.4,0.0009195265644816717,1.764473753105567
TSLA,Musk Elon,"Director,Officer,TenPercentOwner",2022-04-28,S,22394.0,857.59,19204870.46,0.0009195265644816717,1.764473753105567
TSLA,Musk Elon,"Director,Officer,TenPercentOwner",2022-04-28,S,12071.0,858.32,10360780.72,0.0009195265644816717,1.764473753105567
TSLA,Musk Elon,"Director,Officer,TenPercentOwner",2022-04-28,S,21545.0,859.32,18514049.4,0.0009195265644816717,1.764473753105567
TSLA,Musk Elon,"Director,Officer,TenPercentOwner",2022-04-28,S,26591.0,860.52,22882087.32,0.0009195265644816717,1.764473753105567
TSLA,Musk Elon,"Director,Officer,TenPercentOwner",2022-04-28,S,15288.0,861.54,13171223.52,0.0009195265644816717,1.764473753105567
TSLA,Musk Elon,"Director,Officer,TenPercentOwner",2022-04-28,S,71936.0,862.76,62063503.36,0.0009195265644816717,1.764473753105567
TSLA,Musk Elon,"Director,Officer,TenPercentOwner",2022-04-28,S,89721.0,863.71,77492924.91,0.0009195265644816717,1.764473753105567
TSLA,Musk Elon,"Director,Officer,TenPercentOwner",2022-04-28,S,78508.0,864.65,67881942.2,0.0009195265644816717,1.764473753105567
TSLA,Musk Elon,"Director,Officer,TenPercentOwner",2022-04-28,S,106551.0,865.53,92223087.03,0.0009195265644816717,1.764473753105567
TSLA,Musk Elon,"Director,Officer,TenPercentOwner",2022-04-28,S,129897.0,866.74,112586925.78,0.0009195265644816717,1.764473753105567
TSLA,Musk Elon,"Director,Officer,TenPercentOwner",2022-04-28,S,57037.0,867.56,49483019.72,0.0009195265644816717,1.764473753105567
TSLA,Musk Elon,"Director,Officer,TenPercentOwner",2022-04-28,S,134815.0,868.69,117112442.35,0.0009195265644816717,1.764473753105567
TSLA,Musk Elon,"Director,Officer,TenPercentOwner",2022-04-28,S,81706.0,869.61,71052354.66,0.0009195265644816717,1.764473753105567
TSLA,Musk Elon,"Director,Officer,TenPercentOwner",2022-04-28,S,36034.0,853.32,30748532.880000003,0.0009195265644816717,1.764473753105567
TSLA,Musk Elon,"Director,Officer,TenPercentOwner",2022-04-28,S,32643.0,851.12,27783110.16,0.0009195265644816717,1.764473753105567
TSLA,Musk Elon,"Director,Officer,TenPercentOwner",2022-04-28,S,10119.0,826.21,8360418.99,0.0009195265644816717,1.764473753105567
TSLA,Musk Elon,"Director,Officer,TenPercentOwner",2022-04-28,S,32220.0,827.08,26648517.6,0.0009195265644816717,1.764473753105567
TSLA,Musk Elon,"Director,Officer,TenPercentOwner",2022-04-28,S,29434.0,827.98,24370763.32,0.0009195265644816717,1.764473753105567
TSLA,Musk Elon,"Director,Officer,TenPercentOwner",2022-04-28,S,73917.0,829.19,61291237.23,0.0009195265644816717,1.764473753105567
TSLA,Musk Elon,"Director,Officer,TenPercentOwner",2022-04-28,S,46108.0,830.07,38272867.56,0.0009195265644816717,1.764473753105567
TSLA,Musk Elon,"Director,Officer,TenPercentOwner",2022-04-28,S,66317.0,831.18,55121364.06,0.0009195265644816717,1.764473753105567
TSLA,Musk Elon,"Director,Officer,TenPercentOwner",2022-04-28,S,70103.0,832.12,58334108.36,0.0009195265644816717,1.764473753105567
TSLA,Musk Elon,"Director,Officer,TenPercentOwner",2022-04-28,S,62736.0,833.06,52262852.16,0.0009195265644816717,1.764473753105567
TSLA,Musk Elon,"Director,Officer,TenPercentOwner",2022-04-28,S,39233.0,834.23,32729345.59,0.0009195265644816717,1.764473753105567
TSLA,Musk Elon,"Director,Officer,TenPercentOwner",2022-04-28,S,56907.0,835.28,47533278.96,0.0009195265644816717,1.764473753105567
TSLA,Musk Elon,"Director,Officer,TenPercentOwner",2022-04-28,S,65403.0,836.2,54689988.6,0.0009195265644816717,1.764473753105567
TSLA,Musk Elon,"Director,Officer,TenPercentOwner",2022-04-28,S,50381.0,837.32,42185018.92,0.0009195265644816717,1.764473753105567
TSLA,Musk Elon,"Director,Officer,TenPercentOwner",2022-04-28,S,71592.0,838.23,60010562.16,0.0009195265644816717,1.764473753105567
TSLA,Musk Elon,"Director,Officer,TenPercentOwner",2022-04-28,S,103160.0,839.36,86588377.6,0.0009195265644816717,1.764473753105567
TSLA,Musk Elon,"Director,Officer,TenPercentOwner",2022-04-28,S,84942.0,840.31,71377612.02,0.0009195265644816717,1.764473753105567
TSLA,Musk Elon,"Director,Officer,TenPercentOwner",2022-04-28,S,59031.0,841.22,49658057.82,0.0009195265644816717,1.764473753105567
TSLA,Musk Elon,"Director,Officer,TenPercentOwner",2022-04-28,S,43773.0,842.27,36868684.71,0.0009195265644816717,1.764473753105567
TSLA,Musk Elon,"Director,Officer,TenPercentOwner",2022-04-28,S,56575.0,843.27,47708000.25,0.0009195265644816717,1.764473753105567
TSLA,Musk Elon,"Director,Officer,TenPercentOwner",2022-04-28,S,56543.0,844.32,47740385.760000005,0.0009195265644816717,1.764473753105567
TSLA,Musk Elon,"Director,Officer,TenPercentOwner",2022-04-28,S,80962.0,845.38,68443655.56,0.0009195265644816717,1.764473753105567
TSLA,Musk Elon,"Director,Officer,TenPercentOwner",2022-04-28,S,67319.0,846.34,56974762.46,0.0009195265644816717,1.764473753105567
TSLA,Musk Elon,"Director,Officer,TenPercentOwner",2022-04-28,S,10803.0,822.68,8887412.04,0.0009195265644816717,1.764473753105567
TSLA,Musk Elon,"Director,Officer,TenPercentOwner",2022-04-28,S,8653.0,824.43,7133792.789999999,0.0009195265644816717,1.764473753105567
TSLA,Musk Elon,"Director,Officer,TenPercentOwner",2022-04-28,S,61329.0,847.32,51965288.28,0.0009195265644816717,1.764473753105567
TSLA,Musk Elon,"Director,Officer,TenPercentOwner",2022-04-28,S,29034.0,848.3,24629542.2,0.0009195265644816717,1.764473753105567
TSLA,Musk Elon,"Director,Officer,TenPercentOwner",2022-04-28,S,60495.0,849.38,51383243.1,0.0009195265644816717,1.764473753105567
TSLA,Musk Elon,"Director,Officer,TenPercentOwner",2022-04-28,S,64253.0,850.35,54637538.55,0.0009195265644816717,1.764473753105567
TSLA,Musk Elon,"Director,Officer,TenPercentOwner",2022-04-28,S,46965.0,852.44,40034844.6,0.0009195265644816717,1.764473753105567
TSLA,Musk Elon,"Director,Officer,TenPercentOwner",2022-04-27,S,4600.0,888.24,4085904.0,0.0011591775480646333,1.7339916776197235
TSLA,Musk Elon,"Director,Officer,TenPercentOwner",2022-04-27,S,4685.0,906.76,4248170.6,0.0011591775480646333,1.7339916776197235
TSLA,Musk Elon,"Director,Officer,TenPercentOwner",2022-04-27,S,13724.0,890.8,12225339.2,0.0011591775480646333,1.7339916776197235
TSLA,Musk Elon,"Director,Officer,TenPercentOwner",2022-04-27,S,16264.0,891.92,14506186.88,0.0011591775480646333,1.7339916776197235
TSLA,Musk Elon,"Director,Officer,TenPercentOwner",2022-04-27,S,13843.0,892.75,12358338.25,0.0011591775480646333,1.7339916776197235
TSLA,Musk Elon,"Director,Officer,TenPercentOwner",2022-04-27,S,7378.0,894.02,6596079.56,0.0011591775480646333,1.7339916776197235
TSLA,Musk Elon,"Director,Officer,TenPercentOwner",2022-04-27,S,20087.0,895.2,17981882.400000002,0.0011591775480646333,1.7339916776197235
TSLA,Musk Elon,"Director,Officer,TenPercentOwner",2022-04-27,S,25951.0,895.97,23251317.470000003,0.0011591775480646333,1.7339916776197235
TSLA,Musk Elon,"Director,Officer,TenPercentOwner",2022-04-27,S,28038.0,897.21,25155973.98,0.0011591775480646333,1.7339916776197235
TSLA,Musk Elon,"Director,Officer,TenPercentOwner",2022-04-27,S,29765.0,898.16,26733732.4,0.0011591775480646333,1.7339916776197235
TSLA,Musk Elon,"Director,Officer,TenPercentOwner",2022-04-27,S,16532.0,899.3,14867227.6,0.0011591775480646333,1.7339916776197235
TSLA,Musk Elon,"Director,Officer,TenPercentOwner",2022-04-27,S,39978.0,900.28,35991393.84,0.0011591775480646333,1.7339916776197235
TSLA,Musk Elon,"Director,Officer,TenPercentOwner",2022-04-27,S,59072.0,901.16,53233323.52,0.0011591775480646333,1.7339916776197235
TSLA,Musk Elon,"Director,Officer,TenPercentOwner",2022-04-27,S,22110.0,902.19,19947420.9,0.0011591775480646333,1.7339916776197235
TSLA,Musk Elon,"Director,Officer,TenPercentOwner",2022-04-27,S,25134.0,903.16,22700023.44,0.0011591775480646333,1.7339916776197235
TSLA,Musk Elon,"Director,Officer,TenPercentOwner",2022-04-27,S,3303.0,904.23,2986671.69,0.0011591775480646333,1.7339916776197235
TSLA,Musk Elon,"Director,Officer,TenPercentOwner",2022-04-27,S,934.0,905.28,845531.52,0.0011591775480646333,1.7339916776197235
TSLA,Musk Elon,"Director,Officer,TenPercentOwner",2022-04-27,S,14203.0,889.66,12635840.98,0.0011591775480646333,1.7339916776197235
TSLA,Musk Elon,"Director,Officer,TenPercentOwner",2022-04-26,S,1140.0,973.54,1109835.6,0.0009517135543842402,1.7118034474193207
TSLA,Musk Elon,"Director,Officer,TenPercentOwner",2022-04-27,S,5306.0,887.3,4708013.8,0.0011591775480646333,1.7339916776197235
TSLA,Musk Elon,"Director,Officer,TenPercentOwner",2022-04-26,S,6467.0,977.54,6321751.18,0.0009517135543842402,1.7118034474193207
TSLA,Musk Elon,"Director,Officer,TenPercentOwner",2022-04-26,S,1817.0,978.08,1777171.36,0.0009517135543842402,1.7118034474193207
TSLA,Musk Elon,"Director,Officer,TenPercentOwner",2022-04-26,S,681.0,979.67,667155.27,0.0009517135543842402,1.7118034474193207
TSLA,Musk Elon,"Director,Officer,TenPercentOwner",2022-04-26,S,25472.0,982.08,25015541.76,0.0009517135543842402,1.7118034474193207
TSLA,Musk Elon,"Director,Officer,TenPercentOwner",2022-04-26,S,7182.0,983.07,7060408.74,0.0009517135543842402,1.7118034474193207
TSLA,Musk Elon,"Director,Officer,TenPercentOwner",2022-04-26,S,15650.0,984.53,15407894.5,0.0009517135543842402,1.7118034474193207
TSLA,Musk Elon,"Director,Officer,TenPercentOwner",2022-04-26,S,29962.0,985.57,29529648.34,0.0009517135543842402,1.7118034474193207
TSLA,Musk Elon,"Director,Officer,TenPercentOwner",2022-04-26,S,16304.0,986.43,16082754.72,0.0009517135543842402,1.7118034474193207
TSLA,Musk Elon,"Director,Officer,TenPercentOwner",2022-04-26,S,11051.0,987.54,10913304.54,0.0009517135543842402,1.7118034474193207
TSLA,Musk Elon,"Director,Officer,TenPercentOwner",2022-04-26,S,5416.0,988.61,5354311.76,0.0009517135543842402,1.7118034474193207
TSLA,Musk Elon,"Director,Officer,TenPercentOwner",2022-04-26,S,3631.0,989.56,3593092.36,0.0009517135543842402,1.7118034474193207
TSLA,Musk Elon,"Director,Officer,TenPercentOwner",2022-04-26,S,11024.0,991.37,10928862.88,0.0009517135543842402,1.7118034474193207
TSLA,Musk Elon,"Director,Officer,TenPercentOwner",2022-04-26,S,2800.0,992.67,2779476.0,0.0009517135543842402,1.7118034474193207
TSLA,Musk Elon,"Director,Officer,TenPercentOwner",2022-04-26,S,9700.0,993.7,9638890.0,0.0009517135543842402,1.7118034474193207
TSLA,Musk Elon,"Director,Officer,TenPercentOwner",2022-04-26,S,29616.0,995.35,29478285.6,0.0009517135543842402,1.7118034474193207
TSLA,Musk Elon,"Director,Officer,TenPercentOwner",2022-04-26,S,10237.0,996.36,10199737.32,0.0009517135543842402,1.7118034474193207
TSLA,Musk Elon,"Director,Officer,TenPercentOwner",2022-04-26,S,10789.0,998.14,10768932.46,0.0009517135543842402,1.7118034474193207
TSLA,Musk Elon,"Director,Officer,TenPercentOwner",2022-04-26,S,700.0,999.13,699391.0,0.0009517135543842402,1.7118034474193207
TSLA,Musk Elon,"Director,Officer,TenPercentOwner",2022-04-27,S,54570.0,878.13,47919554.1,0.0011591775480646333,1.7339916776197235
TSLA,Musk Elon,"Director,Officer,TenPercentOwner",2022-04-27,S,13457.0,879.11,11830183.27,0.0011591775480646333,1.7339916776197235
TSLA,Musk Elon,"Director,Officer,TenPercentOwner",2022-04-27,S,69632.0,880.34,61299834.88,0.0011591775480646333,1.7339916776197235
TSLA,Musk Elon,"Director,Officer,TenPercentOwner",2022-04-27,S,86324.0,881.41,76086836.84,0.0011591775480646333,1.7339916776197235
TSLA,Musk Elon,"Director,Officer,TenPercentOwner",2022-04-27,S,83937.0,882.17,74046703.28999999,0.0011591775480646333,1.7339916776197235
TSLA,Musk Elon,"Director,Officer,TenPercentOwner",2022-04-27,S,42320.0,883.07,37371522.4,0.0011591775480646333,1.7339916776197235
TSLA,Musk Elon,"Director,Officer,TenPercentOwner",2022-04-27,S,9850.0,884.21,8709468.5,0.0011591775480646333,1.7339916776197235
TSLA,Musk Elon,"Director,Officer,TenPercentOwner",2022-04-27,S,14707.0,885.38,13021283.66,0.0011591775480646333,1.7339916776197235
TSLA,Musk Elon,"Director,Officer,TenPercentOwner",2022-04-27,S,9296.0,886.39,8239881.439999999,0.0011591775480646333,1.7339916776197235
TSLA,Musk Elon,"Director,Officer,TenPercentOwner",2022-04-26,S,15889.0,976.45,15514814.05,0.0009517135543842402,1.7118034474193207
TSLA,Musk Elon,"Director,Officer,TenPercentOwner",2022-04-26,S,21274.0,946.0,20125204.0,0.0009517135543842402,1.7118034474193207
TSLA,Musk Elon,"Director,Officer,TenPercentOwner",2022-04-26,S,8476.0,946.97,8026517.720000001,0.0009517135543842402,1.7118034474193207
TSLA,Musk Elon,"Director,Officer,TenPercentOwner",2022-04-26,S,9681.0,948.08,9178362.48,0.0009517135543842402,1.7118034474193207
TSLA,Musk Elon,"Director,Officer,TenPercentOwner",2022-04-26,S,13330.0,949.1,12651503.0,0.0009517135543842402,1.7118034474193207
TSLA,Musk Elon,"Director,Officer,TenPercentOwner",2022-04-26,S,21085.0,950.16,20034123.6,0.0009517135543842402,1.7118034474193207
TSLA,Musk Elon,"Director,Officer,TenPercentOwner",2022-04-26,S,6180.0,951.0,5877180.0,0.0009517135543842402,1.7118034474193207
TSLA,Musk Elon,"Director,Officer,TenPercentOwner",2022-04-26,S,6336.0,955.82,6056075.5200000005,0.0009517135543842402,1.7118034474193207
TSLA,Musk Elon,"Director,Officer,TenPercentOwner",2022-04-26,S,8396.0,957.24,8036987.04,0.0009517135543842402,1.7118034474193207
TSLA,Musk Elon,"Director,Officer,TenPercentOwner",2022-04-26,S,1949.0,959.01,1869110.49,0.0009517135543842402,1.7118034474193207
TSLA,Musk Elon,"Director,Officer,TenPercentOwner",2022-04-26,S,604.0,960.71,580268.84,0.0009517135543842402,1.7118034474193207
TSLA,Musk Elon,"Director,Officer,TenPercentOwner",2022-04-26,S,6075.0,962.4,5846580.0,0.0009517135543842402,1.7118034474193207
TSLA,Musk Elon,"Director,Officer,TenPercentOwner",2022-04-26,S,10711.0,963.44,10319405.84,0.0009517135543842402,1.7118034474193207
TSLA,Musk Elon,"Director,Officer,TenPercentOwner",2022-04-26,S,6462.0,964.8,6234537.6,0.0009517135543842402,1.7118034474193207
TSLA,Musk Elon,"Director,Officer,TenPercentOwner",2022-04-26,S,12813.0,966.12,12378895.56,0.0009517135543842402,1.7118034474193207
TSLA,Musk Elon,"Director,Officer,TenPercentOwner",2022-04-26,S,28163.0,967.25,27240661.75,0.0009517135543842402,1.7118034474193207
TSLA,Musk Elon,"Director,Officer,TenPercentOwner",2022-04-26,S,34967.0,968.33,33859595.11,0.0009517135543842402,1.7118034474193207
TSLA,Musk Elon,"Director,Officer,TenPercentOwner",2022-04-26,S,427.0,969.0,413763.0,0.0009517135543842402,1.7118034474193207
TSLA,Musk Elon,"Director,Officer,TenPercentOwner",2022-04-26,S,18803.0,971.86,18273883.58,0.0009517135543842402,1.7118034474193207
TSLA,Musk Elon,"Director,Officer,TenPercentOwner",2022-04-26,S,809.0,972.64,786865.76,0.0009517135543842402,1.7118034474193207
TSLA,Musk Elon,"Director,Officer,TenPercentOwner",2022-04-26,S,14442.0,934.79,13500237.18,0.0009517135543842402,1.7118034474193207
TSLA,Musk Elon,"Director,Officer,TenPercentOwner",2022-04-26,S,2090.0,936.2,1956658.0,0.0009517135543842402,1.7118034474193207
TSLA,Musk Elon,"Director,Officer,TenPercentOwner",2022-04-26,S,3800.0,938.46,3566148.0,0.0009517135543842402,1.7118034474193207
TSLA,Musk Elon,"Director,Officer,TenPercentOwner",2022-04-26,S,1800.0,939.17,1690506.0,0.0009517135543842402,1.7118034474193207
TSLA,Musk Elon,"Director,Officer,TenPercentOwner",2022-04-26,S,25949.0,940.86,24414376.14,0.0009517135543842402,1.7118034474193207
TSLA,Musk Elon,"Director,Officer,TenPercentOwner",2022-04-26,S,5573.0,944.9,5265927.7,0.0009517135543842402,1.7118034474193207
TSLA,Musk Elon,"Director,Officer,TenPercentOwner",2022-04-26,S,8388.0,943.89,7917349.32,0.0009517135543842402,1.7118034474193207
TSLA,Musk Elon,"Director,Officer,TenPercentOwner",2022-04-26,S,7534.0,942.79,7102979.859999999,0.0009517135543842402,1.7118034474193207
TSLA,Musk Elon,"Director,Officer,TenPercentOwner",2022-04-26,S,12613.0,941.87,11879806.31,0.0009517135543842402,1.7118034474193207
TSLA,Musk Elon,"Director,Officer,TenPercentOwner",2022-04-26,S,17430.0,957.81,16694628.3,0.0009517135543842402,1.7118034474193207
TSLA,Musk Elon,"Director,Officer,TenPercentOwner",2022-04-26,S,6413.0,929.56,5961268.279999999,0.0009517135543842402,1.7118034474193207
TSLA,Musk Elon,"Director,Officer,TenPercentOwner",2022-04-26,S,11604.0,930.57,10798334.28,0.0009517135543842402,1.7118034474193207
TSLA,Musk Elon,"Director,Officer,TenPercentOwner",2022-04-26,S,15220.0,931.68,14180169.6,0.0009517135543842402,1.7118034474193207
TSLA,Musk Elon,"Director,Officer,TenPercentOwner",2022-04-26,S,9295.0,932.65,8668981.75,0.0009517135543842402,1.7118034474193207
TSLA,Musk Elon,"Director,Officer,TenPercentOwner",2022-04-26,S,20036.0,933.63,18706210.68,0.0009517135543842402,1.7118034474193207
TSLA,Musk Elon,"Director,Officer,TenPercentOwner",2022-04-26,S,109363.0,904.03,98867432.89,0.0009517135543842402,1.7118034474193207
TSLA,Musk Elon,"Director,Officer,TenPercentOwner",2022-04-26,S,84051.0,905.0,76066155.0,0.0009517135543842402,1.7118034474193207
TSLA,Musk Elon,"Director,Officer,TenPercentOwner",2022-04-26,S,86670.0,905.96,78519553.2,0.0009517135543842402,1.7118034474193207
TSLA,Musk Elon,"Director,Officer,TenPercentOwner",2022-04-26,S,65040.0,907.05,58994532.0,0.0009517135543842402,1.7118034474193207
TSLA,Musk Elon,"Director,Officer,TenPercentOwner",2022-04-26,S,30784.0,908.05,27953411.2,0.0009517135543842402,1.7118034474193207
TSLA,Musk Elon,"Director,Officer,TenPercentOwner",2022-04-26,S,53610.0,909.13,48738459.3,0.0009517135543842402,1.7118034474193207
TSLA,Musk Elon,"Director,Officer,TenPercentOwner",2022-04-26,S,38402.0,909.98,34945051.96,0.0009517135543842402,1.7118034474193207
TSLA,Musk Elon,"Director,Officer,TenPercentOwner",2022-04-26,S,15293.0,910.8,13928864.4,0.0009517135543842402,1.7118034474193207
TSLA,Musk Elon,"Director,Officer,TenPercentOwner",2022-04-26,S,18538.0,912.1,16908509.8,0.0009517135543842402,1.7118034474193207
TSLA,Musk Elon,"Director,Officer,TenPercentOwner",2022-04-26,S,23478.0,913.1,21437761.8,0.0009517135543842402,1.7118034474193207
TSLA,Musk Elon,"Director,Officer,TenPercentOwner",2022-04-26,S,3176.0,913.84,2902355.8400000003,0.0009517135543842402,1.7118034474193207
TSLA,Musk Elon,"Director,Officer,TenPercentOwner",2022-04-26,S,2448.0,915.44,2240997.12,0.0009517135543842402,1.7118034474193207
TSLA,Musk Elon,"Director,Officer,TenPercentOwner",2022-04-26,S,18607.0,916.46,17052571.220000003,0.0009517135543842402,1.7118034474193207
TSLA,Musk Elon,"Director,Officer,TenPercentOwner",2022-04-26,S,30320.0,917.21,27809807.2,0.0009517135543842402,1.7118034474193207
TSLA,Musk Elon,"Director,Officer,TenPercentOwner",2022-04-26,S,14635.0,918.19,13437710.65,0.0009517135543842402,1.7118034474193207
TSLA,Musk Elon,"Director,Officer,TenPercentOwner",2022-04-26,S,23753.0,919.59,21843021.27,0.0009517135543842402,1.7118034474193207
TSLA,Musk Elon,"Director,Officer,TenPercentOwner",2022-04-26,S,27866.0,920.33,25645915.78,0.0009517135543842402,1.7118034474193207
TSLA,Musk Elon,"Director,Officer,TenPercentOwner",2022-04-26,S,31556.0,921.42,29076329.52,0.0009517135543842402,1.7118034474193207
TSLA,Musk Elon,"Director,Officer,TenPercentOwner",2022-04-26,S,29411.0,922.53,27132529.83,0.0009517135543842402,1.7118034474193207
TSLA,Musk Elon,"Director,Officer,TenPercentOwner",2022-04-26,S,24236.0,923.35,22378310.6,0.0009517135543842402,1.7118034474193207
TSLA,Musk Elon,"Director,Officer,TenPercentOwner",2022-04-26,S,16916.0,924.46,15638165.36,0.0009517135543842402,1.7118034474193207
TSLA,Musk Elon,"Director,Officer,TenPercentOwner",2022-04-26,S,26472.0,925.37,24496394.64,0.0009517135543842402,1.7118034474193207
TSLA,Musk Elon,"Director,Officer,TenPercentOwner",2022-04-26,S,22054.0,926.31,20428840.74,0.0009517135543842402,1.7118034474193207
TSLA,Musk Elon,"Director,Officer,TenPercentOwner",2022-04-26,S,8122.0,927.16,7530393.52,0.0009517135543842402,1.7118034474193207
TSLA,Musk Elon,"Director,Officer,TenPercentOwner",2022-04-26,S,22456.0,928.54,20851294.24,0.0009517135543842402,1.7118034474193207
TSLA,Musk Elon,"Director,Officer,TenPercentOwner",2022-04-26,S,150138.0,887.84,133298521.92,0.0009517135543842402,1.7118034474193207
TSLA,Musk Elon,"Director,Officer,TenPercentOwner",2022-04-26,S,35296.0,898.16,31701455.36,0.0009517135543842402,1.7118034474193207
TSLA,Musk Elon,"Director,Officer,TenPercentOwner",2022-04-26,S,58717.0,896.89,52662690.13,0.0009517135543842402,1.7118034474193207
TSLA,Musk Elon,"Director,Officer,TenPercentOwner",2022-04-26,S,79331.0,895.88,71071056.28,0.0009517135543842402,1.7118034474193207
TSLA,Musk Elon,"Director,Officer,TenPercentOwner",2022-04-26,S,66241.0,894.98,59284370.18,0.0009517135543842402,1.7118034474193207
TSLA,Musk Elon,"Director,Officer,TenPercentOwner",2022-04-26,S,103930.0,893.97,92910302.1,0.0009517135543842402,1.7118034474193207
TSLA,Musk Elon,"Director,Officer,TenPercentOwner",2022-04-26,S,76450.0,892.97,68267556.5,0.0009517135543842402,1.7118034474193207
TSLA,Musk Elon,"Director,Officer,TenPercentOwner",2022-04-26,S,99221.0,891.88,88493225.48,0.0009517135543842402,1.7118034474193207
TSLA,Musk Elon,"Director,Officer,TenPercentOwner",2022-04-26,S,105802.0,890.9,94259001.8,0.0009517135543842402,1.7118034474193207
TSLA,Musk Elon,"Director,Officer,TenPercentOwner",2022-04-26,S,106258.0,889.97,94566432.26,0.0009517135543842402,1.7118034474193207
TSLA,Musk Elon,"Director,Officer,TenPercentOwner",2022-04-26,S,136118.0,888.88,120992567.84,0.0009517135543842402,1.7118034474193207
TSLA,Musk Elon,"Director,Officer,TenPercentOwner",2022-04-26,S,57713.0,899.02,51885141.26,0.0009517135543842402,1.7118034474193207
TSLA,Musk Elon,"Director,Officer,TenPercentOwner",2022-04-26,S,208342.0,886.8,184757685.6,0.0009517135543842402,1.7118034474193207
TSLA,Musk Elon,"Director,Officer,TenPercentOwner",2022-04-26,S,89645.0,885.92,79418298.39999999,0.0009517135543842402,1.7118034474193207
TSLA,Musk Elon,"Director,Officer,TenPercentOwner",2022-04-26,S,80095.0,885.03,70886477.85,0.0009517135543842402,1.7118034474193207
TSLA,Musk Elon,"Director,Officer,TenPercentOwner",2022-04-26,S,59995.0,900.01,53996099.95,0.0009517135543842402,1.7118034474193207
TSLA,Musk Elon,"Director,Officer,TenPercentOwner",2022-04-26,S,34219.0,901.05,30833029.95,0.0009517135543842402,1.7118034474193207
TSLA,Musk Elon,"Director,Officer,TenPercentOwner",2022-04-26,S,106840.0,902.01,96370748.4,0.0009517135543842402,1.7118034474193207
TSLA,Musk Elon,"Director,Officer,TenPercentOwner",2022-04-26,S,66734.0,902.99,60260134.66,0.0009517135543842402,1.7118034474193207
TSLA,Musk Elon,"Director,Officer,TenPercentOwner",2022-04-26,S,1893.0,872.02,1650733.86,0.0009517135543842402,1.7118034474193207
TSLA,Musk Elon,"Director,Officer,TenPercentOwner",2022-04-26,S,34259.0,875.19,29983134.21,0.0009517135543842402,1.7118034474193207
TSLA,Musk Elon,"Director,Officer,TenPercentOwner",2022-04-26,S,201269.0,876.42,176396176.98,0.0009517135543842402,1.7118034474193207
TSLA,Musk Elon,"Director,Officer,TenPercentOwner",2022-04-26,S,29006.0,877.49,25452474.94,0.0009517135543842402,1.7118034474193207
TSLA,Musk Elon,"Director,Officer,TenPercentOwner",2022-04-26,S,73145.0,878.29,64242522.05,0.0009517135543842402,1.7118034474193207
TSLA,Musk Elon,"Director,Officer,TenPercentOwner",2022-04-26,S,37000.0,879.65,32547050.0,0.0009517135543842402,1.7118034474193207
TSLA,Musk Elon,"Director,Officer,TenPercentOwner",2022-04-26,S,83970.0,880.23,73912913.10000001,0.0009517135543842402,1.7118034474193207
TSLA,Musk Elon,"Director,Officer,TenPercentOwner",2022-04-26,S,9910.0,881.41,8734773.1,0.0009517135543842402,1.7118034474193207
TSLA,Musk Elon,"Director,Officer,TenPercentOwner",2022-04-26,S,17661.0,882.25,15581417.25,0.0009517135543842402,1.7118034474193207
TSLA,Musk Elon,"Director,Officer,TenPercentOwner",2022-04-26,S,49286.0,883.84,43560938.24,0.0009517135543842402,1.7118034474193207
VZ,Erwin Tami A.,Officer,2022-04-26,S,23647.0,49.77,1176911.1900000002,-0.0001370090479531977,0.21522457904914438
PG,Janzaruk Matthew W.,Officer,2022-04-26,S,334.0,162.43,54251.62,0.000568118336629432,0.3084746549701577
ADBE,Belsky Scott,Officer,2022-04-25,S,2710.0,410.18,1111587.8,-0.0008492408789850161,1.4886389409582725
ADBE,WARNOCK JOHN E,Director,2022-04-26,S,1317.0,403.94,531988.98,-0.000841882366862168,1.4885047556684456
ADBE,WARNOCK JOHN E,Director,2022-04-26,S,3683.0,404.43,1489515.69,-0.000841882366862168,1.4885047556684456
PG,Taylor David S,"Director,Officer",2022-04-25,S,30000.0,162.83,4884900.0,0.0005083653959553884,0.3140535450096965
JNJ,Hait William,Officer,2022-04-21,S,1403.0,183.58,257562.74,0.0002182659396628547,0.2884824577760353
JNJ,Hait William,Officer,2022-04-21,S,22591.0,183.58,4147255.78,0.0002182659396628547,0.2884824577760353
JNJ,Hait William,Officer,2022-04-21,S,2884.0,183.58,529444.7200000001,0.0002182659396628547,0.2884824577760353
JNJ,Hait William,Officer,2022-04-21,S,1696.0,183.58,311351.68,0.0002182659396628547,0.2884824577760353
JNJ,Hait William,Officer,2022-04-21,S,700.0,183.58,128506.0,0.0002182659396628547,0.2884824577760353
JNJ,Hait William,Officer,2022-04-21,S,225.0,183.58,41305.5,0.0002182659396628547,0.2884824577760353
JNJ,Hait William,Officer,2022-04-21,S,100.0,183.58,18358.0,0.0002182659396628547,0.2884824577760353
JNJ,Hait William,Officer,2022-04-21,S,100.0,183.58,18358.0,0.0002182659396628547,0.2884824577760353
PG,Taylor David S,"Director,Officer",2022-04-21,S,60000.0,164.52,9871200.0,0.000560475681457496,0.3007379148421427
PG,Keith R. Alexandra,Officer,2022-04-21,S,1335.0,163.5,218272.5,0.000560475681457496,0.3007379148421427
PG,Keith R. Alexandra,Officer,2022-04-21,S,6854.0,163.5,1120629.0,0.000560475681457496,0.3007379148421427
PG,Francisco Ma. Fatima,Officer,2022-04-21,S,2000.0,164.64,329280.0,0.000560475681457496,0.3007379148421427
PG,Francisco Ma. Fatima,Officer,2022-04-21,S,16000.0,164.04,2624640.0,0.000560475681457496,0.3007379148421427
AAPL,O'BRIEN DEIRDRE,Officer,2022-04-18,S,4569.0,164.54,751783.26,0.00074853145279294,1.2435982647159671
AAPL,O'BRIEN DEIRDRE,Officer,2022-04-18,S,3431.0,165.41,567521.71,0.00074853145279294,1.2435982647159671
JPM,BACON ASHLEY,Officer,2022-04-19,S,21012.0,130.04,2732400.48,-0.0005659272093001558,0.9115205852046806
ADBE,WARNOCK JOHN E,Director,2022-04-14,S,615.0,432.03,265698.45,-0.0006870077845364358,1.4566346725953216
JPM,Piepszak Jennifer,Officer,2022-04-14,S,4668.0,126.19,589054.92,-0.0004849242825358582,0.8898281163313263
TSLA,Taneja Vaibhav,Officer,2022-04-05,S,100.0,1150.02,115002.0,0.0009190331324904069,1.7474046615104004
TSLA,Taneja Vaibhav,Officer,2022-04-05,S,100.0,1148.2,114820.0,0.0009190331324904069,1.7474046615104004
TSLA,Taneja Vaibhav,Officer,2022-04-05,S,100.0,1145.89,114589.0,0.0009190331324904069,1.7474046615104004
TSLA,Taneja Vaibhav,Officer,2022-04-05,S,100.0,1144.18,114418.0,0.0009190331324904069,1.7474046615104004
TSLA,Taneja Vaibhav,Officer,2022-04-05,S,200.0,1142.1,228420.0,0.0009190331324904069,1.7474046615104004
TSLA,Taneja Vaibhav,Officer,2022-04-05,S,400.0,1139.83,455932.0,0.0009190331324904069,1.7474046615104004
TSLA,Taneja Vaibhav,Officer,2022-04-05,S,200.0,1138.34,227668.0,0.0009190331324904069,1.7474046615104004
TSLA,Taneja Vaibhav,Officer,2022-04-05,S,100.0,1136.8,113680.0,0.0009190331324904069,1.7474046615104004
TSLA,Taneja Vaibhav,Officer,2022-04-05,S,200.0,1097.15,219430.00000000003,0.0009190331324904069,1.7474046615104004
TSLA,Taneja Vaibhav,Officer,2022-04-05,S,300.0,1098.57,329571.0,0.0009190331324904069,1.7474046615104004
TSLA,Taneja Vaibhav,Officer,2022-04-05,S,200.0,1099.58,219916.0,0.0009190331324904069,1.7474046615104004
TSLA,Taneja Vaibhav,Officer,2022-04-05,S,600.0,1101.87,661121.9999999999,0.0009190331324904069,1.7474046615104004
TSLA,Taneja Vaibhav,Officer,2022-04-05,S,300.0,1103.0,330900.0,0.0009190331324904069,1.7474046615104004
TSLA,Taneja Vaibhav,Officer,2022-04-05,S,200.0,1104.14,220828.00000000003,0.0009190331324904069,1.7474046615104004
TSLA,Taneja Vaibhav,Officer,2022-04-05,S,200.0,1105.86,221172.0,0.0009190331324904069,1.7474046615104004
TSLA,Taneja Vaibhav,Officer,2022-04-05,S,100.0,1106.8,110680.0,0.0009190331324904069,1.7474046615104004
TSLA,Taneja Vaibhav,Officer,2022-04-05,S,100.0,1108.28,110828.0,0.0009190331324904069,1.7474046615104004
TSLA,Taneja Vaibhav,Officer,2022-04-05,S,100.0,1109.71,110971.0,0.0009190331324904069,1.7474046615104004
TSLA,Taneja Vaibhav,Officer,2022-04-05,S,100.0,1112.69,111269.0,0.0009190331324904069,1.7474046615104004
TSLA,Taneja Vaibhav,Officer,2022-04-05,S,100.0,1114.19,111419.0,0.0009190331324904069,1.7474046615104004
TSLA,Taneja Vaibhav,Officer,2022-04-05,S,100.0,1115.25,111525.0,0.0009190331324904069,1.7474046615104004
TSLA,Taneja Vaibhav,Officer,2022-04-05,S,100.0,1117.0,111700.0,0.0009190331324904069,1.7474046615104004
TSLA,Taneja Vaibhav,Officer,2022-04-05,S,10.0,1119.23,11192.3,0.0009190331324904069,1.7474046615104004
TSLA,Taneja Vaibhav,Officer,2022-04-05,S,300.0,1120.39,336117.00000000006,0.0009190331324904069,1.7474046615104004
TSLA,Taneja Vaibhav,Officer,2022-04-05,S,200.0,1122.67,224534.0,0.0009190331324904069,1.7474046615104004
TSLA,Taneja Vaibhav,Officer,2022-04-05,S,100.0,1123.84,112384.0,0.0009190331324904069,1.7474046615104004
TSLA,Taneja Vaibhav,Officer,2022-04-05,S,300.0,1125.28,337584.0,0.0009190331324904069,1.7474046615104004
TSLA,Taneja Vaibhav,Officer,2022-04-05,S,400.0,1127.11,450844.0,0.0009190331324904069,1.7474046615104004
TSLA,Taneja Vaibhav,Officer,2022-04-05,S,248.0,1090.82,270523.36,0.0009190331324904069,1.7474046615104004
TSLA,Taneja Vaibhav,Officer,2022-04-05,S,300.0,1089.7,326910.0,0.0009190331324904069,1.7474046615104004
TSLA,Taneja Vaibhav,Officer,2022-04-05,S,42.0,1135.8,47703.6,0.0009190331324904069,1.7474046615104004
TSLA,Taneja Vaibhav,Officer,2022-04-05,S,100.0,1133.7,113370.0,0.0009190331324904069,1.7474046615104004
TSLA,Taneja Vaibhav,Officer,2022-04-05,S,200.0,1130.53,226106.0,0.0009190331324904069,1.7474046615104004
TSLA,Taneja Vaibhav,Officer,2022-04-05,S,100.0,1127.7,112770.0,0.0009190331324904069,1.7474046615104004
TSLA,Taneja Vaibhav,Officer,2022-04-05,S,400.0,1092.49,436996.0,0.0009190331324904069,1.7474046615104004
TSLA,Taneja Vaibhav,Officer,2022-04-05,S,100.0,1093.7,109370.0,0.0009190331324904069,1.7474046615104004
TSLA,Taneja Vaibhav,Officer,2022-04-05,S,200.0,1096.05,219210.0,0.0009190331324904069,1.7474046615104004
VZ,Silliman Craig L.,Officer,2022-04-04,S,1558.0,52.0,81016.0,-0.00023551738541252197,0.19000235460655265
AAPL,WILLIAMS JEFFREY E,Officer,2022-04-04,S,42737.0,178.19,7615306.03,0.0009329657231901974,1.2818910813248783
AAPL,WILLIAMS JEFFREY E,Officer,2022-04-04,S,63164.0,177.46,11209083.44,0.0009329657231901974,1.2818910813248783
AAPL,O'BRIEN DEIRDRE,Officer,2022-04-04,S,11701.0,178.18,2084884.18,0.0009329657231901974,1.2818910813248783
AAPL,O'BRIEN DEIRDRE,Officer,2022-04-04,S,17497.0,177.49,3105542.5300000003,0.0009329657231901974,1.2818910813248783
V,MCINERNEY RYAN,Officer,2022-04-01,S,6467.0,223.65,1446344.55,-0.00011544069468191665,1.0742735860241959
V,KELLY ALFRED F JR,"Director,Officer",2022-03-31,S,9000.0,223.91,2015190.0,-0.0001412686497764063,1.0804880511443158
AMZN,Selipsky Adam,Officer,2022-03-30,S,34.0,3370.19,114586.46,-0.0005167728895482768,1.2533898878829737
AMZN,Selipsky Adam,Officer,2022-03-31,S,35.0,3326.6,116431.0,-0.00048681788342974495,1.2507822073472024
TSLA,Baglino Andrew D,Officer,2022-09-27,S,10500.0,284.01,2982105.0,0.0016209473264006142,2.016326481930038
V,KELLY ALFRED F JR,"Director,Officer",2022-09-29,S,6000.0,180.0,1080000.0,1.2740627969980488e-05,1.05032827873025
META,Newstead Jennifer,Officer,2022-09-27,S,342.0,137.92,47168.63999999999,-0.0022537842697018043,1.8146503953563768
ADBE,Ricks David A,Director,2022-09-27,P,1200.0,280.56,336672.0,-0.0008216862301853763,1.50395087078744
ADBE,Durn Daniel,Officer,2022-09-22,P,3250.0,288.11,936357.5,-0.0010467789190171583,1.509304936096241
META,Newstead Jennifer,Officer,2022-09-20,S,342.0,145.77,49853.34,-0.0024408265038220363,1.7907665012316922
ADBE,Garfield Mark S.,Officer,2022-09-19,S,132.0,294.54,38879.280000000006,-0.0012088635817791348,1.4965462305277177
PYPL,Scheibe Gabrielle,Officer,2022-09-16,S,150.0,94.95,14242.5,-0.0036551858210880977,1.7514428125170782
AMZN,Selipsky Adam,Officer,2022-09-15,S,160.0,129.59,20734.4,-0.00019281234490788453,1.637180882995778
AMZN,Selipsky Adam,Officer,2022-09-14,S,378.0,127.22,48089.16,-0.00023193531537205804,1.6312571592590437
AMZN,Selipsky Adam,Officer,2022-09-15,S,147.0,127.15,18691.05,-0.00019281234490788453,1.637180882995778
AMZN,Selipsky Adam,Officer,2022-09-15,S,159.0,128.21,20385.390000000003,-0.00019281234490788453,1.637180882995778
AMZN,Selipsky Adam,Officer,2022-09-14,S,142.0,127.97,18171.74,-0.00023193531537205804,1.6312571592590437
META,Newstead Jennifer,Officer,2022-09-13,S,342.0,161.23,55140.66,-0.0027629878732916727,1.775484141215717
TSLA,Kirkhorn Zachary,Officer,2022-09-12,S,3750.0,300.59,1127212.5,0.0022231693677670686,1.9924974809140885
MSFT,Capossela Christopher C,Officer,2022-09-12,S,5000.0,266.25,1331250.0,0.0003003646044858291,1.243764452379302
HD,,Officer,2022-09-09,S,1000.0,300.59,300590.0,3.5551623060075185e-05,0.8317017658548745
TSLA,Wilson-Thompson Kathleen,Director,2022-09-08,S,26250.0,278.93,7321912.5,0.0020752228033764056,1.986150536159291
META,Newstead Jennifer,Officer,2022-09-06,S,342.0,160.06,54740.52,-0.002216536852988601,1.7835871868293853
TSLA,Taneja Vaibhav,Officer,2022-09-06,S,3755.0,269.39,1011559.45,0.002148718162746666,1.9759336798096312
TSLA,Baglino Andrew D,Officer,2022-09-06,S,1298.5,269.39,349802.915,0.002148718162746666,1.9759336798096312
TSLA,Kirkhorn Zachary,Officer,2022-09-06,S,7550.5,269.39,2034029.195,0.002148718162746666,1.9759336798096312
NVDA,Dabiri John,Director,2022-09-01,S,945.0,142.06,134246.7,0.0008830761030564074,2.322637271554752
MSFT,Hood Amy,Officer,2022-09-02,S,75351.4,259.47,19551427.758,0.00018853260229700322,1.2139084166464198
MSFT,Nadella Satya,"Director,Officer",2022-09-01,S,3295.0,260.07,856930.65,0.00021487751197313395,1.2126102028752703
MSFT,Nadella Satya,"Director,Officer",2022-09-01,S,15471.0,256.16,3963051.36,0.00021487751197313395,1.2126102028752703
MSFT,Nadella Satya,"Director,Officer",2022-09-01,S,9366.0,256.82,2405376.12,0.00021487751197313395,1.2126102028752703
MSFT,Nadella Satya,"Director,Officer",2022-09-01,S,99.0,260.74,25813.26,0.00021487751197313395,1.2126102028752703
MSFT,Nadella Satya,"Director,Officer",2022-09-01,S,14398.0,258.17,3717131.66,0.00021487751197313395,1.2126102028752703
MSFT,Nadella Satya,"Director,Officer",2022-09-01,S,14370.0,258.93,3720824.1,0.00021487751197313395,1.2126102028752703
META,Newstead Jennifer,Officer,2022-08-30,S,342.0,160.24,54802.08,-0.0019005648147777975,1.7667323672706547
AMZN,Selipsky Adam,Officer,2022-08-31,S,290.0,128.04,37131.6,-0.00038320496184913354,1.5819011090268138
AMZN,Selipsky Adam,Officer,2022-08-31,S,147.0,129.02,18965.94,-0.00038320496184913354,1.5819011090268138
AMZN,Selipsky Adam,Officer,2022-08-30,S,90.0,130.46,11741.4,-0.0005096726979703137,1.5770884622698236
AMZN,Selipsky Adam,Officer,2022-08-30,S,300.0,127.6,38280.0,-0.0005096726979703137,1.5770884622698236
V,KELLY ALFRED F JR,"Director,Officer",2022-08-31,S,9000.0,201.0,1809000.0,0.0004521098736739879,1.0906856736224941
TSLA,Baglino Andrew D,Officer,2022-08-29,S,10500.0,283.0,2971500.0,0.0021054613928595894,1.9842929488250771
UNH,ROOS THOMAS E,Officer,2022-08-26,S,465.0,542.37,252202.05,0.0016644474022163508,0.6903124908403414
PG,Grabowski Mary Theresa,Officer,2022-08-26,S,10397.0,146.0,1517962.0,0.0005110649749874843,0.4358950821086414
META,Newstead Jennifer,Officer,2022-08-23,S,342.0,162.48,55568.16,-0.0018921391783776188,1.7688929528455632
HD,Carey Matt,Officer,2022-08-22,S,12450.0,316.29,3937810.500000001,0.00015040795366915802,0.8520457585912032
HD,Carey Matt,Officer,2022-08-22,S,200.0,314.47,62894.00000000001,0.00015040795366915802,0.8520457585912032
PG,Davis Jennifer L.,Officer,2022-08-23,S,27809.0,147.95,4114341.55,0.0004890910724099147,0.4402180279128757
AMZN,Herrington Douglas J,Officer,2022-08-22,S,4446.0,133.77,594741.42,-0.00040200390625518245,1.5845448960197992
AMZN,Herrington Douglas J,Officer,2022-08-22,S,800.0,135.6,108480.0,-0.00040200390625518245,1.5845448960197992
AMZN,Herrington Douglas J,Officer,2022-08-22,S,2202.0,134.71,296631.42000000004,-0.00040200390625518245,1.5845448960197992
AMZN,Olsavsky Brian T,Officer,2022-08-22,S,16720.0,135.55,2266396.0,-0.00040200390625518245,1.5845448960197992
AMZN,Zapolsky David,Officer,2022-08-22,S,4746.0,133.76,634824.96,-0.00040200390625518245,1.5845448960197992
AMZN,Zapolsky David,Officer,2022-08-22,S,2614.0,134.63,351922.82,-0.00040200390625518245,1.5845448960197992
AMZN,Zapolsky David,Officer,2022-08-22,S,1000.0,135.59,135590.0,-0.00040200390625518245,1.5845448960197992
AMZN,Reynolds Shelley,Officer,2022-08-22,S,2036.0,133.76,272335.36,-0.00040200390625518245,1.5845448960197992
AMZN,Reynolds Shelley,Officer,2022-08-22,S,1094.0,134.69,147350.86,-0.00040200390625518245,1.5845448960197992
AMZN,Reynolds Shelley,Officer,2022-08-22,S,350.0,135.55,47442.50000000001,-0.00040200390625518245,1.5845448960197992
AAPL,Maestri Luca,Officer,2022-08-17,S,66390.0,174.66,11595677.4,0.0007696343124695961,1.2745154926854008
AAPL,Maestri Luca,Officer,2022-08-17,S,30345.0,175.6,5328582.0,0.0007696343124695961,1.2745154926854008
PG,Coombe Gary A,Officer,2022-08-19,S,12930.0,149.21,1929285.3,0.0003758749835410584,0.4396748201546572
AAPL,Maestri Luca,Officer,2022-08-17,S,30345.0,175.6,5328582.0,0.0007696343124695961,1.2745154926854008
AAPL,Maestri Luca,Officer,2022-08-17,S,66390.0,174.66,11595677.4,0.0007696343124695961,1.2745154926854008
UNH,McMahon Dirk C,Officer,2022-08-18,S,14715.0,543.32,7994953.800000001,0.001309349669870508,0.6622910190266728
PG,Keith R. Alexandra,Officer,2022-08-18,S,17347.0,148.92,2583315.24,0.0003911467932044296,0.4388715350370039
PG,Keith R. Alexandra,Officer,2022-08-18,S,1289.0,149.15,192254.35,0.0003911467932044296,0.4388715350370039
PG,Jejurikar Shailesh,Officer,2022-08-18,S,18981.0,148.87,2825701.47,0.0003911467932044296,0.4388715350370039
PG,Whaley Susan Street,Officer,2022-08-17,S,907.0,149.33,135442.31,0.0004751174068170914,0.44237172993437424
PG,Pritchard Marc S.,Officer,2022-08-17,S,12228.0,149.33,1826007.24,0.0004751174068170914,0.44237172993437424
PG,Schulten Andre,Officer,2022-08-17,S,987.0,149.33,147388.71000000002,0.0004751174068170914,0.44237172993437424
PG,,Officer,2022-08-16,S,5000.0,150.0,750000.0,0.00041279824303482087,0.4433486249619389
PG,,Officer,2022-08-17,S,6958.0,149.33,1039038.14,0.0004751174068170914,0.44237172993437424
PG,Aguilar Moses Victor Javier,Officer,2022-08-17,S,1067.0,149.33,159335.11000000002,0.0004751174068170914,0.44237172993437424
PG,Francisco Ma. Fatima,Officer,2022-08-17,S,12252.0,149.33,1829591.16,0.0004751174068170914,0.44237172993437424
PG,Davis Jennifer L.,Officer,2022-08-17,S,7621.0,149.33,1138043.9300000002,0.0004751174068170914,0.44237172993437424
PG,Jejurikar Shailesh,Officer,2022-08-17,S,12426.0,149.33,1855574.58,0.0004751174068170914,0.44237172993437424
PG,Grabowski Mary Theresa,Officer,2022-08-17,S,8624.0,149.33,1287821.9200000002,0.0004751174068170914,0.44237172993437424
PG,,"Director,Officer",2022-08-17,S,767.0,149.33,114536.11000000002,0.0004751174068170914,0.44237172993437424
PG,,"Director,Officer",2022-08-17,S,29405.0,149.33,4391048.65,0.0004751174068170914,0.44237172993437424
PG,Keith R. Alexandra,Officer,2022-08-17,S,1080.0,149.33,161276.40000000002,0.0004751174068170914,0.44237172993437424
PG,Keith R. Alexandra,Officer,2022-08-17,S,14530.0,149.33,2169764.9000000004,0.0004751174068170914,0.44237172993437424
META,Wehner David M.,Officer,2022-08-15,S,1222.0,180.5,220571.0,-0.00203272193898481,1.7648460572557705
META,Taylor Susan J.S.,Officer,2022-08-16,S,1421.0,179.31,254799.51,-0.0017699907775940468,1.7664223249799544
META,Newstead Jennifer,Officer,2022-08-16,S,669.0,179.31,119958.39,-0.0017699907775940468,1.7664223249799544
META,Olivan Javier,Officer,2022-08-15,S,11714.0,180.5,2114377.0,-0.00203272193898481,1.7648460572557705
META,Levine Marne L.,Officer,2022-08-15,S,10253.0,180.5,1850666.5,-0.00203272193898481,1.7648460572557705
META,Clegg Nicholas,Officer,2022-08-16,S,4459.0,179.53,800524.27,-0.0017699907775940468,1.7664223249799544
META,Clegg Nicholas,Officer,2022-08-16,S,6482.0,178.71,1158398.22,-0.0017699907775940468,1.7664223249799544
META,Clegg Nicholas,Officer,2022-08-15,S,6029.0,180.5,1088234.5,-0.00203272193898481,1.7648460572557705
META,Bosworth Andrew,Officer,2022-08-17,S,15000.0,176.48,2647200.0,-0.0018020530044347604,1.7702958342902715
META,Bosworth Andrew,Officer,2022-08-15,S,11718.0,180.5,2115099.0,-0.00203272193898481,1.7648460572557705
META,Bosworth Andrew,Officer,2022-08-17,S,17428.0,176.48,3075693.44,-0.0018020530044347604,1.7702958342902715
AMZN,Jassy Andrew R,"Director,Officer",2022-08-15,S,15148.0,141.95,2150258.6,-0.0004895098106073946,1.5798315576775317
AMZN,Jassy Andrew R,"Director,Officer",2022-08-15,S,8272.0,142.88,1181903.36,-0.0004895098106073946,1.5798315576775317
AMZN,Jassy Andrew R,"Director,Officer",2022-08-15,S,200.0,143.69,28738.0,-0.0004895098106073946,1.5798315576775317
AMZN,Selipsky Adam,Officer,2022-08-15,S,100.0,143.59,14359.0,-0.0004895098106073946,1.5798315576775317
AMZN,Selipsky Adam,Officer,2022-08-15,S,6858.0,141.99,973767.42,-0.0004895098106073946,1.5798315576775317
AMZN,Selipsky Adam,Officer,2022-08-15,S,5362.0,142.85,765961.7,-0.0004895098106073946,1.5798315576775317
AMZN,Selipsky Adam,Officer,2022-08-16,S,270.0,142.61,38504.7,-0.0003097831134944501,1.5808141443204025
AMZN,Selipsky Adam,Officer,2022-08-16,S,209.0,143.51,29993.59,-0.0003097831134944501,1.5808141443204025
AMZN,Zapolsky David,Officer,2022-08-16,S,10480.0,145.01,1519704.7999999998,-0.0003097831134944501,1.5808141443204025
PG,Moeller Jon R,"Director,Officer",2022-08-12,S,169365.0,146.56,24822134.4,0.0004537924317024576,0.4404421664275246
PG,Moeller Jon R,"Director,Officer",2022-08-15,S,23943.0,147.86,3540211.9800000004,0.0004812407478030341,0.4432343495361578
PG,Francisco Ma. Fatima,Officer,2022-08-16,S,58538.0,149.5,8751431.0,0.00041279824303482087,0.4433486249619389
PG,Francisco Ma. Fatima,Officer,2022-08-15,S,17975.0,148.0,2660300.0,0.0004812407478030341,0.4432343495361578
MA,SACHIN J. MEHRA,Officer,2022-08-15,S,5000.0,360.0,1800000.0,0.0004031845506450717,1.1905387081333973
PG,Raman Sundar G.,Officer,2022-08-15,S,5181.0,148.01,766839.8099999999,0.0004812407478030341,0.4432343495361578
DIS,WOODFORD BRENT,Officer,2022-08-12,S,3000.0,119.03,357090.0,-0.0020976903996488567,1.007161826707072
MA,Mastercard Foundation,TenPercentOwner,2022-08-12,S,177214.0,352.34,62439580.76,0.0004171922316167323,1.1916775654232745
MA,Mastercard Foundation,TenPercentOwner,2022-08-11,S,177211.0,352.47,62461561.17,0.0004690436274990732,1.1890748451779607
PG,Grabowski Mary Theresa,Officer,2022-08-11,S,16000.0,147.0,2352000.0,0.000406451328268606,0.4438017111674387
META,Newstead Jennifer,Officer,2022-08-09,S,342.0,168.75,57712.5,-0.001941912009062398,1.7655008334441273
MA,Mastercard Foundation,TenPercentOwner,2022-08-09,S,177211.0,347.95,61660567.45,0.0003360122950434021,1.182655888933119
MA,Mastercard Foundation,TenPercentOwner,2022-08-10,S,177211.0,353.19,62589153.09,0.00035285713016929986,1.1876620870630226
MA,Mastercard Foundation,TenPercentOwner,2022-08-08,S,177211.0,353.14,62580292.54,0.00030275263360555284,1.1821700477340078
TSLA,Musk Elon,"Director,Officer,TenPercentOwner",2022-08-09,S,435.0,872.47,379524.45,0.0019607078281773894,1.9717945137518593
TSLA,Musk Elon,"Director,Officer,TenPercentOwner",2022-08-09,S,6048.0,876.63,5301858.24,0.0019607078281773894,1.9717945137518593
TSLA,Musk Elon,"Director,Officer,TenPercentOwner",2022-08-09,S,13292.0,874.29,11621062.68,0.0019607078281773894,1.9717945137518593
TSLA,Musk Elon,"Director,Officer,TenPercentOwner",2022-08-09,S,11779.0,864.85,10187068.15,0.0019607078281773894,1.9717945137518593
TSLA,Musk Elon,"Director,Officer,TenPercentOwner",2022-08-09,S,29217.0,863.62,25232385.54,0.0019607078281773894,1.9717945137518593
TSLA,Musk Elon,"Director,Officer,TenPercentOwner",2022-08-09,S,2283.0,869.21,1984406.43,0.0019607078281773894,1.9717945137518593
TSLA,Musk Elon,"Director,Officer,TenPercentOwner",2022-08-09,S,42874.0,871.2,37351828.8,0.0019607078281773894,1.9717945137518593
TSLA,Musk Elon,"Director,Officer,TenPercentOwner",2022-08-09,S,18630.0,838.57,15622559.1,0.0019607078281773894,1.9717945137518593
TSLA,Musk Elon,"Director,Officer,TenPercentOwner",2022-08-09,S,8053.0,839.98,6764358.94,0.0019607078281773894,1.9717945137518593
TSLA,Musk Elon,"Director,Officer,TenPercentOwner",2022-08-09,S,106535.0,840.89,89584216.15,0.0019607078281773894,1.9717945137518593
TSLA,Musk Elon,"Director,Officer,TenPercentOwner",2022-08-09,S,224133.0,841.85,188686366.05,0.0019607078281773894,1.9717945137518593
TSLA,Musk Elon,"Director,Officer,TenPercentOwner",2022-08-09,S,114286.0,842.69,96307669.34,0.0019607078281773894,1.9717945137518593
TSLA,Musk Elon,"Director,Officer,TenPercentOwner",2022-08-09,S,114517.0,843.7,96617992.9,0.0019607078281773894,1.9717945137518593
TSLA,Musk Elon,"Director,Officer,TenPercentOwner",2022-08-09,S,90934.0,844.82,76822861.88000001,0.0019607078281773894,1.9717945137518593
TSLA,Musk Elon,"Director,Officer,TenPercentOwner",2022-08-09,S,124348.0,845.78,105171051.44,0.0019607078281773894,1.9717945137518593
TSLA,Musk Elon,"Director,Officer,TenPercentOwner",2022-08-09,S,95946.0,846.67,81234599.82,0.0019607078281773894,1.9717945137518593
TSLA,Musk Elon,"Director,Officer,TenPercentOwner",2022-08-09,S,187030.0,847.72,158549071.6,0.0019607078281773894,1.9717945137518593
TSLA,Musk Elon,"Director,Officer,TenPercentOwner",2022-08-09,S,142968.0,848.73,121341230.64,0.0019607078281773894,1.9717945137518593
TSLA,Musk Elon,"Director,Officer,TenPercentOwner",2022-08-09,S,455650.0,849.88,387247822.0,0.0019607078281773894,1.9717945137518593
TSLA,Musk Elon,"Director,Officer,TenPercentOwner",2022-08-09,S,113618.0,850.62,96645743.16,0.0019607078281773894,1.9717945137518593
TSLA,Musk Elon,"Director,Officer,TenPercentOwner",2022-08-09,S,114897.0,851.68,97855476.96,0.0019607078281773894,1.9717945137518593
TSLA,Musk Elon,"Director,Officer,TenPercentOwner",2022-08-09,S,113022.0,852.69,96372729.18,0.0019607078281773894,1.9717945137518593
TSLA,Musk Elon,"Director,Officer,TenPercentOwner",2022-08-09,S,136789.0,853.74,116782240.86,0.0019607078281773894,1.9717945137518593
TSLA,Musk Elon,"Director,Officer,TenPercentOwner",2022-08-09,S,67457.0,854.71,57656172.47,0.0019607078281773894,1.9717945137518593
TSLA,Musk Elon,"Director,Officer,TenPercentOwner",2022-08-09,S,66202.0,855.63,56644417.26,0.0019607078281773894,1.9717945137518593
TSLA,Musk Elon,"Director,Officer,TenPercentOwner",2022-08-09,S,74948.0,856.77,64213197.96,0.0019607078281773894,1.9717945137518593
TSLA,Musk Elon,"Director,Officer,TenPercentOwner",2022-08-09,S,49740.0,857.63,42658516.2,0.0019607078281773894,1.9717945137518593
TSLA,Musk Elon,"Director,Officer,TenPercentOwner",2022-08-09,S,68785.0,858.84,59075309.4,0.0019607078281773894,1.9717945137518593
TSLA,Musk Elon,"Director,Officer,TenPercentOwner",2022-08-09,S,100838.0,859.9,86710596.2,0.0019607078281773894,1.9717945137518593
TSLA,Musk Elon,"Director,Officer,TenPercentOwner",2022-08-09,S,146968.0,860.85,126517402.8,0.0019607078281773894,1.9717945137518593
TSLA,Musk Elon,"Director,Officer,TenPercentOwner",2022-08-09,S,97548.0,861.75,84061989.0,0.0019607078281773894,1.9717945137518593
TSLA,Musk Elon,"Director,Officer,TenPercentOwner",2022-08-09,S,94328.0,862.82,81388084.96000001,0.0019607078281773894,1.9717945137518593
TSLA,Musk Elon,"Director,Officer,TenPercentOwner",2022-08-09,S,6130.0,866.56,5312012.8,0.0019607078281773894,1.9717945137518593
TSLA,Musk Elon,"Director,Officer,TenPercentOwner",2022-08-08,S,6749.0,897.88,6059792.12,0.0019157604246675321,1.971478972921178
TSLA,Musk Elon,"Director,Officer,TenPercentOwner",2022-08-08,S,10876.0,898.84,9775783.84,0.0019157604246675321,1.971478972921178
TSLA,Musk Elon,"Director,Officer,TenPercentOwner",2022-08-08,S,900.0,901.4,811260.0,0.0019157604246675321,1.971478972921178
TSLA,Musk Elon,"Director,Officer,TenPercentOwner",2022-08-08,S,19745.0,900.62,17782741.9,0.0019157604246675321,1.971478972921178
TSLA,Musk Elon,"Director,Officer,TenPercentOwner",2022-08-08,S,21310.0,899.86,19176016.6,0.0019157604246675321,1.971478972921178
TSLA,Musk Elon,"Director,Officer,TenPercentOwner",2022-08-08,S,55272.0,881.82,48739955.04,0.0019157604246675321,1.971478972921178
TSLA,Musk Elon,"Director,Officer,TenPercentOwner",2022-08-08,S,44748.0,882.84,39505324.32,0.0019157604246675321,1.971478972921178
TSLA,Musk Elon,"Director,Officer,TenPercentOwner",2022-08-08,S,40594.0,883.88,35880224.72,0.0019157604246675321,1.971478972921178
TSLA,Musk Elon,"Director,Officer,TenPercentOwner",2022-08-08,S,19565.0,884.76,17310329.4,0.0019157604246675321,1.971478972921178
TSLA,Musk Elon,"Director,Officer,TenPercentOwner",2022-08-08,S,23154.0,886.06,20515833.24,0.0019157604246675321,1.971478972921178
TSLA,Musk Elon,"Director,Officer,TenPercentOwner",2022-08-08,S,34676.0,886.95,30755878.200000003,0.0019157604246675321,1.971478972921178
TSLA,Musk Elon,"Director,Officer,TenPercentOwner",2022-08-08,S,36257.0,890.78,32297010.46,0.0019157604246675321,1.971478972921178
TSLA,Musk Elon,"Director,Officer,TenPercentOwner",2022-08-08,S,53180.0,891.78,47424860.4,0.0019157604246675321,1.971478972921178
TSLA,Musk Elon,"Director,Officer,TenPercentOwner",2022-08-08,S,35542.0,892.86,31734030.12,0.0019157604246675321,1.971478972921178
TSLA,Musk Elon,"Director,Officer,TenPercentOwner",2022-08-08,S,47926.0,893.88,42840092.88,0.0019157604246675321,1.971478972921178
TSLA,Musk Elon,"Director,Officer,TenPercentOwner",2022-08-08,S,72084.0,894.84,64503646.56,0.0019157604246675321,1.971478972921178
TSLA,Musk Elon,"Director,Officer,TenPercentOwner",2022-08-08,S,44963.0,895.79,40277405.77,0.0019157604246675321,1.971478972921178
TSLA,Musk Elon,"Director,Officer,TenPercentOwner",2022-08-08,S,9549.0,896.56,8561251.44,0.0019157604246675321,1.971478972921178
TSLA,Musk Elon,"Director,Officer,TenPercentOwner",2022-08-08,S,46539.0,887.75,41314997.25,0.0019157604246675321,1.971478972921178
TSLA,Musk Elon,"Director,Officer,TenPercentOwner",2022-08-08,S,10781.0,888.89,9583123.09,0.0019157604246675321,1.971478972921178
TSLA,Musk Elon,"Director,Officer,TenPercentOwner",2022-08-08,S,21989.0,890.05,19571309.45,0.0019157604246675321,1.971478972921178
TSLA,Musk Elon,"Director,Officer,TenPercentOwner",2022-08-08,S,60567.0,867.91,52566704.97,0.0019157604246675321,1.971478972921178
TSLA,Musk Elon,"Director,Officer,TenPercentOwner",2022-08-08,S,164234.0,868.86,142696353.24,0.0019157604246675321,1.971478972921178
TSLA,Musk Elon,"Director,Officer,TenPercentOwner",2022-08-08,S,127602.0,869.75,110981839.5,0.0019157604246675321,1.971478972921178
TSLA,Musk Elon,"Director,Officer,TenPercentOwner",2022-08-08,S,116658.0,870.75,101579953.5,0.0019157604246675321,1.971478972921178
TSLA,Musk Elon,"Director,Officer,TenPercentOwner",2022-08-08,S,107868.0,871.84,94043637.12,0.0019157604246675321,1.971478972921178
TSLA,Musk Elon,"Director,Officer,TenPercentOwner",2022-08-08,S,91107.0,872.87,79524567.09,0.0019157604246675321,1.971478972921178
TSLA,Musk Elon,"Director,Officer,TenPercentOwner",2022-08-08,S,63161.0,873.81,55190713.41,0.0019157604246675321,1.971478972921178
TSLA,Musk Elon,"Director,Officer,TenPercentOwner",2022-08-08,S,35720.0,874.72,31244998.4,0.0019157604246675321,1.971478972921178
TSLA,Musk Elon,"Director,Officer,TenPercentOwner",2022-08-08,S,28724.0,875.82,25157053.68,0.0019157604246675321,1.971478972921178
TSLA,Musk Elon,"Director,Officer,TenPercentOwner",2022-08-08,S,32705.0,876.69,28672146.450000003,0.0019157604246675321,1.971478972921178
TSLA,Musk Elon,"Director,Officer,TenPercentOwner",2022-08-08,S,20692.0,877.86,18164679.12,0.0019157604246675321,1.971478972921178
TSLA,Musk Elon,"Director,Officer,TenPercentOwner",2022-08-08,S,21896.0,878.86,19243518.56,0.0019157604246675321,1.971478972921178
TSLA,Musk Elon,"Director,Officer,TenPercentOwner",2022-08-08,S,19407.0,880.05,17079130.349999998,0.0019157604246675321,1.971478972921178
TSLA,Musk Elon,"Director,Officer,TenPercentOwner",2022-08-08,S,37139.0,880.84,32713516.76,0.0019157604246675321,1.971478972921178
TSLA,Musk Elon,"Director,Officer,TenPercentOwner",2022-08-05,S,20628.0,892.75,18415647.0,0.0020958353524412254,1.9857765161492509
TSLA,Musk Elon,"Director,Officer,TenPercentOwner",2022-08-05,S,6152.0,893.81,5498719.12,0.0020958353524412254,1.9857765161492509
TSLA,Musk Elon,"Director,Officer,TenPercentOwner",2022-08-05,S,17717.0,895.06,15857778.02,0.0020958353524412254,1.9857765161492509
TSLA,Musk Elon,"Director,Officer,TenPercentOwner",2022-08-05,S,42430.0,895.75,38006672.5,0.0020958353524412254,1.9857765161492509
TSLA,Musk Elon,"Director,Officer,TenPercentOwner",2022-08-05,S,38790.0,897.95,34831480.5,0.0020958353524412254,1.9857765161492509
TSLA,Musk Elon,"Director,Officer,TenPercentOwner",2022-08-05,S,60728.0,898.94,54590828.32,0.0020958353524412254,1.9857765161492509
TSLA,Musk Elon,"Director,Officer,TenPercentOwner",2022-08-05,S,64783.0,899.85,58294982.55,0.0020958353524412254,1.9857765161492509
TSLA,Musk Elon,"Director,Officer,TenPercentOwner",2022-08-05,S,44887.0,900.93,40440044.91,0.0020958353524412254,1.9857765161492509
TSLA,Musk Elon,"Director,Officer,TenPercentOwner",2022-08-05,S,48949.0,901.89,44146613.61,0.0020958353524412254,1.9857765161492509
TSLA,Musk Elon,"Director,Officer,TenPercentOwner",2022-08-05,S,95114.0,902.76,85865114.64,0.0020958353524412254,1.9857765161492509
TSLA,Musk Elon,"Director,Officer,TenPercentOwner",2022-08-05,S,96047.0,903.9,86816883.3,0.0020958353524412254,1.9857765161492509
TSLA,Musk Elon,"Director,Officer,TenPercentOwner",2022-08-05,S,134384.0,904.83,121594674.72,0.0020958353524412254,1.9857765161492509
TSLA,Musk Elon,"Director,Officer,TenPercentOwner",2022-08-05,S,58886.0,905.82,53340116.52,0.0020958353524412254,1.9857765161492509
TSLA,Musk Elon,"Director,Officer,TenPercentOwner",2022-08-05,S,10078.0,906.89,9139637.42,0.0020958353524412254,1.9857765161492509
TSLA,Musk Elon,"Director,Officer,TenPercentOwner",2022-08-05,S,12276.0,908.09,11147712.84,0.0020958353524412254,1.9857765161492509
TSLA,Musk Elon,"Director,Officer,TenPercentOwner",2022-08-05,S,38973.0,908.82,35419441.86,0.0020958353524412254,1.9857765161492509
TSLA,Musk Elon,"Director,Officer,TenPercentOwner",2022-08-05,S,1871.0,909.76,1702160.96,0.0020958353524412254,1.9857765161492509
TSLA,Musk Elon,"Director,Officer,TenPercentOwner",2022-08-05,S,14433.0,911.18,13151060.94,0.0020958353524412254,1.9857765161492509
TSLA,Musk Elon,"Director,Officer,TenPercentOwner",2022-08-05,S,10100.0,911.75,9208675.0,0.0020958353524412254,1.9857765161492509
TSLA,Musk Elon,"Director,Officer,TenPercentOwner",2022-08-05,S,59667.0,891.82,53212223.940000005,0.0020958353524412254,1.9857765161492509
TSLA,Musk Elon,"Director,Officer,TenPercentOwner",2022-08-05,S,15170.0,891.09,13517835.3,0.0020958353524412254,1.9857765161492509
TSLA,Musk Elon,"Director,Officer,TenPercentOwner",2022-08-05,S,35107.0,889.81,31238559.67,0.0020958353524412254,1.9857765161492509
TSLA,Musk Elon,"Director,Officer,TenPercentOwner",2022-08-05,S,29066.0,888.68,25830372.88,0.0020958353524412254,1.9857765161492509
TSLA,Musk Elon,"Director,Officer,TenPercentOwner",2022-08-05,S,35693.0,887.91,31692171.63,0.0020958353524412254,1.9857765161492509
TSLA,Musk Elon,"Director,Officer,TenPercentOwner",2022-08-05,S,30343.0,896.73,27209478.39,0.0020958353524412254,1.9857765161492509
TSLA,Musk Elon,"Director,Officer,TenPercentOwner",2022-08-05,S,61957.0,866.5,53685740.5,0.0020958353524412254,1.9857765161492509
TSLA,Musk Elon,"Director,Officer,TenPercentOwner",2022-08-05,S,45073.0,867.56,39103531.88,0.0020958353524412254,1.9857765161492509
TSLA,Musk Elon,"Director,Officer,TenPercentOwner",2022-08-05,S,17787.0,868.38,15445875.06,0.0020958353524412254,1.9857765161492509
TSLA,Musk Elon,"Director,Officer,TenPercentOwner",2022-08-05,S,37058.0,869.39,32217854.62,0.0020958353524412254,1.9857765161492509
TSLA,Musk Elon,"Director,Officer,TenPercentOwner",2022-08-05,S,64472.0,870.48,56121586.56,0.0020958353524412254,1.9857765161492509
TSLA,Musk Elon,"Director,Officer,TenPercentOwner",2022-08-05,S,79800.0,871.6,69553680.0,0.0020958353524412254,1.9857765161492509
TSLA,Musk Elon,"Director,Officer,TenPercentOwner",2022-08-05,S,96425.0,872.45,84125991.25,0.0020958353524412254,1.9857765161492509
TSLA,Musk Elon,"Director,Officer,TenPercentOwner",2022-08-05,S,96530.0,873.5,84318955.0,0.0020958353524412254,1.9857765161492509
TSLA,Musk Elon,"Director,Officer,TenPercentOwner",2022-08-05,S,91072.0,874.43,79636088.96,0.0020958353524412254,1.9857765161492509
TSLA,Musk Elon,"Director,Officer,TenPercentOwner",2022-08-05,S,113483.0,875.47,99350962.01,0.0020958353524412254,1.9857765161492509
TSLA,Musk Elon,"Director,Officer,TenPercentOwner",2022-08-05,S,123082.0,876.47,107877680.54,0.0020958353524412254,1.9857765161492509
TSLA,Musk Elon,"Director,Officer,TenPercentOwner",2022-08-05,S,58161.0,877.45,51033369.45,0.0020958353524412254,1.9857765161492509
TSLA,Musk Elon,"Director,Officer,TenPercentOwner",2022-08-05,S,109041.0,878.52,95794699.32,0.0020958353524412254,1.9857765161492509
TSLA,Musk Elon,"Director,Officer,TenPercentOwner",2022-08-05,S,85557.0,879.49,75246525.93,0.0020958353524412254,1.9857765161492509
TSLA,Musk Elon,"Director,Officer,TenPercentOwner",2022-08-05,S,87342.0,880.44,76899390.48,0.0020958353524412254,1.9857765161492509
TSLA,Musk Elon,"Director,Officer,TenPercentOwner",2022-08-05,S,79205.0,881.49,69818415.45,0.0020958353524412254,1.9857765161492509
TSLA,Musk Elon,"Director,Officer,TenPercentOwner",2022-08-05,S,102594.0,882.38,90526893.72,0.0020958353524412254,1.9857765161492509
TSLA,Musk Elon,"Director,Officer,TenPercentOwner",2022-08-05,S,55775.0,883.33,49267730.75,0.0020958353524412254,1.9857765161492509
TSLA,Musk Elon,"Director,Officer,TenPercentOwner",2022-08-05,S,30656.0,884.44,27113392.64,0.0020958353524412254,1.9857765161492509
TSLA,Musk Elon,"Director,Officer,TenPercentOwner",2022-08-05,S,22159.0,885.34,19618249.06,0.0020958353524412254,1.9857765161492509
TSLA,Musk Elon,"Director,Officer,TenPercentOwner",2022-08-05,S,47609.0,886.96,42227278.64,0.0020958353524412254,1.9857765161492509
TSLA,Musk Elon,"Director,Officer,TenPercentOwner",2022-08-05,S,26730.0,857.54,22922044.2,0.0020958353524412254,1.9857765161492509
TSLA,Musk Elon,"Director,Officer,TenPercentOwner",2022-08-05,S,48720.0,858.69,41835376.8,0.0020958353524412254,1.9857765161492509
TSLA,Musk Elon,"Director,Officer,TenPercentOwner",2022-08-05,S,36197.0,859.47,31110235.59,0.0020958353524412254,1.9857765161492509
TSLA,Musk Elon,"Director,Officer,TenPercentOwner",2022-08-05,S,141979.0,860.49,122171509.71,0.0020958353524412254,1.9857765161492509
TSLA,Musk Elon,"Director,Officer,TenPercentOwner",2022-08-05,S,96657.0,861.59,83278704.63000001,0.0020958353524412254,1.9857765161492509
TSLA,Musk Elon,"Director,Officer,TenPercentOwner",2022-08-05,S,105825.0,862.43,91266654.75,0.0020958353524412254,1.9857765161492509
TSLA,Musk Elon,"Director,Officer,TenPercentOwner",2022-08-05,S,118820.0,863.59,102611763.8,0.0020958353524412254,1.9857765161492509
TSLA,Musk Elon,"Director,Officer,TenPercentOwner",2022-08-05,S,112559.0,864.38,97293748.42,0.0020958353524412254,1.9857765161492509
TSLA,Musk Elon,"Director,Officer,TenPercentOwner",2022-08-05,S,85403.0,865.56,73921420.67999999,0.0020958353524412254,1.9857765161492509
AAPL,O'BRIEN DEIRDRE,Officer,2022-08-08,S,15366.0,164.86,2533238.76,0.0006798961825736985,1.2739812946813587
PG,Francisco Ma. Fatima,Officer,2022-08-08,S,4000.0,146.0,584000.0,0.0004350601864199636,0.4394167760465891
AAPL,Adams Katherine L.,Officer,2022-08-03,S,700.0,161.46,113022.0,0.0006590672393515312,1.2825645781711168
AAPL,Adams Katherine L.,Officer,2022-08-03,S,2928.0,162.43,475595.04,0.0006590672393515312,1.2825645781711168
AAPL,Adams Katherine L.,Officer,2022-08-03,S,5073.0,163.69,830399.37,0.0006590672393515312,1.2825645781711168
AAPL,Adams Katherine L.,Officer,2022-08-03,S,5031.0,164.69,828555.39,0.0006590672393515312,1.2825645781711168
AAPL,Adams Katherine L.,Officer,2022-08-03,S,5568.0,165.91,923786.88,0.0006590672393515312,1.2825645781711168
AAPL,Adams Katherine L.,Officer,2022-08-03,S,5700.0,166.28,947796.0,0.0006590672393515312,1.2825645781711168
PYPL,Alford Peggy,Officer,2022-08-04,S,21791.0,97.82,2131595.62,-0.004394248850454537,1.6261183419801426
META,Newstead Jennifer,Officer,2022-08-02,S,342.0,158.14,54083.88,-0.001502326532994232,1.8021447941836803
PG,Francisco Ma. Fatima,Officer,2022-08-03,S,2000.0,145.0,290000.0,0.00022627124510826892,0.43180336447407575
TSLA,Wilson-Thompson Kathleen,Director,2022-08-01,S,8750.0,904.0,7910000.0,0.0017543476387551068,1.952981683787887
TSLA,Wilson-Thompson Kathleen,Director,2022-07-29,S,17500.0,863.78,15116150.0,0.0020041859597971262,1.9300516255740845
TSLA,Baglino Andrew D,Officer,2022-07-27,S,3500.0,791.5,2770250.0,0.00202718552635559,1.9238390959580887
UNH,REX JOHN F,Officer,2022-07-29,S,13183.0,541.53,7138989.989999999,0.0010817157122549725,0.6735531156465973
V,KELLY ALFRED F JR,"Director,Officer",2022-07-29,S,9000.0,212.11,1908990.0,-0.00016341937242800664,1.0804387339499963
META,Newstead Jennifer,Officer,2022-07-26,S,342.0,165.8,56703.600000000006,-0.0019244628621225663,1.8038927687647086
UNH,HEMSLEY STEPHEN J,Director,2022-07-26,S,99312.0,534.27,53059422.24,0.0011577580319392967,0.6676515037512437
ADBE,Lewnes Ann,Officer,2022-07-28,S,794.0,400.0,317600.0,-0.0009626219077501834,1.5285234504762901
ADBE,Belsky Scott,Officer,2022-07-26,S,2711.0,393.58,1066995.38,-0.0009925472248286144,1.5329019390413239
ADBE,Garfield Mark S.,Officer,2022-07-22,S,132.0,409.75,54087.0,-0.0010285549201408141,1.5270645351595828
META,Newstead Jennifer,Officer,2022-07-19,S,342.0,170.37,58266.54,-0.0017844348114527272,1.8206185400923478
UNH,WITTY ANDREW,"Director,Officer",2022-07-18,S,11376.0,527.9,6005390.399999999,0.0009898334174549361,0.6709603879345234
META,Newstead Jennifer,Officer,2022-07-12,S,342.0,164.8,56361.600000000006,-0.0017229533818333628,1.8042426184970504
PG,Raman Sundar G.,Officer,2022-07-07,S,1599.0,145.12,232046.88,0.0005615208476986236,0.41591739138656775
META,Newstead Jennifer,Officer,2022-07-05,S,342.0,158.12,54077.04,-0.0014866031197614325,1.790644539897481
VZ,Silliman Craig L.,Officer,2022-07-05,S,1558.0,51.42,80112.36,-0.0002531813858244198,0.24590374762396336
TSLA,Baglino Andrew D,Officer,2022-12-27,S,10500.0,117.5,1233750.0,-0.0006989158900926219,1.7705886671073117
META,Newstead Jennifer,Officer,2022-12-28,S,342.0,116.44,39822.48,-0.0027479752841426536,1.7363666849018597
META,Newstead Jennifer,Officer,2022-12-21,S,342.0,116.7,39911.4,-0.003227532827354299,1.7714034129701592
NVDA,STEVENS MARK A,Director,2022-12-21,S,58600.0,165.08,9673688.0,-0.0006393122571003982,2.168449382447269
NVDA,STEVENS MARK A,Director,2022-12-21,S,1400.0,165.57,231798.0,-0.0006393122571003982,2.168449382447269
ADBE,Rao Dana,Officer,2022-12-20,S,5018.0,336.93,1690714.74,-0.0012770323176267053,1.420681597027112
ADBE,Garfield Mark S.,Officer,2022-12-19,S,132.0,338.0,44616.0,-0.0014923630649076565,1.4097007495819842
NVDA,Dabiri John,Director,2022-12-19,S,293.0,165.8,48579.4,-0.000632025945191013,2.1711103521834083
META,Newstead Jennifer,Officer,2022-12-14,S,342.0,119.63,40913.46,-0.0035000524098982915,1.752692748703754
NVDA,Robertson Donald F Jr,Officer,2022-12-15,S,2494.0,167.89,418717.66,-0.0008173434950318141,2.1660818848922996
JNJ,Wolk Joseph J,Officer,2022-12-13,S,1855.0,179.46,332898.3,0.00046354755832595353,0.30812282697561627
JNJ,Wolk Joseph J,Officer,2022-12-13,S,12926.0,179.62,2321768.12,0.00046354755832595353,0.30812282697561627
TSLA,Musk Elon,"Director,Officer,TenPercentOwner",2022-12-14,S,568261.0,160.93,91450242.73,0.0006880430010742365,1.843552435173352
TSLA,Musk Elon,"Director,Officer,TenPercentOwner",2022-12-14,S,47432.0,161.52,7661216.640000001,0.0006880430010742365,1.843552435173352
TSLA,Musk Elon,"Director,Officer,TenPercentOwner",2022-12-12,S,1820804.0,168.06,306004320.24,0.0005747140590743508,1.8403438456846821
TSLA,Musk Elon,"Director,Officer,TenPercentOwner",2022-12-12,S,1020447.0,168.93,172384111.71,0.0005747140590743508,1.8403438456846821
TSLA,Musk Elon,"Director,Officer,TenPercentOwner",2022-12-12,S,363749.0,169.98,61830055.02,0.0005747140590743508,1.8403438456846821
TSLA,Musk Elon,"Director,Officer,TenPercentOwner",2022-12-13,S,235418.0,157.55,37090105.900000006,0.0005918011206868082,1.8398266102754512
TSLA,Musk Elon,"Director,Officer,TenPercentOwner",2022-12-13,S,626066.0,158.51,99237721.66,0.0005918011206868082,1.8398266102754512
TSLA,Musk Elon,"Director,Officer,TenPercentOwner",2022-12-13,S,702969.0,159.52,112137614.88,0.0005918011206868082,1.8398266102754512
TSLA,Musk Elon,"Director,Officer,TenPercentOwner",2022-12-13,S,2294072.0,160.75,368772074.0,0.0005918011206868082,1.8398266102754512
TSLA,Musk Elon,"Director,Officer,TenPercentOwner",2022-12-13,S,1868138.0,161.44,301592198.72,0.0005918011206868082,1.8398266102754512
TSLA,Musk Elon,"Director,Officer,TenPercentOwner",2022-12-13,S,2208110.0,162.43,358663307.3,0.0005918011206868082,1.8398266102754512
TSLA,Musk Elon,"Director,Officer,TenPercentOwner",2022-12-13,S,466672.0,163.55,76324205.60000001,0.0005918011206868082,1.8398266102754512
TSLA,Musk Elon,"Director,Officer,TenPercentOwner",2022-12-13,S,234591.0,164.25,38531571.75,0.0005918011206868082,1.8398266102754512
TSLA,Musk Elon,"Director,Officer,TenPercentOwner",2022-12-13,S,89471.0,165.73,14828028.829999998,0.0005918011206868082,1.8398266102754512
TSLA,Musk Elon,"Director,Officer,TenPercentOwner",2022-12-13,S,380964.0,166.52,63438125.28,0.0005918011206868082,1.8398266102754512
TSLA,Musk Elon,"Director,Officer,TenPercentOwner",2022-12-13,S,473518.0,167.59,79356881.62,0.0005918011206868082,1.8398266102754512
TSLA,Musk Elon,"Director,Officer,TenPercentOwner",2022-12-13,S,240269.0,168.53,40492534.57,0.0005918011206868082,1.8398266102754512
TSLA,Musk Elon,"Director,Officer,TenPercentOwner",2022-12-13,S,129795.0,169.45,21993762.75,0.0005918011206868082,1.8398266102754512
TSLA,Musk Elon,"Director,Officer,TenPercentOwner",2022-12-13,S,148750.0,170.53,25366337.5,0.0005918011206868082,1.8398266102754512
TSLA,Musk Elon,"Director,Officer,TenPercentOwner",2022-12-13,S,540935.0,171.68,92867720.8,0.0005918011206868082,1.8398266102754512
TSLA,Musk Elon,"Director,Officer,TenPercentOwner",2022-12-13,S,378017.0,172.62,65253294.54,0.0005918011206868082,1.8398266102754512
TSLA,Musk Elon,"Director,Officer,TenPercentOwner",2022-12-13,S,720996.0,173.59,125157695.64,0.0005918011206868082,1.8398266102754512
TSLA,Musk Elon,"Director,Officer,TenPercentOwner",2022-12-13,S,135704.0,174.65,23700703.6,0.0005918011206868082,1.8398266102754512
TSLA,Musk Elon,"Director,Officer,TenPercentOwner",2022-12-13,S,45545.0,176.7,8047801.499999999,0.0005918011206868082,1.8398266102754512
TSLA,Musk Elon,"Director,Officer,TenPercentOwner",2022-12-14,S,615047.0,156.14,96033438.58,0.0006880430010742365,1.843552435173352
TSLA,Musk Elon,"Director,Officer,TenPercentOwner",2022-12-14,S,1782089.0,156.95,279698868.54999995,0.0006880430010742365,1.843552435173352
TSLA,Musk Elon,"Director,Officer,TenPercentOwner",2022-12-14,S,1157065.0,157.98,182793128.7,0.0006880430010742365,1.843552435173352
TSLA,Musk Elon,"Director,Officer,TenPercentOwner",2022-12-14,S,1391103.0,158.93,221087999.79,0.0006880430010742365,1.843552435173352
TSLA,Musk Elon,"Director,Officer,TenPercentOwner",2022-12-14,S,1309003.0,159.88,209283399.64,0.0006880430010742365,1.843552435173352
META,Newstead Jennifer,Officer,2022-12-07,S,342.0,113.89,38950.38,-0.0019118386336995823,1.7199865094946196
UNH,McSweeney Erin,Officer,2022-12-07,S,450.0,542.3,244035.0,0.001282386592326466,0.6189682770344022
TSLA,Taneja Vaibhav,Officer,2022-12-06,S,3767.75,178.07,670923.2424999999,0.00012411951710154172,1.8643685805126087
TSLA,Kirkhorn Zachary,Officer,2022-12-05,S,3750.0,189.5,710625.0,0.0003174795142497959,1.8754109552099307
TSLA,Kirkhorn Zachary,Officer,2022-12-06,S,7583.75,178.07,1350438.3625,0.00012411951710154172,1.8643685805126087
TSLA,Baglino Andrew D,Officer,2022-12-06,S,1312.25,178.07,233672.3575,0.00012411951710154172,1.8643685805126087
UNH,McSweeney Erin,Officer,2022-12-02,S,616.0,535.0,329560.0,0.001356983131422214,0.6205080369518273
V,Taneja Rajat,Officer,2022-12-02,S,15627.0,217.0,3391059.0,0.0008246604149224516,0.9728486691474988
V,Taneja Rajat,Officer,2022-12-02,S,10000.0,216.15,2161500.0,0.0008246604149224516,0.9728486691474988
ADBE,Garfield Mark S.,Officer,2022-12-06,S,474.0,334.09,158358.65999999997,-0.0016217993444313037,1.4332048965257256
MA,Vosburg Craig,Officer,2022-12-01,S,6334.0,360.03,2280430.02,0.0008358790170892692,1.0883766149810654
META,Newstead Jennifer,Officer,2022-11-30,S,342.0,109.38,37407.96,-0.0018139132196622618,1.731358277983681
MSFT,Althoff Judson,Officer,2022-12-01,S,4541.0,253.42,1150780.22,-0.00018531088781185534,1.2415370430570538
MSFT,Althoff Judson,Officer,2022-12-01,S,6802.0,254.48,1730972.96,-0.00018531088781185534,1.2415370430570538
MSFT,Althoff Judson,Officer,2022-12-01,S,1400.0,251.61,352254.0,-0.00018531088781185534,1.2415370430570538
MSFT,Althoff Judson,Officer,2022-12-01,S,400.0,256.05,102420.0,-0.00018531088781185534,1.2415370430570538
MSFT,Althoff Judson,Officer,2022-12-01,S,2815.0,252.58,711012.7000000001,-0.00018531088781185534,1.2415370430570538
MSFT,Althoff Judson,Officer,2022-12-01,S,8186.0,255.52,2091686.72,-0.00018531088781185534,1.2415370430570538
JNJ,McEvoy Ashley,Officer,2022-11-30,S,71923.0,175.46,12619609.58,0.0005930888476330146,0.2881441805017338
JNJ,McEvoy Ashley,Officer,2022-11-30,S,1400.0,176.09,246526.0,0.0005930888476330146,0.2881441805017338
V,Taneja Rajat,Officer,2022-12-01,S,40457.0,216.96,8777550.72,0.0007639578202565586,0.9748597625683266
V,CARNEY LLOYD,Director,2022-11-30,S,1060.0,209.15,221699.0,0.0008903739963031359,0.9835684269329212
TSLA,Baglino Andrew D,Officer,2022-11-28,S,10500.0,179.57,1885485.0,4.512010484347176e-05,1.8469682883071217
AAPL,KONDO CHRIS,Officer,2022-11-22,S,20200.0,148.72,3004144.0,0.000928276184910783,1.2363319192803661
META,Newstead Jennifer,Officer,2022-11-23,S,342.0,111.6,38167.2,-0.0017739511974561614,1.7466624471588708
AMZN,Herrington Douglas J,Officer,2022-11-21,S,7456.0,94.0,700864.0,0.0001339615498396728,1.622403092399152
JNJ,Taubert Jennifer L,Officer,2022-11-22,S,76923.0,176.78,13598447.94,0.000526497465296991,0.2874055400882142
AMZN,Olsavsky Brian T,Officer,2022-11-21,S,15240.0,94.0,1432560.0,0.0001339615498396728,1.622403092399152
AMZN,Zapolsky David,Officer,2022-11-21,S,8380.0,94.0,787720.0,0.0001339615498396728,1.622403092399152
AMZN,Reynolds Shelley,Officer,2022-11-21,S,3500.0,94.0,329000.0,0.0001339615498396728,1.622403092399152
NVDA,Dabiri John,Director,2022-11-21,S,495.0,151.11,74799.45000000001,-0.0013722262800747488,2.237671614804738
PG,Raman Sundar G.,Officer,2022-11-21,S,9922.0,145.0,1438690.0,-0.00014860437163215925,0.44433251098699644
JNJ,Decker Robert J,Officer,2022-11-18,S,16928.0,175.0,2962400.0,0.00041056874464513786,0.2904428318964942
HD,Siddiqui Fahim,Officer,2022-11-17,S,2000.0,311.29,622580.0,-0.0004285140969598085,0.8669860023670664
HD,Santilli Paula,Director,2022-11-16,P,1583.0,315.8,499911.4,-0.00036050934145999896,0.8714498456398426
HD,Roseborough Teresa Wynn,Officer,2022-11-16,S,5000.0,311.72,1558600.0000000002,-0.00036050934145999896,0.8714498456398426
HD,KINNAIRD JEFFREY G,Officer,2022-11-18,S,6403.0,311.65,1995494.95,-0.0004525358526685714,0.8649305300176771
HD,Decker Edward P.,Officer,2022-11-16,S,768.0,313.9,241075.2,-0.00036050934145999896,0.8714498456398426
HD,Decker Edward P.,Officer,2022-11-16,S,30280.0,314.47,9522151.6,-0.00036050934145999896,0.8714498456398426
HD,Decker Edward P.,Officer,2022-11-16,S,13030.0,315.47,4110574.100000001,-0.00036050934145999896,0.8714498456398426
HD,Carey Matt,Officer,2022-11-16,S,9528.0,315.63,3007322.64,-0.00036050934145999896,0.8714498456398426
HD,Campbell Ann Marie,Officer,2022-11-17,S,230.0,310.79,71481.70000000001,-0.0004285140969598085,0.8669860023670664
META,Clegg Nicholas,Officer,2022-11-15,S,6019.0,114.22,687490.18,-0.0018217350661008606,1.7547516037267283
META,Clegg Nicholas,Officer,2022-11-16,S,8899.0,114.39,1017956.61,-0.0018393275273411406,1.7548464343169743
META,LI SUSAN J,Officer,2022-11-15,S,6261.0,114.22,715131.42,-0.0018217350661008606,1.7547516037267283
META,LI SUSAN J,Officer,2022-11-15,S,4702.0,114.22,537062.44,-0.0018217350661008606,1.7547516037267283
META,Olivan Javier,Officer,2022-11-15,S,11715.0,114.22,1338087.3,-0.0018217350661008606,1.7547516037267283
META,Taylor Susan J.S.,Officer,2022-11-16,S,1421.0,114.39,162548.19,-0.0018393275273411406,1.7548464343169743
META,Newstead Jennifer,Officer,2022-11-16,S,342.0,114.39,39121.38,-0.0018393275273411406,1.7548464343169743
META,Levine Marne L.,Officer,2022-11-15,S,10254.0,114.22,1171211.88,-0.0018217350661008606,1.7547516037267283
META,Bosworth Andrew,Officer,2022-11-15,S,11718.0,114.22,1338429.96,-0.0018217350661008606,1.7547516037267283
META,Bosworth Andrew,Officer,2022-11-16,S,800.0,115.66,92528.0,-0.0018393275273411406,1.7548464343169743
META,Bosworth Andrew,Officer,2022-11-16,S,7361.0,114.04,839448.4400000001,-0.0018393275273411406,1.7548464343169743
META,Bosworth Andrew,Officer,2022-11-16,S,6709.0,114.99,771467.9099999999,-0.0018393275273411406,1.7548464343169743
META,Bosworth Andrew,Officer,2022-11-16,S,600.0,115.69,69414.0,-0.0018393275273411406,1.7548464343169743
META,Bosworth Andrew,Officer,2022-11-16,S,7400.0,114.06,844044.0,-0.0018393275273411406,1.7548464343169743
META,Bosworth Andrew,Officer,2022-11-16,S,6800.0,114.97,781796.0,-0.0018393275273411406,1.7548464343169743
AMZN,Herrington Douglas J,Officer,2022-11-15,S,15787.0,103.1,1627639.7,0.00014302609459240963,1.6279914775276152
AMZN,Jassy Andrew R,"Director,Officer",2022-11-15,S,3810.0,102.22,389458.2,0.00014302609459240963,1.6279914775276152
AMZN,Jassy Andrew R,"Director,Officer",2022-11-15,S,8562.0,101.59,869813.5800000001,0.00014302609459240963,1.6279914775276152
AMZN,Jassy Andrew R,"Director,Officer",2022-11-15,S,2295.0,103.4,237303.0,0.00014302609459240963,1.6279914775276152
AMZN,Jassy Andrew R,"Director,Officer",2022-11-15,S,8953.0,100.53,900045.09,0.00014302609459240963,1.6279914775276152
AMZN,Selipsky Adam,Officer,2022-11-15,S,1140.0,103.39,117864.6,0.00014302609459240963,1.6279914775276152
AMZN,Selipsky Adam,Officer,2022-11-15,S,5262.0,100.59,529304.5800000001,0.00014302609459240963,1.6279914775276152
AMZN,Selipsky Adam,Officer,2022-11-15,S,5457.0,101.71,555031.47,0.00014302609459240963,1.6279914775276152
AMZN,Selipsky Adam,Officer,2022-11-15,S,1136.0,102.41,116337.76,0.00014302609459240963,1.6279914775276152
AMZN,Huttenlocher Daniel P,Director,2022-11-17,S,360.0,96.29,34664.4,6.640130548187904e-06,1.6227564091366473
AMZN,Huttenlocher Daniel P,Director,2022-11-17,S,1360.0,95.54,129934.4,6.640130548187904e-06,1.6227564091366473
MA,Mastercard Foundation,TenPercentOwner,2022-11-10,S,177211.0,332.51,58924429.61,0.00041871835984649467,1.1291854670600843
MA,Mastercard Foundation,TenPercentOwner,2022-11-11,S,177214.0,339.09,60091495.26,0.00037110882175959764,1.123583325294269
JPM,Petno Douglas B,Officer,2022-11-10,S,5139.0,135.01,693816.3899999999,-0.0009348625231600758,0.8653768340232572
JPM,Scher Peter,Officer,2022-11-10,S,1311.0,133.02,174389.22,-0.0009348625231600758,0.8653768340232572
PG,Raman Sundar G.,Officer,2022-11-10,S,5000.0,138.81,694050.0,2.626099391603289e-05,0.43001072064352064
PG,Raman Sundar G.,Officer,2022-11-10,S,9922.0,140.0,1389080.0,2.626099391603289e-05,0.43001072064352064
META,Newstead Jennifer,Officer,2022-11-08,S,327.0,95.93,31369.11,-0.0015829462798233114,1.7993394485575736
JNJ,Wengel Kathryn E,Officer,2022-11-09,S,16410.0,173.42,2845822.2,0.000494452941404074,0.2830184335432566
MA,Mastercard Foundation,TenPercentOwner,2022-11-09,S,177211.0,318.14,56377907.54,0.00032000812794921203,1.1340366045086288
MA,Mastercard Foundation,TenPercentOwner,2022-11-07,S,177211.0,319.89,56688026.79,0.0005750388525110014,1.1312428106872108
MA,Mastercard Foundation,TenPercentOwner,2022-11-08,S,177211.0,327.41,58020653.510000005,0.0005759751075350263,1.1308998527443481
PG,Keith R. Alexandra,Officer,2022-11-08,S,26293.0,137.44,3613709.92,0.0001768240033270802,0.42461851207623524
PG,Keith R. Alexandra,Officer,2022-11-08,S,7675.0,137.44,1054852.0,0.0001768240033270802,0.42461851207623524
TSLA,Musk Elon,"Director,Officer,TenPercentOwner",2022-11-08,S,366242.0,190.45,69750788.89999999,0.001950454116422932,1.9258586938404092
TSLA,Musk Elon,"Director,Officer,TenPercentOwner",2022-11-08,S,3107623.0,191.47,595016575.81,0.001950454116422932,1.9258586938404092
TSLA,Musk Elon,"Director,Officer,TenPercentOwner",2022-11-08,S,376134.0,192.2,72292954.8,0.001950454116422932,1.9258586938404092
TSLA,Musk Elon,"Director,Officer,TenPercentOwner",2022-11-08,S,8575.0,196.85,1687988.75,0.001950454116422932,1.9258586938404092
TSLA,Musk Elon,"Director,Officer,TenPercentOwner",2022-11-08,S,67609.0,195.15,13193896.35,0.001950454116422932,1.9258586938404092
TSLA,Musk Elon,"Director,Officer,TenPercentOwner",2022-11-08,S,78604.0,193.34,15197297.36,0.001950454116422932,1.9258586938404092
TSLA,Musk Elon,"Director,Officer,TenPercentOwner",2022-11-08,S,198124.0,194.98,38630217.52,0.001950454116422932,1.9258586938404092
TSLA,Musk Elon,"Director,Officer,TenPercentOwner",2022-11-08,S,192320.0,189.58,36460025.6,0.001950454116422932,1.9258586938404092
TSLA,Musk Elon,"Director,Officer,TenPercentOwner",2022-11-08,S,4769.0,197.7,942831.3,0.001950454116422932,1.9258586938404092
TSLA,Musk Elon,"Director,Officer,TenPercentOwner",2022-11-07,S,42932.0,206.43,8862452.76,0.001313515056558242,1.9328110338543762
TSLA,Musk Elon,"Director,Officer,TenPercentOwner",2022-11-07,S,52445.0,205.33,10768531.85,0.001313515056558242,1.9328110338543762
TSLA,Musk Elon,"Director,Officer,TenPercentOwner",2022-11-07,S,239491.0,204.63,49007043.33,0.001313515056558242,1.9328110338543762
TSLA,Musk Elon,"Director,Officer,TenPercentOwner",2022-11-07,S,383525.0,203.48,78039667.0,0.001313515056558242,1.9328110338543762
TSLA,Musk Elon,"Director,Officer,TenPercentOwner",2022-11-07,S,513373.0,202.43,103922096.39,0.001313515056558242,1.9328110338543762
TSLA,Musk Elon,"Director,Officer,TenPercentOwner",2022-11-07,S,318902.0,201.54,64271509.08,0.001313515056558242,1.9328110338543762
TSLA,Musk Elon,"Director,Officer,TenPercentOwner",2022-11-07,S,1047768.0,200.31,209878408.08,0.001313515056558242,1.9328110338543762
TSLA,Musk Elon,"Director,Officer,TenPercentOwner",2022-11-07,S,1747633.0,199.45,348565401.85,0.001313515056558242,1.9328110338543762
TSLA,Musk Elon,"Director,Officer,TenPercentOwner",2022-11-07,S,151958.0,197.98,30084644.84,0.001313515056558242,1.9328110338543762
TSLA,Musk Elon,"Director,Officer,TenPercentOwner",2022-11-07,S,773531.0,197.2,152540313.2,0.001313515056558242,1.9328110338543762
TSLA,Musk Elon,"Director,Officer,TenPercentOwner",2022-11-07,S,157983.0,208.73,32975791.59,0.001313515056558242,1.9328110338543762
TSLA,Musk Elon,"Director,Officer,TenPercentOwner",2022-11-07,S,20459.0,207.96,4254653.640000001,0.001313515056558242,1.9328110338543762
TSLA,Musk Elon,"Director,Officer,TenPercentOwner",2022-11-04,S,91943.0,209.88,19296996.84,0.0009873566832385699,1.935068405194037
TSLA,Musk Elon,"Director,Officer,TenPercentOwner",2022-11-04,S,944828.0,210.76,199131949.28,0.0009873566832385699,1.935068405194037
TSLA,Musk Elon,"Director,Officer,TenPercentOwner",2022-11-04,S,997104.0,207.36,206759485.44000003,0.0009873566832385699,1.935068405194037
TSLA,Musk Elon,"Director,Officer,TenPercentOwner",2022-11-04,S,2686528.0,206.67,555224741.76,0.0009873566832385699,1.935068405194037
TSLA,Musk Elon,"Director,Officer,TenPercentOwner",2022-11-04,S,1091614.0,205.6,224435838.4,0.0009873566832385699,1.935068405194037
TSLA,Musk Elon,"Director,Officer,TenPercentOwner",2022-11-04,S,998114.0,204.6,204214124.4,0.0009873566832385699,1.935068405194037
TSLA,Musk Elon,"Director,Officer,TenPercentOwner",2022-11-04,S,485578.0,203.67,98897671.26,0.0009873566832385699,1.935068405194037
TSLA,Musk Elon,"Director,Officer,TenPercentOwner",2022-11-04,S,148678.0,208.43,30988955.540000003,0.0009873566832385699,1.935068405194037
TSLA,Musk Elon,"Director,Officer,TenPercentOwner",2022-11-04,S,244561.0,219.91,53781409.51,0.0009873566832385699,1.935068405194037
TSLA,Musk Elon,"Director,Officer,TenPercentOwner",2022-11-04,S,249580.0,219.22,54712927.6,0.0009873566832385699,1.935068405194037
TSLA,Musk Elon,"Director,Officer,TenPercentOwner",2022-11-04,S,196661.0,217.7,42813099.7,0.0009873566832385699,1.935068405194037
TSLA,Musk Elon,"Director,Officer,TenPercentOwner",2022-11-04,S,90493.0,216.63,19603498.59,0.0009873566832385699,1.935068405194037
TSLA,Musk Elon,"Director,Officer,TenPercentOwner",2022-11-04,S,93045.0,215.61,20061432.450000003,0.0009873566832385699,1.935068405194037
TSLA,Musk Elon,"Director,Officer,TenPercentOwner",2022-11-04,S,222303.0,214.86,47764022.580000006,0.0009873566832385699,1.935068405194037
TSLA,Musk Elon,"Director,Officer,TenPercentOwner",2022-11-04,S,137877.0,213.53,29440875.81,0.0009873566832385699,1.935068405194037
TSLA,Musk Elon,"Director,Officer,TenPercentOwner",2022-11-04,S,307416.0,212.49,65322825.84,0.0009873566832385699,1.935068405194037
TSLA,Musk Elon,"Director,Officer,TenPercentOwner",2022-11-04,S,663677.0,211.41,140307954.57,0.0009873566832385699,1.935068405194037
TSLA,Kirkhorn Zachary,Officer,2022-11-04,S,3750.75,222.5,834541.875,0.0009873566832385699,1.935068405194037
JNJ,Mongon Thibaut,Officer,2022-11-04,S,18293.0,171.22,3132127.46,0.000546436209089991,0.2788482150975213
JNJ,Mongon Thibaut,Officer,2022-11-04,S,16953.0,171.14,2901336.42,0.000546436209089991,0.2788482150975213
META,Newstead Jennifer,Officer,2022-11-01,S,342.0,94.31,32254.02,-0.0016468136636405399,1.8104861094937807
AMZN,Selipsky Adam,Officer,2022-11-01,S,120.0,102.23,12267.6,0.00027363359082544663,1.657289603861536
AMZN,Selipsky Adam,Officer,2022-11-01,S,120.0,100.55,12066.0,0.00027363359082544663,1.657289603861536
AAPL,Maestri Luca,Officer,2022-10-28,S,14274.0,154.7,2208187.8,0.001124756489778868,1.2609903137218619
AAPL,Maestri Luca,Officer,2022-10-28,S,85147.0,155.63,13251427.61,0.001124756489778868,1.2609903137218619
AAPL,Maestri Luca,Officer,2022-10-28,S,69678.0,156.46,10901819.88,0.001124756489778868,1.2609903137218619
AAPL,Maestri Luca,Officer,2022-10-28,S,7200.0,157.2,1131840.0,0.001124756489778868,1.2609903137218619
MA,Kirkpatrick Linda Pistecchia,Officer,2022-10-28,S,7064.0,320.0,2260480.0,0.0007379129792068921,1.1327798675089695
TSLA,Baglino Andrew D,Officer,2022-10-27,S,10500.0,229.95,2414475.0,0.0013511831671098428,1.9385977034602169
META,Newstead Jennifer,Officer,2022-10-25,S,342.0,130.8,44733.600000000006,-0.0015178808566385588,1.815924648316095
JPM,Scher Peter,Officer,2022-10-26,S,1310.0,125.02,163776.19999999998,-0.0009413229644601182,0.8568506631785728
JPM,Petno Douglas B,Officer,2022-10-26,S,5139.0,125.02,642477.78,-0.0009413229644601182,0.8568506631785728
JPM,Leopold Robin,Officer,2022-10-26,S,2000.0,125.07,250140.0,-0.0009413229644601182,0.8568506631785728
JNJ,Fasolo Peter,Officer,2022-10-24,S,1073.0,171.36,183869.28000000003,0.0003237257624371981,0.2699230504073758
JNJ,Fasolo Peter,Officer,2022-10-24,S,900.0,171.36,154224.0,0.0003237257624371981,0.2699230504073758
JNJ,Fasolo Peter,Officer,2022-10-24,S,900.0,171.36,154224.0,0.0003237257624371981,0.2699230504073758
JNJ,Fasolo Peter,Officer,2022-10-24,S,900.0,171.36,154224.0,0.0003237257624371981,0.2699230504073758
JNJ,Fasolo Peter,Officer,2022-10-24,S,830.0,171.36,142228.80000000002,0.0003237257624371981,0.2699230504073758
JNJ,Fasolo Peter,Officer,2022-10-24,S,1912.0,171.36,327640.32,0.0003237257624371981,0.2699230504073758
JNJ,Fasolo Peter,Officer,2022-10-24,S,1780.0,171.36,305020.80000000005,0.0003237257624371981,0.2699230504073758
JNJ,Fasolo Peter,Officer,2022-10-24,S,1757.0,171.36,301079.52,0.0003237257624371981,0.2699230504073758
JNJ,Fasolo Peter,Officer,2022-10-24,S,1540.0,171.36,263894.4,0.0003237257624371981,0.2699230504073758
JNJ,Fasolo Peter,Officer,2022-10-24,S,1499.0,171.36,256868.64,0.0003237257624371981,0.2699230504073758
JNJ,Fasolo Peter,Officer,2022-10-24,S,1462.0,171.36,250528.32,0.0003237257624371981,0.2699230504073758
JNJ,Fasolo Peter,Officer,2022-10-24,S,1390.0,171.36,238190.4,0.0003237257624371981,0.2699230504073758
JNJ,Fasolo Peter,Officer,2022-10-24,S,1271.0,171.36,217798.56000000003,0.0003237257624371981,0.2699230504073758
JNJ,Fasolo Peter,Officer,2022-10-24,S,1180.0,171.36,202204.8,0.0003237257624371981,0.2699230504073758
JNJ,Fasolo Peter,Officer,2022-10-24,S,1159.0,171.36,198606.24,0.0003237257624371981,0.2699230504073758
JNJ,Fasolo Peter,Officer,2022-10-24,S,1100.0,171.36,188496.00000000003,0.0003237257624371981,0.2699230504073758
JNJ,Fasolo Peter,Officer,2022-10-24,S,1088.0,171.36,186439.68,0.0003237257624371981,0.2699230504073758
JNJ,Fasolo Peter,Officer,2022-10-24,S,1000.0,171.36,171360.0,0.0003237257624371981,0.2699230504073758
JNJ,Fasolo Peter,Officer,2022-10-24,S,1000.0,171.36,171360.0,0.0003237257624371981,0.2699230504073758
JNJ,Fasolo Peter,Officer,2022-10-24,S,963.0,171.36,165019.68000000002,0.0003237257624371981,0.2699230504073758
JNJ,Fasolo Peter,Officer,2022-10-24,S,943.0,171.36,161592.48,0.0003237257624371981,0.2699230504073758
JNJ,Fasolo Peter,Officer,2022-10-24,S,927.0,171.36,158850.72,0.0003237257624371981,0.2699230504073758
JNJ,Fasolo Peter,Officer,2022-10-24,S,901.0,171.36,154395.36000000002,0.0003237257624371981,0.2699230504073758
JNJ,Fasolo Peter,Officer,2022-10-24,S,900.0,171.36,154224.0,0.0003237257624371981,0.2699230504073758
JNJ,Fasolo Peter,Officer,2022-10-24,S,900.0,171.36,154224.0,0.0003237257624371981,0.2699230504073758
JNJ,Fasolo Peter,Officer,2022-10-24,S,700.0,171.36,119952.0,0.0003237257624371981,0.2699230504073758
JNJ,Fasolo Peter,Officer,2022-10-24,S,703.0,170.76,120044.28,0.0003237257624371981,0.2699230504073758
JNJ,Fasolo Peter,Officer,2022-10-24,S,690.0,171.36,118238.4,0.0003237257624371981,0.2699230504073758
JNJ,Fasolo Peter,Officer,2022-10-24,S,600.0,170.76,102456.0,0.0003237257624371981,0.2699230504073758
JNJ,Fasolo Peter,Officer,2022-10-24,S,641.0,171.36,109841.76,0.0003237257624371981,0.2699230504073758
JNJ,Fasolo Peter,Officer,2022-10-24,S,700.0,171.36,119952.0,0.0003237257624371981,0.2699230504073758
JNJ,Fasolo Peter,Officer,2022-10-24,S,582.0,170.76,99382.32,0.0003237257624371981,0.2699230504073758
JNJ,Fasolo Peter,Officer,2022-10-24,S,700.0,170.76,119532.0,0.0003237257624371981,0.2699230504073758
JNJ,Fasolo Peter,Officer,2022-10-24,S,556.0,170.76,94942.56,0.0003237257624371981,0.2699230504073758
JNJ,Fasolo Peter,Officer,2022-10-24,S,534.0,171.36,91506.24,0.0003237257624371981,0.2699230504073758
JNJ,Fasolo Peter,Officer,2022-10-24,S,529.0,171.36,90649.44,0.0003237257624371981,0.2699230504073758
JNJ,Fasolo Peter,Officer,2022-10-24,S,600.0,170.76,102456.0,0.0003237257624371981,0.2699230504073758
JNJ,Fasolo Peter,Officer,2022-10-24,S,600.0,171.36,102816.0,0.0003237257624371981,0.2699230504073758
JNJ,Fasolo Peter,Officer,2022-10-24,S,643.0,171.36,110184.48,0.0003237257624371981,0.2699230504073758
JNJ,Fasolo Peter,Officer,2022-10-24,S,613.0,171.36,105043.68,0.0003237257624371981,0.2699230504073758
JNJ,Fasolo Peter,Officer,2022-10-24,S,623.0,170.76,106383.48,0.0003237257624371981,0.2699230504073758
JNJ,Fasolo Peter,Officer,2022-10-24,S,825.0,171.36,141372.0,0.0003237257624371981,0.2699230504073758
JNJ,Fasolo Peter,Officer,2022-10-24,S,816.0,171.36,139829.76,0.0003237257624371981,0.2699230504073758
JNJ,Fasolo Peter,Officer,2022-10-24,S,800.0,171.36,137088.0,0.0003237257624371981,0.2699230504073758
JNJ,Fasolo Peter,Officer,2022-10-24,S,800.0,171.36,137088.0,0.0003237257624371981,0.2699230504073758
JNJ,Fasolo Peter,Officer,2022-10-24,S,800.0,171.36,137088.0,0.0003237257624371981,0.2699230504073758
JNJ,Fasolo Peter,Officer,2022-10-24,S,794.0,171.36,136059.84,0.0003237257624371981,0.2699230504073758
JNJ,Fasolo Peter,Officer,2022-10-24,S,789.0,170.76,134729.63999999998,0.0003237257624371981,0.2699230504073758
JNJ,Fasolo Peter,Officer,2022-10-24,S,780.0,171.36,133660.80000000002,0.0003237257624371981,0.2699230504073758
JNJ,Fasolo Peter,Officer,2022-10-24,S,769.0,171.36,131775.84,0.0003237257624371981,0.2699230504073758
JNJ,Fasolo Peter,Officer,2022-10-24,S,750.0,171.36,128520.0,0.0003237257624371981,0.2699230504073758
JNJ,Fasolo Peter,Officer,2022-10-24,S,746.0,171.36,127834.56,0.0003237257624371981,0.2699230504073758
JNJ,Fasolo Peter,Officer,2022-10-24,S,745.0,171.36,127663.2,0.0003237257624371981,0.2699230504073758
JNJ,Fasolo Peter,Officer,2022-10-24,S,725.0,171.36,124236.0,0.0003237257624371981,0.2699230504073758
JNJ,Fasolo Peter,Officer,2022-10-24,S,698.0,170.76,119190.48,0.0003237257624371981,0.2699230504073758
JNJ,Fasolo Peter,Officer,2022-10-24,S,372.0,170.76,63522.72,0.0003237257624371981,0.2699230504073758
JNJ,Fasolo Peter,Officer,2022-10-24,S,380.0,171.36,65116.8,0.0003237257624371981,0.2699230504073758
JNJ,Fasolo Peter,Officer,2022-10-24,S,400.0,171.36,68544.0,0.0003237257624371981,0.2699230504073758
JNJ,Fasolo Peter,Officer,2022-10-24,S,400.0,171.36,68544.0,0.0003237257624371981,0.2699230504073758
JNJ,Fasolo Peter,Officer,2022-10-24,S,400.0,171.36,68544.0,0.0003237257624371981,0.2699230504073758
JNJ,Fasolo Peter,Officer,2022-10-24,S,400.0,171.36,68544.0,0.0003237257624371981,0.2699230504073758
JNJ,Fasolo Peter,Officer,2022-10-24,S,400.0,171.36,68544.0,0.0003237257624371981,0.2699230504073758
JNJ,Fasolo Peter,Officer,2022-10-24,S,400.0,171.36,68544.0,0.0003237257624371981,0.2699230504073758
JNJ,Fasolo Peter,Officer,2022-10-24,S,400.0,171.36,68544.0,0.0003237257624371981,0.2699230504073758
JNJ,Fasolo Peter,Officer,2022-10-24,S,400.0,170.76,68304.0,0.0003237257624371981,0.2699230504073758
JNJ,Fasolo Peter,Officer,2022-10-24,S,400.0,170.76,68304.0,0.0003237257624371981,0.2699230504073758
JNJ,Fasolo Peter,Officer,2022-10-24,S,400.0,170.76,68304.0,0.0003237257624371981,0.2699230504073758
JNJ,Fasolo Peter,Officer,2022-10-24,S,419.0,170.76,71548.44,0.0003237257624371981,0.2699230504073758
JNJ,Fasolo Peter,Officer,2022-10-24,S,443.0,171.36,75912.48000000001,0.0003237257624371981,0.2699230504073758
JNJ,Fasolo Peter,Officer,2022-10-24,S,470.0,171.36,80539.20000000001,0.0003237257624371981,0.2699230504073758
JNJ,Fasolo Peter,Officer,2022-10-24,S,478.0,171.36,81910.08,0.0003237257624371981,0.2699230504073758
JNJ,Fasolo Peter,Officer,2022-10-24,S,498.0,171.36,85337.28000000001,0.0003237257624371981,0.2699230504073758
JNJ,Fasolo Peter,Officer,2022-10-24,S,500.0,171.36,85680.0,0.0003237257624371981,0.2699230504073758
JNJ,Fasolo Peter,Officer,2022-10-24,S,500.0,171.36,85680.0,0.0003237257624371981,0.2699230504073758
JNJ,Fasolo Peter,Officer,2022-10-24,S,500.0,171.36,85680.0,0.0003237257624371981,0.2699230504073758
JNJ,Fasolo Peter,Officer,2022-10-24,S,500.0,171.36,85680.0,0.0003237257624371981,0.2699230504073758
JNJ,Fasolo Peter,Officer,2022-10-24,S,500.0,170.76,85380.0,0.0003237257624371981,0.2699230504073758
JNJ,Fasolo Peter,Officer,2022-10-24,S,525.0,170.76,89649.0,0.0003237257624371981,0.2699230504073758
JNJ,Fasolo Peter,Officer,2022-10-24,S,527.0,171.36,90306.72,0.0003237257624371981,0.2699230504073758
JNJ,Fasolo Peter,Officer,2022-10-24,S,386.0,171.36,66144.96,0.0003237257624371981,0.2699230504073758
JNJ,Fasolo Peter,Officer,2022-10-24,S,400.0,171.36,68544.0,0.0003237257624371981,0.2699230504073758
JNJ,Fasolo Peter,Officer,2022-10-24,S,400.0,171.36,68544.0,0.0003237257624371981,0.2699230504073758
JNJ,Fasolo Peter,Officer,2022-10-24,S,400.0,171.36,68544.0,0.0003237257624371981,0.2699230504073758
JNJ,Fasolo Peter,Officer,2022-10-24,S,400.0,171.36,68544.0,0.0003237257624371981,0.2699230504073758
JNJ,Fasolo Peter,Officer,2022-10-24,S,400.0,171.36,68544.0,0.0003237257624371981,0.2699230504073758
JNJ,Fasolo Peter,Officer,2022-10-24,S,200.0,171.36,34272.0,0.0003237257624371981,0.2699230504073758
JNJ,Fasolo Peter,Officer,2022-10-24,S,300.0,170.76,51228.0,0.0003237257624371981,0.2699230504073758
JNJ,Fasolo Peter,Officer,2022-10-24,S,200.0,171.36,34272.0,0.0003237257624371981,0.2699230504073758
JNJ,Fasolo Peter,Officer,2022-10-24,S,200.0,171.36,34272.0,0.0003237257624371981,0.2699230504073758
JNJ,Fasolo Peter,Officer,2022-10-24,S,200.0,171.36,34272.0,0.0003237257624371981,0.2699230504073758
JNJ,Fasolo Peter,Officer,2022-10-24,S,200.0,170.76,34152.0,0.0003237257624371981,0.2699230504073758
JNJ,Fasolo Peter,Officer,2022-10-24,S,200.0,170.76,34152.0,0.0003237257624371981,0.2699230504073758
JNJ,Fasolo Peter,Officer,2022-10-24,S,261.0,170.76,44568.36,0.0003237257624371981,0.2699230504073758
JNJ,Fasolo Peter,Officer,2022-10-24,S,295.0,171.36,50551.2,0.0003237257624371981,0.2699230504073758
JNJ,Fasolo Peter,Officer,2022-10-24,S,300.0,172.0,51600.0,0.0003237257624371981,0.2699230504073758
JNJ,Fasolo Peter,Officer,2022-10-24,S,300.0,171.36,51408.00000000001,0.0003237257624371981,0.2699230504073758
JNJ,Fasolo Peter,Officer,2022-10-24,S,300.0,171.36,51408.00000000001,0.0003237257624371981,0.2699230504073758
JNJ,Fasolo Peter,Officer,2022-10-24,S,300.0,171.36,51408.00000000001,0.0003237257624371981,0.2699230504073758
JNJ,Fasolo Peter,Officer,2022-10-24,S,300.0,171.36,51408.00000000001,0.0003237257624371981,0.2699230504073758
JNJ,Fasolo Peter,Officer,2022-10-24,S,300.0,171.36,51408.00000000001,0.0003237257624371981,0.2699230504073758
JNJ,Fasolo Peter,Officer,2022-10-24,S,300.0,171.36,51408.00000000001,0.0003237257624371981,0.2699230504073758
JNJ,Fasolo Peter,Officer,2022-10-24,S,300.0,171.36,51408.00000000001,0.0003237257624371981,0.2699230504073758
JNJ,Fasolo Peter,Officer,2022-10-24,S,300.0,171.36,51408.00000000001,0.0003237257624371981,0.2699230504073758
JNJ,Fasolo Peter,Officer,2022-10-24,S,300.0,171.36,51408.00000000001,0.0003237257624371981,0.2699230504073758
JNJ,Fasolo Peter,Officer,2022-10-24,S,300.0,171.36,51408.00000000001,0.0003237257624371981,0.2699230504073758
JNJ,Fasolo Peter,Officer,2022-10-24,S,300.0,171.36,51408.00000000001,0.0003237257624371981,0.2699230504073758
JNJ,Fasolo Peter,Officer,2022-10-24,S,300.0,170.76,51228.0,0.0003237257624371981,0.2699230504073758
JNJ,Fasolo Peter,Officer,2022-10-24,S,300.0,170.76,51228.0,0.0003237257624371981,0.2699230504073758
JNJ,Fasolo Peter,Officer,2022-10-24,S,300.0,170.76,51228.0,0.0003237257624371981,0.2699230504073758
JNJ,Fasolo Peter,Officer,2022-10-24,S,300.0,170.76,51228.0,0.0003237257624371981,0.2699230504073758
JNJ,Fasolo Peter,Officer,2022-10-24,S,300.0,170.76,51228.0,0.0003237257624371981,0.2699230504073758
JNJ,Fasolo Peter,Officer,2022-10-24,S,300.0,170.76,51228.0,0.0003237257624371981,0.2699230504073758
JNJ,Fasolo Peter,Officer,2022-10-24,S,300.0,170.76,51228.0,0.0003237257624371981,0.2699230504073758
JNJ,Fasolo Peter,Officer,2022-10-24,S,300.0,170.76,51228.0,0.0003237257624371981,0.2699230504073758
JNJ,Fasolo Peter,Officer,2022-10-24,S,200.0,171.36,34272.0,0.0003237257624371981,0.2699230504073758
JNJ,Fasolo Peter,Officer,2022-10-24,S,100.0,171.36,17136.0,0.0003237257624371981,0.2699230504073758
JNJ,Fasolo Peter,Officer,2022-10-24,S,100.0,171.36,17136.0,0.0003237257624371981,0.2699230504073758
JNJ,Fasolo Peter,Officer,2022-10-24,S,100.0,171.36,17136.0,0.0003237257624371981,0.2699230504073758
JNJ,Fasolo Peter,Officer,2022-10-24,S,100.0,170.76,17076.0,0.0003237257624371981,0.2699230504073758
JNJ,Fasolo Peter,Officer,2022-10-24,S,100.0,170.76,17076.0,0.0003237257624371981,0.2699230504073758
JNJ,Fasolo Peter,Officer,2022-10-24,S,100.0,170.76,17076.0,0.0003237257624371981,0.2699230504073758
JNJ,Fasolo Peter,Officer,2022-10-24,S,100.0,170.76,17076.0,0.0003237257624371981,0.2699230504073758
JNJ,Fasolo Peter,Officer,2022-10-24,S,100.0,170.76,17076.0,0.0003237257624371981,0.2699230504073758
JNJ,Fasolo Peter,Officer,2022-10-24,S,100.0,170.76,17076.0,0.0003237257624371981,0.2699230504073758
JNJ,Fasolo Peter,Officer,2022-10-24,S,100.0,170.76,17076.0,0.0003237257624371981,0.2699230504073758
JNJ,Fasolo Peter,Officer,2022-10-24,S,105.0,170.76,17929.8,0.0003237257624371981,0.2699230504073758
JNJ,Fasolo Peter,Officer,2022-10-24,S,162.0,170.76,27663.12,0.0003237257624371981,0.2699230504073758
JNJ,Fasolo Peter,Officer,2022-10-24,S,196.0,171.36,33586.560000000005,0.0003237257624371981,0.2699230504073758
JNJ,Fasolo Peter,Officer,2022-10-24,S,200.0,171.36,34272.0,0.0003237257624371981,0.2699230504073758
JNJ,Fasolo Peter,Officer,2022-10-24,S,200.0,171.36,34272.0,0.0003237257624371981,0.2699230504073758
JNJ,Fasolo Peter,Officer,2022-10-24,S,200.0,171.36,34272.0,0.0003237257624371981,0.2699230504073758
JNJ,Fasolo Peter,Officer,2022-10-24,S,200.0,171.36,34272.0,0.0003237257624371981,0.2699230504073758
JNJ,Fasolo Peter,Officer,2022-10-24,S,200.0,171.36,34272.0,0.0003237257624371981,0.2699230504073758
JNJ,Fasolo Peter,Officer,2022-10-24,S,200.0,171.36,34272.0,0.0003237257624371981,0.2699230504073758
JNJ,Fasolo Peter,Officer,2022-10-24,S,200.0,171.36,34272.0,0.0003237257624371981,0.2699230504073758
JNJ,Fasolo Peter,Officer,2022-10-24,S,200.0,170.76,34152.0,0.0003237257624371981,0.2699230504073758
JNJ,Fasolo Peter,Officer,2022-10-24,S,200.0,170.76,34152.0,0.0003237257624371981,0.2699230504073758
JNJ,Fasolo Peter,Officer,2022-10-24,S,200.0,170.76,34152.0,0.0003237257624371981,0.2699230504073758
JNJ,Fasolo Peter,Officer,2022-10-24,S,200.0,170.76,34152.0,0.0003237257624371981,0.2699230504073758
JNJ,Fasolo Peter,Officer,2022-10-24,S,100.0,172.0,17200.0,0.0003237257624371981,0.2699230504073758
JNJ,Fasolo Peter,Officer,2022-10-24,S,100.0,171.36,17136.0,0.0003237257624371981,0.2699230504073758
JNJ,Fasolo Peter,Officer,2022-10-24,S,100.0,171.36,17136.0,0.0003237257624371981,0.2699230504073758
JNJ,Fasolo Peter,Officer,2022-10-24,S,100.0,171.36,17136.0,0.0003237257624371981,0.2699230504073758
JNJ,Fasolo Peter,Officer,2022-10-24,S,100.0,171.36,17136.0,0.0003237257624371981,0.2699230504073758
JNJ,Fasolo Peter,Officer,2022-10-24,S,100.0,171.36,17136.0,0.0003237257624371981,0.2699230504073758
JNJ,Fasolo Peter,Officer,2022-10-24,S,100.0,171.36,17136.0,0.0003237257624371981,0.2699230504073758
JNJ,Fasolo Peter,Officer,2022-10-24,S,98.0,171.36,16793.280000000002,0.0003237257624371981,0.2699230504073758
JNJ,Fasolo Peter,Officer,2022-10-24,S,100.0,171.36,17136.0,0.0003237257624371981,0.2699230504073758
JNJ,Fasolo Peter,Officer,2022-10-24,S,100.0,171.36,17136.0,0.0003237257624371981,0.2699230504073758
JNJ,Fasolo Peter,Officer,2022-10-24,S,100.0,171.36,17136.0,0.0003237257624371981,0.2699230504073758
JNJ,Fasolo Peter,Officer,2022-10-24,S,100.0,171.36,17136.0,0.0003237257624371981,0.2699230504073758
JNJ,Fasolo Peter,Officer,2022-10-24,S,100.0,171.36,17136.0,0.0003237257624371981,0.2699230504073758
JNJ,Fasolo Peter,Officer,2022-10-24,S,100.0,171.36,17136.0,0.0003237257624371981,0.2699230504073758
JNJ,Fasolo Peter,Officer,2022-10-24,S,100.0,171.36,17136.0,0.0003237257624371981,0.2699230504073758
JNJ,Fasolo Peter,Officer,2022-10-24,S,100.0,171.36,17136.0,0.0003237257624371981,0.2699230504073758
JNJ,Fasolo Peter,Officer,2022-10-24,S,100.0,171.36,17136.0,0.0003237257624371981,0.2699230504073758
JNJ,Fasolo Peter,Officer,2022-10-24,S,100.0,170.76,17076.0,0.0003237257624371981,0.2699230504073758
JNJ,Fasolo Peter,Officer,2022-10-24,S,100.0,170.76,17076.0,0.0003237257624371981,0.2699230504073758
JNJ,Fasolo Peter,Officer,2022-10-24,S,100.0,170.76,17076.0,0.0003237257624371981,0.2699230504073758
JNJ,Fasolo Peter,Officer,2022-10-24,S,100.0,170.76,17076.0,0.0003237257624371981,0.2699230504073758
JNJ,Fasolo Peter,Officer,2022-10-24,S,100.0,170.76,17076.0,0.0003237257624371981,0.2699230504073758
JNJ,Fasolo Peter,Officer,2022-10-24,S,100.0,170.76,17076.0,0.0003237257624371981,0.2699230504073758
JNJ,Fasolo Peter,Officer,2022-10-24,S,100.0,170.76,17076.0,0.0003237257624371981,0.2699230504073758
JNJ,Fasolo Peter,Officer,2022-10-24,S,100.0,170.76,17076.0,0.0003237257624371981,0.2699230504073758
JNJ,Fasolo Peter,Officer,2022-10-24,S,100.0,170.76,17076.0,0.0003237257624371981,0.2699230504073758
JNJ,Fasolo Peter,Officer,2022-10-24,S,100.0,170.76,17076.0,0.0003237257624371981,0.2699230504073758
JNJ,Fasolo Peter,Officer,2022-10-24,S,100.0,170.76,17076.0,0.0003237257624371981,0.2699230504073758
JNJ,Fasolo Peter,Officer,2022-10-24,S,100.0,170.76,17076.0,0.0003237257624371981,0.2699230504073758
JNJ,Fasolo Peter,Officer,2022-10-24,S,100.0,170.76,17076.0,0.0003237257624371981,0.2699230504073758
JNJ,Fasolo Peter,Officer,2022-10-24,S,100.0,170.76,17076.0,0.0003237257624371981,0.2699230504073758
JNJ,Fasolo Peter,Officer,2022-10-24,S,100.0,170.76,17076.0,0.0003237257624371981,0.2699230504073758
JNJ,Fasolo Peter,Officer,2022-10-24,S,91.0,170.76,15539.16,0.0003237257624371981,0.2699230504073758
JNJ,Fasolo Peter,Officer,2022-10-24,S,100.0,171.36,17136.0,0.0003237257624371981,0.2699230504073758
ADBE,WARNOCK JOHN E,Director,2022-10-25,S,7389.0,320.18,2365810.02,-0.001261444052471165,1.5013014953646584
ADBE,WARNOCK JOHN E,Director,2022-10-25,S,9611.0,319.16,3067446.76,-0.001261444052471165,1.5013014953646584
ADBE,Belsky Scott,Officer,2022-10-25,S,2711.0,319.12,865134.3200000001,-0.001261444052471165,1.5013014953646584
JNJ,Hait William,Officer,2022-10-24,S,1187.0,171.55,203629.85,0.0003237257624371981,0.2699230504073758
JNJ,Hait William,Officer,2022-10-24,S,13813.0,171.55,2369620.1500000004,0.0003237257624371981,0.2699230504073758
JNJ,Fasolo Peter,Officer,2022-10-19,S,1300.0,164.5,213850.0,0.00032061772288332154,0.2705713233682062
JNJ,Fasolo Peter,Officer,2022-10-19,S,1354.0,164.5,222733.0,0.00032061772288332154,0.2705713233682062
JNJ,Fasolo Peter,Officer,2022-10-19,S,1400.0,164.5,230300.0,0.00032061772288332154,0.2705713233682062
JNJ,Fasolo Peter,Officer,2022-10-19,S,1400.0,164.5,230300.0,0.00032061772288332154,0.2705713233682062
JNJ,Fasolo Peter,Officer,2022-10-19,S,1401.0,164.5,230464.5,0.00032061772288332154,0.2705713233682062
JNJ,Fasolo Peter,Officer,2022-10-19,S,1415.0,164.5,232767.5,0.00032061772288332154,0.2705713233682062
JNJ,Fasolo Peter,Officer,2022-10-19,S,2231.0,164.5,366999.5,0.00032061772288332154,0.2705713233682062
JNJ,Fasolo Peter,Officer,2022-10-19,S,1633.0,164.5,268628.5,0.00032061772288332154,0.2705713233682062
JNJ,Fasolo Peter,Officer,2022-10-19,S,1668.0,164.5,274386.0,0.00032061772288332154,0.2705713233682062
JNJ,Fasolo Peter,Officer,2022-10-19,S,1878.0,164.5,308931.0,0.00032061772288332154,0.2705713233682062
JNJ,Fasolo Peter,Officer,2022-10-19,S,1887.0,164.5,310411.5,0.00032061772288332154,0.2705713233682062
JNJ,Fasolo Peter,Officer,2022-10-19,S,1891.0,164.5,311069.5,0.00032061772288332154,0.2705713233682062
JNJ,Fasolo Peter,Officer,2022-10-19,S,1926.0,164.5,316827.0,0.00032061772288332154,0.2705713233682062
JNJ,Fasolo Peter,Officer,2022-10-19,S,1480.0,164.5,243460.0,0.00032061772288332154,0.2705713233682062
JNJ,Fasolo Peter,Officer,2022-10-19,S,1004.0,164.5,165158.0,0.00032061772288332154,0.2705713233682062
JNJ,Fasolo Peter,Officer,2022-10-19,S,1016.0,164.5,167132.0,0.00032061772288332154,0.2705713233682062
JNJ,Fasolo Peter,Officer,2022-10-19,S,1026.0,164.5,168777.0,0.00032061772288332154,0.2705713233682062
JNJ,Fasolo Peter,Officer,2022-10-19,S,1063.0,164.5,174863.5,0.00032061772288332154,0.2705713233682062
JNJ,Fasolo Peter,Officer,2022-10-19,S,1100.0,164.5,180950.0,0.00032061772288332154,0.2705713233682062
JNJ,Fasolo Peter,Officer,2022-10-19,S,1125.0,164.5,185062.5,0.00032061772288332154,0.2705713233682062
JNJ,Fasolo Peter,Officer,2022-10-19,S,1131.0,164.5,186049.5,0.00032061772288332154,0.2705713233682062
JNJ,Fasolo Peter,Officer,2022-10-19,S,1157.0,164.5,190326.5,0.00032061772288332154,0.2705713233682062
JNJ,Fasolo Peter,Officer,2022-10-19,S,1200.0,164.5,197400.0,0.00032061772288332154,0.2705713233682062
JNJ,Fasolo Peter,Officer,2022-10-19,S,1200.0,164.5,197400.0,0.00032061772288332154,0.2705713233682062
JNJ,Fasolo Peter,Officer,2022-10-19,S,1202.0,164.5,197729.0,0.00032061772288332154,0.2705713233682062
JNJ,Fasolo Peter,Officer,2022-10-19,S,1275.0,164.5,209737.5,0.00032061772288332154,0.2705713233682062
JNJ,Fasolo Peter,Officer,2022-10-19,S,1300.0,164.5,213850.0,0.00032061772288332154,0.2705713233682062
JNJ,Fasolo Peter,Officer,2022-10-19,S,1300.0,164.5,213850.0,0.00032061772288332154,0.2705713233682062
JNJ,Fasolo Peter,Officer,2022-10-19,S,800.0,164.5,131600.0,0.00032061772288332154,0.2705713233682062
JNJ,Fasolo Peter,Officer,2022-10-19,S,800.0,164.5,131600.0,0.00032061772288332154,0.2705713233682062
JNJ,Fasolo Peter,Officer,2022-10-19,S,800.0,164.5,131600.0,0.00032061772288332154,0.2705713233682062
JNJ,Fasolo Peter,Officer,2022-10-19,S,800.0,164.5,131600.0,0.00032061772288332154,0.2705713233682062
JNJ,Fasolo Peter,Officer,2022-10-19,S,800.0,164.5,131600.0,0.00032061772288332154,0.2705713233682062
JNJ,Fasolo Peter,Officer,2022-10-19,S,803.0,164.5,132093.5,0.00032061772288332154,0.2705713233682062
JNJ,Fasolo Peter,Officer,2022-10-19,S,813.0,164.5,133738.5,0.00032061772288332154,0.2705713233682062
JNJ,Fasolo Peter,Officer,2022-10-19,S,846.0,164.5,139167.0,0.00032061772288332154,0.2705713233682062
JNJ,Fasolo Peter,Officer,2022-10-19,S,890.0,164.5,146405.0,0.00032061772288332154,0.2705713233682062
JNJ,Fasolo Peter,Officer,2022-10-19,S,900.0,164.5,148050.0,0.00032061772288332154,0.2705713233682062
JNJ,Fasolo Peter,Officer,2022-10-19,S,905.0,164.5,148872.5,0.00032061772288332154,0.2705713233682062
JNJ,Fasolo Peter,Officer,2022-10-19,S,913.0,164.5,150188.5,0.00032061772288332154,0.2705713233682062
JNJ,Fasolo Peter,Officer,2022-10-19,S,922.0,164.5,151669.0,0.00032061772288332154,0.2705713233682062
JNJ,Fasolo Peter,Officer,2022-10-19,S,926.0,164.5,152327.0,0.00032061772288332154,0.2705713233682062
JNJ,Fasolo Peter,Officer,2022-10-19,S,929.0,164.5,152820.5,0.00032061772288332154,0.2705713233682062
JNJ,Fasolo Peter,Officer,2022-10-19,S,1000.0,164.5,164500.0,0.00032061772288332154,0.2705713233682062
JNJ,Fasolo Peter,Officer,2022-10-19,S,700.0,164.5,115150.0,0.00032061772288332154,0.2705713233682062
JNJ,Fasolo Peter,Officer,2022-10-19,S,793.0,164.5,130448.5,0.00032061772288332154,0.2705713233682062
JNJ,Fasolo Peter,Officer,2022-10-19,S,600.0,164.5,98700.0,0.00032061772288332154,0.2705713233682062
JNJ,Fasolo Peter,Officer,2022-10-19,S,600.0,164.5,98700.0,0.00032061772288332154,0.2705713233682062
JNJ,Fasolo Peter,Officer,2022-10-19,S,590.0,164.5,97055.0,0.00032061772288332154,0.2705713233682062
JNJ,Fasolo Peter,Officer,2022-10-19,S,550.0,164.5,90475.0,0.00032061772288332154,0.2705713233682062
JNJ,Fasolo Peter,Officer,2022-10-19,S,500.0,164.5,82250.0,0.00032061772288332154,0.2705713233682062
JNJ,Fasolo Peter,Officer,2022-10-19,S,500.0,164.5,82250.0,0.00032061772288332154,0.2705713233682062
JNJ,Fasolo Peter,Officer,2022-10-19,S,484.0,164.5,79618.0,0.00032061772288332154,0.2705713233682062
JNJ,Fasolo Peter,Officer,2022-10-19,S,400.0,164.5,65800.0,0.00032061772288332154,0.2705713233682062
JNJ,Fasolo Peter,Officer,2022-10-19,S,400.0,164.5,65800.0,0.00032061772288332154,0.2705713233682062
JNJ,Fasolo Peter,Officer,2022-10-19,S,400.0,164.5,65800.0,0.00032061772288332154,0.2705713233682062
JNJ,Fasolo Peter,Officer,2022-10-19,S,400.0,164.5,65800.0,0.00032061772288332154,0.2705713233682062
JNJ,Fasolo Peter,Officer,2022-10-19,S,400.0,164.5,65800.0,0.00032061772288332154,0.2705713233682062
JNJ,Fasolo Peter,Officer,2022-10-19,S,400.0,164.5,65800.0,0.00032061772288332154,0.2705713233682062
JNJ,Fasolo Peter,Officer,2022-10-19,S,390.0,164.5,64155.0,0.00032061772288332154,0.2705713233682062
JNJ,Fasolo Peter,Officer,2022-10-19,S,390.0,164.5,64155.0,0.00032061772288332154,0.2705713233682062
JNJ,Fasolo Peter,Officer,2022-10-19,S,387.0,164.5,63661.5,0.00032061772288332154,0.2705713233682062
JNJ,Fasolo Peter,Officer,2022-10-19,S,344.0,164.5,56588.0,0.00032061772288332154,0.2705713233682062
JNJ,Fasolo Peter,Officer,2022-10-19,S,300.0,164.5,49350.0,0.00032061772288332154,0.2705713233682062
JNJ,Fasolo Peter,Officer,2022-10-19,S,300.0,164.5,49350.0,0.00032061772288332154,0.2705713233682062
JNJ,Fasolo Peter,Officer,2022-10-19,S,300.0,164.5,49350.0,0.00032061772288332154,0.2705713233682062
JNJ,Fasolo Peter,Officer,2022-10-19,S,300.0,164.5,49350.0,0.00032061772288332154,0.2705713233682062
JNJ,Fasolo Peter,Officer,2022-10-19,S,300.0,164.5,49350.0,0.00032061772288332154,0.2705713233682062
JNJ,Fasolo Peter,Officer,2022-10-19,S,261.0,164.5,42934.5,0.00032061772288332154,0.2705713233682062
JNJ,Fasolo Peter,Officer,2022-10-19,S,224.0,164.5,36848.0,0.00032061772288332154,0.2705713233682062
JNJ,Fasolo Peter,Officer,2022-10-19,S,206.0,164.5,33887.0,0.00032061772288332154,0.2705713233682062
JNJ,Fasolo Peter,Officer,2022-10-19,S,790.0,164.5,129955.0,0.00032061772288332154,0.2705713233682062
JNJ,Fasolo Peter,Officer,2022-10-19,S,794.0,164.5,130613.0,0.00032061772288332154,0.2705713233682062
JNJ,Fasolo Peter,Officer,2022-10-19,S,700.0,164.5,115150.0,0.00032061772288332154,0.2705713233682062
JNJ,Fasolo Peter,Officer,2022-10-19,S,100.0,164.5,16450.0,0.00032061772288332154,0.2705713233682062
JNJ,Fasolo Peter,Officer,2022-10-19,S,100.0,164.5,16450.0,0.00032061772288332154,0.2705713233682062
JNJ,Fasolo Peter,Officer,2022-10-19,S,90.0,164.5,14805.0,0.00032061772288332154,0.2705713233682062
JNJ,Fasolo Peter,Officer,2022-10-19,S,89.0,164.5,14640.5,0.00032061772288332154,0.2705713233682062
JNJ,Fasolo Peter,Officer,2022-10-19,S,64.0,164.5,10528.0,0.00032061772288332154,0.2705713233682062
JNJ,Fasolo Peter,Officer,2022-10-19,S,200.0,164.5,32900.0,0.00032061772288332154,0.2705713233682062
JNJ,Fasolo Peter,Officer,2022-10-19,S,200.0,164.5,32900.0,0.00032061772288332154,0.2705713233682062
JNJ,Fasolo Peter,Officer,2022-10-19,S,200.0,164.5,32900.0,0.00032061772288332154,0.2705713233682062
JNJ,Fasolo Peter,Officer,2022-10-19,S,200.0,164.5,32900.0,0.00032061772288332154,0.2705713233682062
JNJ,Fasolo Peter,Officer,2022-10-19,S,200.0,164.5,32900.0,0.00032061772288332154,0.2705713233682062
JNJ,Fasolo Peter,Officer,2022-10-19,S,200.0,164.5,32900.0,0.00032061772288332154,0.2705713233682062
JNJ,Fasolo Peter,Officer,2022-10-19,S,190.0,164.5,31255.0,0.00032061772288332154,0.2705713233682062
JNJ,Fasolo Peter,Officer,2022-10-19,S,190.0,164.5,31255.0,0.00032061772288332154,0.2705713233682062
JNJ,Fasolo Peter,Officer,2022-10-19,S,128.0,164.5,21056.0,0.00032061772288332154,0.2705713233682062
JNJ,Fasolo Peter,Officer,2022-10-19,S,127.0,164.5,20891.5,0.00032061772288332154,0.2705713233682062
JNJ,Fasolo Peter,Officer,2022-10-19,S,100.0,164.5,16450.0,0.00032061772288332154,0.2705713233682062
JNJ,Fasolo Peter,Officer,2022-10-19,S,100.0,164.5,16450.0,0.00032061772288332154,0.2705713233682062
JNJ,Fasolo Peter,Officer,2022-10-19,S,100.0,164.5,16450.0,0.00032061772288332154,0.2705713233682062
JNJ,Fasolo Peter,Officer,2022-10-19,S,100.0,164.5,16450.0,0.00032061772288332154,0.2705713233682062
JNJ,Fasolo Peter,Officer,2022-10-19,S,100.0,164.5,16450.0,0.00032061772288332154,0.2705713233682062
JNJ,Fasolo Peter,Officer,2022-10-19,S,100.0,164.5,16450.0,0.00032061772288332154,0.2705713233682062
JNJ,Fasolo Peter,Officer,2022-10-19,S,100.0,164.5,16450.0,0.00032061772288332154,0.2705713233682062
JNJ,Fasolo Peter,Officer,2022-10-19,S,100.0,164.5,16450.0,0.00032061772288332154,0.2705713233682062
JNJ,Fasolo Peter,Officer,2022-10-19,S,100.0,164.5,16450.0,0.00032061772288332154,0.2705713233682062
JNJ,Fasolo Peter,Officer,2022-10-19,S,100.0,164.5,16450.0,0.00032061772288332154,0.2705713233682062
JNJ,Fasolo Peter,Officer,2022-10-19,S,100.0,164.5,16450.0,0.00032061772288332154,0.2705713233682062
JNJ,Fasolo Peter,Officer,2022-10-19,S,100.0,164.5,16450.0,0.00032061772288332154,0.2705713233682062
JNJ,Fasolo Peter,Officer,2022-10-19,S,100.0,164.5,16450.0,0.00032061772288332154,0.2705713233682062
META,Newstead Jennifer,Officer,2022-10-18,S,342.0,137.0,46854.0,-0.0017527309081423797,1.8080443219591444
AMZN,Selipsky Adam,Officer,2022-10-17,S,252.0,112.8,28425.6,-9.11136768272799e-05,1.647618724619734
AMZN,Selipsky Adam,Officer,2022-10-17,S,201.0,111.7,22451.7,-9.11136768272799e-05,1.647618724619734
AMZN,Selipsky Adam,Officer,2022-10-18,S,88.0,115.33,10149.04,-5.016983451671233e-05,1.650418225069159
AMZN,Selipsky Adam,Officer,2022-10-18,S,253.0,116.46,29464.38,-5.016983451671233e-05,1.650418225069159
AMZN,Selipsky Adam,Officer,2022-10-18,S,115.0,117.34,13494.1,-5.016983451671233e-05,1.650418225069159
JPM,Petno Douglas B,Officer,2022-10-18,S,5140.0,120.05,617057.0,-0.0010424151961442847,0.8581797840175582
AAPL,O'BRIEN DEIRDRE,Officer,2022-10-17,S,8053.0,142.45,1147149.85,0.0011458094887568115,1.2579567404440428
JPM,Erdoes Mary E.,Officer,2022-10-17,S,33515.0,115.77,3880031.55,-0.001032471791038439,0.8598849678064227
NVDA,STEVENS MARK A,Director,2022-10-13,S,87500.0,119.65,10469375.0,0.00015917999198999033,2.3696534225142614
NVDA,STEVENS MARK A,Director,2022-10-11,S,53269.0,115.8,6168550.2,0.00017952319631136667,2.3694563157237787
NVDA,STEVENS MARK A,Director,2022-10-11,S,31731.0,117.66,3733469.46,0.00017952319631136667,2.3694563157237787
META,Newstead Jennifer,Officer,2022-10-11,S,342.0,131.44,44952.48,-0.0020808888483062823,1.808027270783925
ADBE,WARNOCK JOHN E,Director,2022-10-10,S,3500.0,286.11,1001385.0,-0.001130254383904661,1.5071643123951348
META,Newstead Jennifer,Officer,2022-10-04,S,342.0,140.35,47999.7,-0.0023238108958827854,1.814479615945172
TSLA,Kirkhorn Zachary,Officer,2022-10-04,S,3750.0,250.5,939375.0,0.001643498812720796,2.0313432149124084
ADBE,WARNOCK JOHN E,Director,2022-10-04,S,1200.0,292.92,351504.0,-0.0008932497653270256,1.5130311661484184
AAPL,O'BRIEN DEIRDRE,Officer,2022-10-03,S,42393.0,141.09,5981228.37,0.0011493129842436464,1.2585176643950824
AAPL,O'BRIEN DEIRDRE,Officer,2022-10-03,S,66880.0,142.17,9508329.6,0.0011493129842436464,1.2585176643950824
AAPL,O'BRIEN DEIRDRE,Officer,2022-10-03,S,67026.0,142.83,9573323.58,0.0011493129842436464,1.2585176643950824
AAPL,Adams Katherine L.,Officer,2022-10-03,S,13250.0,142.93,1893822.5,0.0011493129842436464,1.2585176643950824
AAPL,Adams Katherine L.,Officer,2022-10-03,S,65350.0,142.45,9309107.5,0.0011493129842436464,1.2585176643950824
AAPL,Adams Katherine L.,Officer,2022-10-03,S,56271.0,141.19,7944902.49,0.0011493129842436464,1.2585176643950824
AAPL,Adams Katherine L.,Officer,2022-10-03,S,27669.0,140.34,3883067.46,0.0011493129842436464,1.2585176643950824
AAPL,Adams Katherine L.,Officer,2022-10-03,S,13199.0,139.15,1836640.85,0.0011493129842436464,1.2585176643950824
AAPL,Adams Katherine L.,Officer,2022-10-03,S,5400.0,138.44,747576.0,0.0011493129842436464,1.2585176643950824
AMZN,Selipsky Adam,Officer,2022-09-29,S,197.0,115.28,22710.16,-0.0003245590614961116,1.648261751191561
AMZN,Selipsky Adam,Officer,2022-09-29,S,323.0,114.21,36889.83,-0.0003245590614961116,1.648261751191561
AMZN,Selipsky Adam,Officer,2022-09-30,S,129.0,114.62,14785.98,-0.0002470382403932068,1.65360592607703
AMZN,Selipsky Adam,Officer,2022-09-30,S,177.0,115.92,20517.84,-0.0002470382403932068,1.65360592607703
AMZN,Selipsky Adam,Officer,2022-09-30,S,172.0,113.93,19595.960000000003,-0.0002470382403932068,1.65360592607703
NVDA,HUDSON DAWN E,Director,2023-03-30,S,5000.0,274.55,1372750.0,0.0006376575067152225,2.1273903549542474
TSLA,Baglino Andrew D,Officer,2023-03-27,S,10500.0,194.36,2040780.0,-0.0008808326475747848,1.723098063231114
META,Newstead Jennifer,Officer,2023-03-28,S,393.0,200.0,78600.0,0.0004231443481758284,1.6925741519077526
VZ,Silliman Craig L.,Officer,2023-03-27,S,3342.0,38.0,126996.0,-0.0006078238230272989,0.4098089996038847
AAPL,WILLIAMS JEFFREY E,Officer,2023-03-22,S,187730.0,159.76,29991744.8,0.00020754352520970917,1.3154698418789585
AMZN,Selipsky Adam,Officer,2023-03-21,S,2299.0,100.34,230681.66,-0.0011419925382172504,1.678291164475113
META,Newstead Jennifer,Officer,2023-03-21,S,393.0,203.26,79881.18,0.0006836177791719694,1.6819053573806553
DIS,WOODFORD BRENT,Officer,2023-03-21,S,1139.0,95.21,108444.19,-0.00046618299377063473,1.1877698626461535
ADBE,WARNOCK JOHN E,Director,2023-03-17,S,1500.0,357.91,536865.0,7.172979451748451e-06,1.4017488758902488
ADBE,Garfield Mark S.,Officer,2023-03-17,S,132.0,354.78,46830.96,7.172979451748451e-06,1.4017488758902488
VZ,Malady Kyle,Officer,2023-03-15,S,6226.0,36.69,228431.94,-0.0006765796823751815,0.39480230060711996
META,Newstead Jennifer,Officer,2023-03-14,S,393.0,187.25,73589.25,-0.0002458784878028016,1.6368310484670214
VZ,Malady Kyle,Officer,2023-03-13,S,7199.0,36.5,262763.5,-0.0008251573763666715,0.3964184225902001
VZ,Malady Kyle,Officer,2023-03-14,S,7546.0,36.74,277240.04000000004,-0.0007237659276010881,0.3914488984023576
NVDA,Kress Colette,Officer,2023-01-26,S,10741.0,200.0,2148200.0,0.0002294387490382669,2.194123855376636
NVDA,Kress Colette,Officer,2023-03-13,S,1263.0,231.61,292523.43,0.0004805517652176946,2.1591204726403985
NVDA,Kress Colette,Officer,2023-03-13,S,1537.0,230.45,354201.65,0.0004805517652176946,2.1591204726403985
NVDA,Kress Colette,Officer,2023-03-13,S,700.0,227.99,159593.0,0.0004805517652176946,2.1591204726403985
NVDA,Kress Colette,Officer,2023-03-13,S,900.0,227.12,204408.0,0.0004805517652176946,2.1591204726403985
NVDA,Kress Colette,Officer,2023-03-13,S,300.0,223.71,67113.0,0.0004805517652176946,2.1591204726403985
NVDA,Kress Colette,Officer,2023-03-13,S,1300.0,229.16,297908.0,0.0004805517652176946,2.1591204726403985
META,Newstead Jennifer,Officer,2023-03-07,S,393.0,189.0,74277.0,-0.0003410370222159888,1.629217258085765
V,KELLY ALFRED F JR,"Director,Officer",2023-03-06,S,58000.0,223.99,12991420.0,0.0009736170675348301,0.9706294537499744
JNJ,Swanson James D.,Officer,2023-03-06,S,1061.68,154.66,164199.4288,0.0002088061699557595,0.309261100076634
TSLA,Baglino Andrew D,Officer,2023-03-06,S,1298.5,195.79,254233.315,-0.002000924285036117,1.7109785698510036
TSLA,Kirkhorn Zachary,Officer,2023-03-06,S,6706.0,195.79,1312967.74,-0.002000924285036117,1.7109785698510036
TSLA,Kirkhorn Zachary,Officer,2023-03-06,S,3749.25,198.39,743813.7074999999,-0.002000924285036117,1.7109785698510036
TSLA,Taneja Vaibhav,Officer,2023-03-06,S,2465.5,195.79,482720.245,-0.002000924285036117,1.7109785698510036
AMZN,Herrington Douglas J,Officer,2023-03-01,S,4000.0,93.8,375200.0,-0.0011908251832648449,1.6420418729617243
META,Newstead Jennifer,Officer,2023-02-28,S,393.0,171.99,67592.07,-0.0007321559863772677,1.6468876372045007
MSFT,Nadella Satya,"Director,Officer",2023-02-28,S,4767.0,248.88,1186410.96,-0.0003560012671168242,1.2732750725849447
PG,Janzaruk Matthew W.,Officer,2023-03-01,S,160.0,137.34,21974.4,0.00021220156078717662,0.513729932989937
PG,Whaley Susan Street,Officer,2023-03-01,S,709.0,137.34,97374.06,0.00021220156078717662,0.513729932989937
PG,Schulten Andre,Officer,2023-03-01,S,1311.0,137.34,180052.74,0.00021220156078717662,0.513729932989937
PG,Purushothaman Balaji,Officer,2023-03-01,S,695.0,137.34,95451.3,0.00021220156078717662,0.513729932989937
PG,Moeller Jon R,"Director,Officer",2023-03-01,S,164.0,137.34,22523.76,0.00021220156078717662,0.513729932989937
PG,Moeller Jon R,"Director,Officer",2023-03-01,S,2151.0,137.34,295418.34,0.00021220156078717662,0.513729932989937
PG,Keith R. Alexandra,Officer,2023-03-01,S,1194.0,137.34,163983.96,0.00021220156078717662,0.513729932989937
PG,Keith R. Alexandra,Officer,2023-03-01,S,5349.0,137.34,734631.66,0.00021220156078717662,0.513729932989937
TSLA,Baglino Andrew D,Officer,2023-02-27,S,10500.0,202.0,2121000.0,-0.0021186602865360103,1.6979985843450267
NVDA,HUDSON DAWN E,Director,2023-02-24,S,7500.0,230.4,1728000.0,-0.0005145230682017214,2.1329502359465744
NVDA,PERRY MARK L,Director,2023-02-27,S,1400.0,238.0,333200.0,-0.00026063220756791675,2.1476646879514516
NVDA,PERRY MARK L,Director,2023-02-27,S,5700.0,237.36,1352952.0,-0.00026063220756791675,2.1476646879514516
NVDA,PERRY MARK L,Director,2023-02-27,S,6100.0,236.25,1441125.0,-0.00026063220756791675,2.1476646879514516
NVDA,PERRY MARK L,Director,2023-02-27,S,6800.0,235.31,1600108.0,-0.00026063220756791675,2.1476646879514516
MA,Ling Hai,Officer,2023-02-27,S,3020.0,355.58,1073851.6,0.000713726474281393,1.11659909972693
MA,Ling Hai,Officer,2023-02-27,S,3100.0,356.33,1104623.0,0.000713726474281393,1.11659909972693
MA,Ling Hai,Officer,2023-02-27,S,2000.0,357.29,714580.0,0.000713726474281393,1.11659909972693
MA,Ling Hai,Officer,2023-02-27,S,100.0,357.99,35799.0,0.000713726474281393,1.11659909972693
V,ROTTENBERG JULIE B,Officer,2023-02-24,S,13394.0,219.0,2933286.0,0.0005254196970884809,0.9693121078352116
BAC,Koder Matthew M,Officer,2023-02-23,S,105054.0,34.27,3600200.5800000005,-0.0006974776321923142,0.9850456115255584
AMZN,Herrington Douglas J,Officer,2023-02-21,S,7056.0,94.86,669332.16,-0.0014911438056327176,1.6236783140830517
AMZN,Herrington Douglas J,Officer,2023-02-21,S,400.0,95.45,38180.0,-0.0014911438056327176,1.6236783140830517
AMZN,Zapolsky David,Officer,2023-02-21,S,200.0,95.46,19092.0,-0.0014911438056327176,1.6236783140830517
AMZN,Zapolsky David,Officer,2023-02-21,S,6504.0,94.89,617164.56,-0.0014911438056327176,1.6236783140830517
AMZN,Olsavsky Brian T,Officer,2023-02-21,S,16760.0,95.25,1596390.0,-0.0014911438056327176,1.6236783140830517
AMZN,Reynolds Shelley,Officer,2023-02-21,S,3400.0,94.89,322626.0,-0.0014911438056327176,1.6236783140830517
DIS,WOODFORD BRENT,Officer,2023-02-21,S,1139.0,103.44,117818.16,-0.00142693677075259,1.1756927187886357
META,Newstead Jennifer,Officer,2023-02-21,S,393.0,174.05,68401.65000000001,-0.0007113322193054356,1.6411177126720562
META,Olivan Javier,Officer,2023-02-17,S,13341.0,170.23,2271038.43,-0.0006295560830532629,1.6459984180408742
PYPL,SCHULMAN DANIEL H,"Director,Officer",2023-02-17,P,26065.0,76.17,1985371.05,-3.198908455934105e-05,1.6406320967914607
META,Olivan Javier,Officer,2023-02-15,S,9967.0,179.48,1788877.16,-0.0008629367086447496,1.649457220551457
META,Newstead Jennifer,Officer,2023-02-16,S,393.0,172.77,67898.61,-0.0007247945194053659,1.651460847093595
META,Taylor Susan J.S.,Officer,2023-02-16,S,1400.0,172.96,242144.0,-0.0007247945194053659,1.651460847093595
META,Levine Marne L.,Officer,2023-02-15,S,3969.0,179.48,712356.12,-0.0008629367086447496,1.649457220551457
META,LI SUSAN J,Officer,2023-02-15,S,5070.0,179.48,909963.6,-0.0008629367086447496,1.649457220551457
META,LI SUSAN J,Officer,2023-02-15,S,5443.0,179.48,976909.64,-0.0008629367086447496,1.649457220551457
META,Clegg Nicholas,Officer,2023-02-16,S,5225.0,172.7,902357.5,-0.0007247945194053659,1.651460847093595
META,Clegg Nicholas,Officer,2023-02-15,S,1649.0,179.48,295962.52,-0.0008629367086447496,1.649457220551457
META,Bosworth Andrew,Officer,2023-02-15,S,10888.0,179.48,1954178.24,-0.0008629367086447496,1.649457220551457
META,Bosworth Andrew,Officer,2023-02-16,S,15501.0,172.96,2681052.96,-0.0007247945194053659,1.651460847093595
META,Bosworth Andrew,Officer,2023-02-16,S,15000.0,172.96,2594400.0,-0.0007247945194053659,1.651460847093595
AMZN,Jassy Andrew R,"Director,Officer",2023-02-15,S,2084.0,99.8,207983.2,-0.0012841718265319037,1.620693235983108
AMZN,Jassy Andrew R,"Director,Officer",2023-02-15,S,21790.0,99.09,2159171.1,-0.0012841718265319037,1.620693235983108
AMZN,Selipsky Adam,Officer,2023-02-15,S,1243.0,99.86,124125.98,-0.0012841718265319037,1.620693235983108
AMZN,Selipsky Adam,Officer,2023-02-16,S,241.0,100.16,24138.56,-0.0014165603419504511,1.617560866858274
AMZN,Selipsky Adam,Officer,2023-02-15,S,10704.0,99.08,1060552.32,-0.0012841718265319037,1.620693235983108
AMZN,Selipsky Adam,Officer,2023-02-15,S,373.0,100.81,37602.13,-0.0012841718265319037,1.620693235983108
AMZN,Herrington Douglas J,Officer,2023-02-15,S,1614.0,99.89,161222.46,-0.0012841718265319037,1.620693235983108
AMZN,Herrington Douglas J,Officer,2023-02-15,S,14173.0,99.09,1404402.57,-0.0012841718265319037,1.620693235983108
MSFT,Capossela Christopher C,Officer,2023-02-13,S,1000.0,272.32,272320.0,2.4884147232332508e-05,1.2815427962130137
MA,Mastercard Foundation,TenPercentOwner,2023-02-13,S,172548.0,369.63,63778917.24,0.00050115394923568,1.095487328687544
MA,Mastercard Foundation,TenPercentOwner,2023-02-14,S,172546.0,370.54,63935194.84,0.00043521878207461917,1.0964260548731488
MSFT,Capossela Christopher C,Officer,2023-02-09,S,1000.0,269.38,269380.0,-4.466874030458793e-05,1.2825332062044443
META,Newstead Jennifer,Officer,2023-02-08,S,327.0,190.0,62130.0,-0.001048766101748709,1.6532098224079153
MA,Mastercard Foundation,TenPercentOwner,2023-02-10,S,172548.0,365.62,63086999.76,0.0005415531030663981,1.093221395836228
MA,Mastercard Foundation,TenPercentOwner,2023-02-09,S,172548.0,372.41,64258600.68000001,0.0005437662931070846,1.09300218362405
META,Levine Marne L.,Officer,2023-02-07,S,23317.0,191.0,4453547.0,-0.0012017506303688748,1.6476569263040808
TSLA,Kirkhorn Zachary,Officer,2023-02-06,S,3750.0,193.0,723750.0,-0.0019111352919876745,1.6893362947116473
AMZN,Herrington Douglas J,Officer,2023-02-06,S,4000.0,102.9,411600.0,-0.0013371815912785801,1.6028864204716944
MA,Mastercard Foundation,TenPercentOwner,2023-02-07,S,172548.0,370.91,63999778.68000001,0.0004410134860362878,1.0920686367911527
MA,Mastercard Foundation,TenPercentOwner,2023-02-08,S,172548.0,373.35,64420795.8,0.0005036677106329182,1.0943661513115155
MA,Mastercard Foundation,TenPercentOwner,2023-02-06,S,258821.0,370.69,95942356.49,0.0003714774723526374,1.093635028373638
BAC,Koder Matthew M,Officer,2023-02-02,S,214745.0,35.91,7711492.949999999,-0.000693957197176089,0.9911945442189002
AMZN,Selipsky Adam,Officer,2023-02-03,S,204.0,107.66,21962.64,-0.0007293045702512636,1.6178115113880773
AMZN,Selipsky Adam,Officer,2023-02-02,S,300.0,113.37,34011.0,-0.0008993322448620325,1.634331737312143
AMZN,Selipsky Adam,Officer,2023-02-02,S,1110.0,112.49,124863.9,-0.0008993322448620325,1.634331737312143
AMZN,Selipsky Adam,Officer,2023-02-02,S,2217.0,111.49,247173.33,-0.0008993322448620325,1.634331737312143
AMZN,Selipsky Adam,Officer,2023-02-02,S,973.0,110.45,107467.85,-0.0008993322448620325,1.634331737312143
AMZN,Selipsky Adam,Officer,2023-02-02,S,500.0,109.54,54770.0,-0.0008993322448620325,1.634331737312143
AMZN,Selipsky Adam,Officer,2023-02-03,S,130.0,106.44,13837.2,-0.0007293045702512636,1.6178115113880773
PG,Whaley Susan Street,Officer,2023-02-03,S,435.0,141.82,61691.7,9.563491818152697e-05,0.5066087904322829
META,Newstead Jennifer,Officer,2023-02-01,S,342.0,148.0,50616.0,-0.0023994408593952226,1.7426314501168154
V,Taneja Rajat,Officer,2023-02-03,S,61721.0,229.92,14190892.319999998,0.00024052009549449706,0.9617945653890523
ADBE,Lewnes Ann,Officer,2023-02-02,S,2599.0,400.0,1039600.0,-0.0007448380589114797,1.4289089224157743
TSLA,Baglino Andrew D,Officer,2023-01-27,S,10500.0,162.5,1706250.0,-0.0012773325698808157,1.7162810023465978
MA,McLaughlin Edward Grunde,Officer,2023-01-27,S,1619.0,377.94,611884.86,0.0005589134169992693,1.1156238425948495
MA,McLaughlin Edward Grunde,Officer,2023-01-27,S,2914.0,376.91,1098315.74,0.0005589134169992693,1.1156238425948495
MA,McLaughlin Edward Grunde,Officer,2023-01-27,S,6102.0,375.96,2294107.92,0.0005589134169992693,1.1156238425948495
MA,McLaughlin Edward Grunde,Officer,2023-01-27,S,2856.0,373.81,1067601.36,0.0005589134169992693,1.1156238425948495
MA,McLaughlin Edward Grunde,Officer,2023-01-27,S,770.0,380.1,292677.0,0.0005589134169992693,1.1156238425948495
MA,McLaughlin Edward Grunde,Officer,2023-01-27,S,800.0,378.92,303136.0,0.0005589134169992693,1.1156238425948495
MA,McLaughlin Edward Grunde,Officer,2023-01-27,S,4939.0,375.0,1852125.0,0.0005589134169992693,1.1156238425948495
MA,Miebach Michael,"Director,Officer",2023-01-27,S,4368.0,375.99,1642324.32,0.0005589134169992693,1.1156238425948495
MA,Miebach Michael,"Director,Officer",2023-01-27,S,3699.0,376.93,1394264.07,0.0005589134169992693,1.1156238425948495
MA,Miebach Michael,"Director,Officer",2023-01-27,S,500.0,380.22,190110.0,0.0005589134169992693,1.1156238425948495
MA,Miebach Michael,"Director,Officer",2023-01-27,S,1500.0,379.03,568545.0,0.0005589134169992693,1.1156238425948495
MA,Miebach Michael,"Director,Officer",2023-01-27,S,2059.0,378.06,778425.54,0.0005589134169992693,1.1156238425948495
MA,Miebach Michael,"Director,Officer",2023-01-27,S,2021.0,373.91,755672.1100000001,0.0005589134169992693,1.1156238425948495
MA,Miebach Michael,"Director,Officer",2023-01-27,S,2905.0,375.05,1089520.25,0.0005589134169992693,1.1156238425948495
NVDA,Shoquist Debora,Officer,2023-01-27,S,23532.0,205.0,4824060.0,0.00040663316196352863,2.1937527312929905
NVDA,Kress Colette,Officer,2023-01-26,S,10741.0,200.0,2148200.0,0.0002294387490382669,2.194123855376636
META,Newstead Jennifer,Officer,2023-01-25,S,342.0,141.4,48358.8,-0.0027640138306066027,1.7551312608930054
ADBE,Garfield Mark S.,Officer,2023-01-25,S,209.0,355.42,74282.78,-0.0009800774576025394,1.4422711781400364
ADBE,Belsky Scott,Officer,2023-01-25,S,2906.0,355.42,1032850.52,-0.0009800774576025394,1.4422711781400364
DIS,WOODFORD BRENT,Officer,2023-01-24,S,1139.0,105.71,120403.69,-0.0010929234295685198,1.147462672635844
ADBE,NARAYEN SHANTANU,"Director,Officer",2023-01-20,S,1548.0,346.62,536567.76,-0.0008652292477448341,1.4444080444964573
ADBE,NARAYEN SHANTANU,"Director,Officer",2023-01-20,S,4064.0,347.75,1413256.0,-0.0008652292477448341,1.4444080444964573
ADBE,NARAYEN SHANTANU,"Director,Officer",2023-01-20,S,2040.0,348.69,711327.6,-0.0008652292477448341,1.4444080444964573
ADBE,NARAYEN SHANTANU,"Director,Officer",2023-01-20,S,1491.0,349.39,520940.49,-0.0008652292477448341,1.4444080444964573
ADBE,NARAYEN SHANTANU,"Director,Officer",2023-01-20,S,2755.0,343.6,946618.0,-0.0008652292477448341,1.4444080444964573
ADBE,NARAYEN SHANTANU,"Director,Officer",2023-01-20,S,1932.0,345.39,667293.48,-0.0008652292477448341,1.4444080444964573
ADBE,NARAYEN SHANTANU,"Director,Officer",2023-01-20,S,1170.0,344.6,403182.0,-0.0008652292477448341,1.4444080444964573
META,Newstead Jennifer,Officer,2023-01-18,S,342.0,135.71,46412.82,-0.0026264148340087367,1.7528426352983144
JPM,HOBSON MELLODY L,Director,2023-01-19,P,375.0,134.53,50448.75,0.00011820842565983407,0.8902291526735868
JPM,Erdoes Mary E.,Officer,2023-01-17,S,10340.0,140.29,1450598.6,6.016177901111325e-05,0.8958293212290288
JPM,Friedman Stacey,Officer,2023-01-17,S,23148.0,140.31,3247895.88,6.016177901111325e-05,0.8958293212290288
JPM,Lake Marianne,Officer,2023-01-17,S,10000.0,141.0,1410000.0,6.016177901111325e-05,0.8958293212290288
JPM,Petno Douglas B,Officer,2023-01-17,S,11644.0,140.3,1633653.2000000002,6.016177901111325e-05,0.8958293212290288
JPM,Piepszak Jennifer,Officer,2023-01-17,S,10462.0,140.32,1468027.84,6.016177901111325e-05,0.8958293212290288
JPM,Scher Peter,Officer,2023-01-17,S,4399.0,140.32,617267.6799999999,6.016177901111325e-05,0.8958293212290288
NVDA,STEVENS MARK A,Director,2023-01-12,S,45000.0,164.7,7411499.999999999,-0.00032314535739579313,2.1944398142911767
NVDA,STEVENS MARK A,Director,2023-01-13,S,20000.0,167.42,3348399.9999999995,-0.000167251320821637,2.1980886776705963
DIS,WOODFORD BRENT,Officer,2023-01-12,S,18110.0,98.46,1783110.6,-0.001241189037384085,1.1463839117975525
DIS,McCarthy Christine M,Officer,2023-01-12,S,42533.0,98.46,4187799.18,-0.001241189037384085,1.1463839117975525
ADBE,WARNOCK JOHN E,Director,2023-01-12,S,2973.0,341.9,1016468.7,-0.0008023565560434244,1.4353684492357746
MA,Vosburg Craig,Officer,2023-01-12,S,6333.0,380.05,2406856.65,0.0006842918683379897,1.104540536094343
NVDA,STEVENS MARK A,Director,2023-01-09,S,30000.0,160.1,4803000.0,-0.00023019420799385768,2.1953605528855835
NVDA,STEVENS MARK A,Director,2023-01-10,S,90000.0,157.92,14212799.999999998,-0.0003352682511416722,2.195439441529014
NVDA,STEVENS MARK A,Director,2023-01-09,S,30000.0,159.21,4776300.0,-0.00023019420799385768,2.1953605528855835
NVDA,STEVENS MARK A,Director,2023-01-09,S,60000.0,158.03,9481800.0,-0.00023019420799385768,2.1953605528855835
META,Newstead Jennifer,Officer,2023-01-11,S,342.0,131.03,44812.26,-0.002998988310105938,1.7378572884553076
V,MCINERNEY RYAN,Officer,2023-01-09,S,58197.0,62.47,3635566.59,0.0006656825041758608,0.9748602849556525
MA,Bhalla Ajay,Officer,2023-01-09,S,800.0,372.87,298296.0,0.0005872807379914638,1.1031017182867053
MA,Bhalla Ajay,Officer,2023-01-09,S,300.0,371.92,111576.0,0.0005872807379914638,1.1031017182867053
MA,Bhalla Ajay,Officer,2023-01-09,S,13100.0,371.22,4862982.0,0.0005872807379914638,1.1031017182867053
TSLA,Kirkhorn Zachary,Officer,2023-01-04,S,3752.25,109.31,410158.4475,-0.0013048455473905034,1.75712307004067
META,Newstead Jennifer,Officer,2023-01-04,S,342.0,127.4,43570.8,-0.0027584157177934997,1.7413048139330887
TSLA,Baglino Andrew D,Officer,2023-06-27,S,10500.0,243.13,2552865.0,-0.0014890047239990382,1.6275293053442927
META,Newstead Jennifer,Officer,2023-06-27,S,722.0,282.0,203604.0,0.0015821497929213416,1.7054202863568086
NVDA,Dabiri John,Director,2023-06-26,S,283.0,424.53,120141.99,0.002249399532137669,2.0445092944572147
ADBE,WARNOCK JOHN E,Director,2023-06-23,S,3000.0,481.41,1444230.0,-0.0007708393669141163,1.4572344817661518
ADBE,Rao Dana,Officer,2023-06-23,S,2600.0,480.21,1248546.0,-0.0007708393669141163,1.4572344817661518
AMZN,Selipsky Adam,Officer,2023-06-21,S,363.0,124.76,45287.880000000005,-0.0005647113945529982,1.598433680827126
AMZN,Selipsky Adam,Officer,2023-06-21,S,107.0,125.71,13450.97,-0.0005647113945529982,1.598433680827126
AMZN,Selipsky Adam,Officer,2023-06-22,S,122.0,128.13,15631.86,-0.0005175462355605102,1.5965784026237757
AMZN,Selipsky Adam,Officer,2023-06-22,S,254.0,129.23,32824.42,-0.0005175462355605102,1.5965784026237757
ADBE,NARAYEN SHANTANU,"Director,Officer",2023-06-22,S,1909.0,480.58,917427.22,-0.0006843910909801078,1.4617780708743824
ADBE,NARAYEN SHANTANU,"Director,Officer",2023-06-22,S,5462.0,479.6,2619575.2,-0.0006843910909801078,1.4617780708743824
ADBE,NARAYEN SHANTANU,"Director,Officer",2023-06-22,S,13624.0,478.53,6519492.72,-0.0006843910909801078,1.4617780708743824
ADBE,NARAYEN SHANTANU,"Director,Officer",2023-06-22,S,4832.0,477.91,2309261.12,-0.0006843910909801078,1.4617780708743824
ADBE,NARAYEN SHANTANU,"Director,Officer",2023-06-22,S,6026.0,475.57,2865784.82,-0.0006843910909801078,1.4617780708743824
ADBE,NARAYEN SHANTANU,"Director,Officer",2023-06-22,S,3147.0,476.56,1499734.32,-0.0006843910909801078,1.4617780708743824
ADBE,Banse Amy,Director,2023-06-21,P,40.0,492.0,19680.0,-0.0006583634475354057,1.4617867849980641
META,Newstead Jennifer,Officer,2023-06-20,S,722.0,278.73,201243.06000000003,0.0012683165263084107,1.6693979341083984
NVDA,STEVENS MARK A,Director,2023-06-20,S,36695.0,432.01,15852606.95,0.00203244088074717,2.022654494386419
NVDA,STEVENS MARK A,Director,2023-06-16,S,8602.0,433.93,3732665.86,0.002078790510899707,2.022601318468028
NVDA,STEVENS MARK A,Director,2023-06-16,S,70000.0,430.08,30105600.0,0.002078790510899707,2.022601318468028
NVDA,STEVENS MARK A,Director,2023-06-20,S,3305.0,432.64,1429875.2,0.00203244088074717,2.022654494386419
TSLA,Zhu Xiaotong,Officer,2023-06-14,S,2500.0,260.0,650000.0,-0.0015458561491533385,1.6887399272938395
NVDA,COXE TENCH,Director,2023-06-14,S,50000.0,422.15,21107500.0,0.002162077854166042,2.0207463361014604
META,Newstead Jennifer,Officer,2023-06-13,S,722.0,275.0,198550.0,0.001541628463303246,1.6869013023978257
JPM,Petno Douglas B,Officer,2023-06-15,S,4930.0,142.16,700848.7999999999,0.0006579175453953872,0.8915308686258979
JPM,Scher Peter,Officer,2023-06-15,S,2482.0,141.39,350929.98,0.0006579175453953872,0.8915308686258979
JPM,Erdoes Mary E.,Officer,2023-06-15,S,8118.0,142.15,1153973.7,0.0006579175453953872,0.8915308686258979
NVDA,SEAWELL A BROOKE,Director,2023-06-14,S,860.0,424.69,365233.4,0.002162077854166042,2.0207463361014604
MA,Seshadri Raj,Officer,2023-06-13,S,1700.0,375.26,637942.0,0.00035889760844358317,1.0145980192191872
MA,Seshadri Raj,Officer,2023-06-13,S,213.0,376.46,80185.98,0.00035889760844358317,1.0145980192191872
MA,Seshadri Raj,Officer,2023-06-13,S,445.0,373.85,166363.25,0.00035889760844358317,1.0145980192191872
MA,Seshadri Raj,Officer,2023-06-13,S,391.0,371.49,145252.59,0.00035889760844358317,1.0145980192191872
MA,Seshadri Raj,Officer,2023-06-13,S,1215.0,370.69,450388.35,0.00035889760844358317,1.0145980192191872
MA,Seshadri Raj,Officer,2023-06-13,S,1200.0,372.74,447288.0,0.00035889760844358317,1.0145980192191872
NVDA,JONES HARVEY C,Director,2023-06-13,S,19037.0,401.48,7642974.760000001,0.002256513672114944,2.017819254077285
NVDA,JONES HARVEY C,Director,2023-06-13,S,6471.0,402.53,2604771.63,0.002256513672114944,2.017819254077285
NVDA,JONES HARVEY C,Director,2023-06-13,S,600.0,408.39,245034.0,0.002256513672114944,2.017819254077285
NVDA,JONES HARVEY C,Director,2023-06-13,S,5282.0,404.51,2136621.82,0.002256513672114944,2.017819254077285
NVDA,JONES HARVEY C,Director,2023-06-13,S,4722.0,405.99,1917084.78,0.002256513672114944,2.017819254077285
NVDA,JONES HARVEY C,Director,2023-06-13,S,21574.0,406.84,8777166.16,0.002256513672114944,2.017819254077285
NVDA,JONES HARVEY C,Director,2023-06-13,S,13369.0,407.63,5449605.47,0.002256513672114944,2.017819254077285
NVDA,JONES HARVEY C,Director,2023-06-13,S,45739.0,400.38,18312980.82,0.002256513672114944,2.017819254077285
NVDA,JONES HARVEY C,Director,2023-06-13,S,3001.0,403.55,1211053.55,0.002256513672114944,2.017819254077285
JNJ,Wengel Kathryn E,Officer,2023-06-12,S,12465.0,160.0,1994400.0,-0.00022689216065715668,0.3498774009703494
TSLA,Taneja Vaibhav,Officer,2023-06-09,S,12000.0,250.04,3000480.0,-0.0013839048511679669,1.6759498791991103
JPM,Piepszak Jennifer,Officer,2023-06-12,S,1871.0,140.7,263249.69999999995,0.000612604211356299,0.8838526410431949
NVDA,HUDSON DAWN E,Director,2023-06-07,S,3500.0,384.03,1344105.0,0.0021286153363471814,2.0313803836258697
META,Newstead Jennifer,Officer,2023-06-06,S,722.0,270.14,195041.08,0.0009345292587154334,1.6463521973215467
AMZN,Selipsky Adam,Officer,2023-06-06,S,177.0,125.78,22263.06,-0.0005162735633112447,1.6051900160913783
AMZN,Selipsky Adam,Officer,2023-06-06,S,323.0,126.54,40872.420000000006,-0.0005162735633112447,1.6051900160913783
AMZN,Selipsky Adam,Officer,2023-06-07,S,191.0,122.29,23357.39,-0.0004223796261978295,1.6152006387088604
AMZN,Selipsky Adam,Officer,2023-06-07,S,90.0,125.85,11326.5,-0.0004223796261978295,1.6152006387088604
TSLA,Kirkhorn Zachary,Officer,2023-06-05,S,3750.0,217.69,816337.5,-0.0009808471170534385,1.6447921043813503
TSLA,Kirkhorn Zachary,Officer,2023-06-06,S,7403.25,215.51,1595474.4075,-0.001105666992541119,1.6436241305027748
TSLA,Taneja Vaibhav,Officer,2023-06-06,S,3181.25,215.51,685591.1875,-0.001105666992541119,1.6436241305027748
TSLA,Baglino Andrew D,Officer,2023-06-06,S,1298.5,215.51,279839.735,-0.001105666992541119,1.6436241305027748
TSLA,Zhu Xiaotong,Officer,2023-06-06,S,793.5,215.51,171007.185,-0.001105666992541119,1.6436241305027748
NVDA,JONES HARVEY C,Director,2023-06-02,S,70205.0,405.0,28433025.0,0.002025869735373152,2.033473497764818
NVDA,Dabiri John,Director,2023-06-01,S,383.0,384.89,147412.87,0.0022480866286546256,2.0438190005065304
MSFT,List Teri,Director,2023-06-02,S,1250.0,334.77,418462.5,0.00038736636540937126,1.300958194592972
AMZN,Herrington Douglas J,Officer,2023-06-01,S,4000.0,120.61,482440.0,-0.000550706752720241,1.6071208672725719
TSLA,Baglino Andrew D,Officer,2023-05-30,S,10500.0,200.0,2100000.0,-0.0007077161106938962,1.6657651500935338
META,Newstead Jennifer,Officer,2023-05-30,S,722.0,265.0,191330.0,0.0010898189369536113,1.6652639591100737
NVDA,Kress Colette,Officer,2023-05-30,S,900.0,400.25,360225.0,0.0021090717517771576,2.0440381984375304
NVDA,Kress Colette,Officer,2023-05-30,S,630.0,401.42,252894.6,0.0021090717517771576,2.0440381984375304
NVDA,Kress Colette,Officer,2023-05-30,S,400.0,402.25,160900.0,0.0021090717517771576,2.0440381984375304
NVDA,Kress Colette,Officer,2023-05-30,S,500.0,403.34,201670.0,0.0021090717517771576,2.0440381984375304
NVDA,Kress Colette,Officer,2023-05-30,S,200.0,404.16,80832.0,0.0021090717517771576,2.0440381984375304
NVDA,Kress Colette,Officer,2023-05-30,S,500.0,405.76,202880.0,0.0021090717517771576,2.0440381984375304
NVDA,Kress Colette,Officer,2023-05-30,S,300.0,408.04,122412.0,0.0021090717517771576,2.0440381984375304
NVDA,Kress Colette,Officer,2023-05-30,S,900.0,409.23,368307.0,0.0021090717517771576,2.0440381984375304
NVDA,Kress Colette,Officer,2023-05-30,S,600.0,410.46,246276.0,0.0021090717517771576,2.0440381984375304
NVDA,Kress Colette,Officer,2023-05-30,S,400.0,411.6,164640.0,0.0021090717517771576,2.0440381984375304
NVDA,Kress Colette,Officer,2023-05-30,S,400.0,412.48,164992.0,0.0021090717517771576,2.0440381984375304
NVDA,Kress Colette,Officer,2023-05-30,S,294.0,413.84,121668.96,0.0021090717517771576,2.0440381984375304
NVDA,Kress Colette,Officer,2023-05-30,S,100.0,417.79,41779.0,0.0021090717517771576,2.0440381984375304
NVDA,COXE TENCH,Director,2023-05-26,S,100000.0,379.0,37900000.0,0.0021127765763499177,2.0446595070054645
NVDA,Drell Persis,Director,2023-05-26,S,7800.0,386.03,3011034.0,0.0021127765763499177,2.0446595070054645
META,Newstead Jennifer,Officer,2023-05-23,S,722.0,247.06,178377.32,0.0007074919637107218,1.6675981129016157
VZ,Russo Joseph J.,Officer,2023-05-23,S,7585.0,36.3,275335.5,-0.0007751296619414763,0.4245701351541317
AMZN,Jassy Andrew R,"Director,Officer",2023-05-22,S,1827.0,116.48,212808.96,-0.00035980164632470093,1.5813772838392208
AMZN,Jassy Andrew R,"Director,Officer",2023-05-22,S,10258.0,114.82,1177823.5599999998,-0.00035980164632470093,1.5813772838392208
AMZN,Jassy Andrew R,"Director,Officer",2023-05-22,S,9840.0,115.73,1138783.2,-0.00035980164632470093,1.5813772838392208
AMZN,Herrington Douglas J,Officer,2023-05-22,S,1000.0,116.54,116540.0,-0.00035980164632470093,1.5813772838392208
AMZN,Herrington Douglas J,Officer,2023-05-22,S,3152.0,114.95,362322.4,-0.00035980164632470093,1.5813772838392208
AMZN,Herrington Douglas J,Officer,2023-05-22,S,5320.0,115.74,615736.7999999999,-0.00035980164632470093,1.5813772838392208
AMZN,Olsavsky Brian T,Officer,2023-05-22,S,16800.0,116.69,1960392.0,-0.00035980164632470093,1.5813772838392208
AMZN,Zapolsky David,Officer,2023-05-22,S,800.0,116.51,93208.0,-0.00035980164632470093,1.5813772838392208
AMZN,Zapolsky David,Officer,2023-05-22,S,2420.0,114.99,278275.8,-0.00035980164632470093,1.5813772838392208
AMZN,Zapolsky David,Officer,2023-05-22,S,3500.0,115.74,405090.0,-0.00035980164632470093,1.5813772838392208
AMZN,Selipsky Adam,Officer,2023-05-22,S,2136.0,114.93,245490.48,-0.00035980164632470093,1.5813772838392208
AMZN,Selipsky Adam,Officer,2023-05-22,S,1429.0,115.86,165563.94,-0.00035980164632470093,1.5813772838392208
AMZN,Selipsky Adam,Officer,2023-05-23,S,122.0,116.51,14214.22,-0.00032811559175607423,1.5941769099867655
AMZN,Selipsky Adam,Officer,2023-05-23,S,307.0,115.6,35489.2,-0.00032811559175607423,1.5941769099867655
AMZN,Reynolds Shelley,Officer,2023-05-22,S,300.0,116.57,34971.0,-0.00035980164632470093,1.5813772838392208
AMZN,Reynolds Shelley,Officer,2023-05-22,S,931.0,114.94,107009.14,-0.00035980164632470093,1.5813772838392208
AMZN,Reynolds Shelley,Officer,2023-05-22,S,1869.0,115.77,216374.13,-0.00035980164632470093,1.5813772838392208
NVDA,Shoquist Debora,Officer,2023-05-18,S,23084.0,305.0,7040620.0,0.0021752482603736535,2.0539850149212384
META,Olivan Javier,Officer,2023-05-17,S,1965.0,238.68,469006.2,0.0008119091946408005,1.643896558942174
META,Olivan Javier,Officer,2023-05-17,S,2259.0,239.89,541911.51,0.0008119091946408005,1.643896558942174
META,Olivan Javier,Officer,2023-05-17,S,50.0,240.38,12019.0,0.0008119091946408005,1.643896558942174
MSFT,Capossela Christopher C,Officer,2023-05-18,S,5000.0,316.87,1584350.0,0.00039994493619072776,1.2804237858233032
HD,Padilla Hector A,Officer,2023-05-17,S,252.0,293.54,73972.08,8.29093501183442e-05,0.9705709694735518
HD,Padilla Hector A,Officer,2023-05-17,S,1250.0,293.0,366250.0,8.29093501183442e-05,0.9705709694735518
MA,Malhotra Raghuvir,Officer,2023-05-18,S,1536.0,390.0,599040.0,0.00023398881991194527,1.0371215933107554
JPM,Scher Peter,Officer,2023-05-19,S,1241.0,140.08,173839.28000000003,0.00034326193483397426,0.9122293784924859
META,Clegg Nicholas,Officer,2023-05-15,S,2146.0,233.81,501756.26,0.0007087925096831441,1.635633962081353
META,Clegg Nicholas,Officer,2023-05-16,S,4575.0,235.58,1077778.5,0.0006437323298159917,1.6367268902923957
META,Newstead Jennifer,Officer,2023-05-16,S,722.0,235.58,170088.76,0.0006437323298159917,1.6367268902923957
META,Olivan Javier,Officer,2023-05-15,S,7640.0,233.81,1786308.4,0.0007087925096831441,1.635633962081353
META,LI SUSAN J,Officer,2023-05-15,S,5293.0,233.81,1237556.33,0.0007087925096831441,1.635633962081353
META,LI SUSAN J,Officer,2023-05-15,S,5350.0,233.81,1250883.5,0.0007087925096831441,1.635633962081353
META,Bosworth Andrew,Officer,2023-05-15,S,8032.0,233.81,1877961.92,0.0007087925096831441,1.635633962081353
META,Bosworth Andrew,Officer,2023-05-16,S,10923.0,235.58,2573240.3400000003,0.0006437323298159917,1.6367268902923957
MSFT,Capossela Christopher C,Officer,2023-05-16,S,5081.0,312.54,1588015.74,0.00040238166934573975,1.2730357094841267
AMZN,Selipsky Adam,Officer,2023-05-15,S,672.0,111.88,75183.36,-0.00030945751273943865,1.5946535225597394
AMZN,Selipsky Adam,Officer,2023-05-16,S,209.0,113.04,23625.36,-0.0003128021071233955,1.5923237329144586
AMZN,Selipsky Adam,Officer,2023-05-16,S,215.0,114.06,24522.9,-0.0003128021071233955,1.5923237329144586
AMZN,Selipsky Adam,Officer,2023-05-15,S,4824.0,109.84,529868.16,-0.00030945751273943865,1.5946535225597394
AMZN,Selipsky Adam,Officer,2023-05-15,S,5264.0,110.59,582145.76,-0.00030945751273943865,1.5946535225597394
AMZN,Herrington Douglas J,Officer,2023-05-15,S,400.0,111.77,44708.0,-0.00030945751273943865,1.5946535225597394
AMZN,Herrington Douglas J,Officer,2023-05-15,S,1564.0,110.7,173134.80000000002,-0.00030945751273943865,1.5946535225597394
AMZN,Herrington Douglas J,Officer,2023-05-15,S,1900.0,109.84,208696.0,-0.00030945751273943865,1.5946535225597394
MA,Mastercard Foundation,TenPercentOwner,2023-05-17,S,125816.0,381.66,48018934.56,0.0003699896369955654,1.007290412718703
MA,Mastercard Foundation,TenPercentOwner,2023-05-16,S,125816.0,379.3,47722008.8,0.0004079884188286728,1.010201897883225
JPM,BACON ASHLEY,Officer,2023-05-15,S,16766.0,135.0,2263410.0,0.0005027395163386875,0.9025483476863357
JPM,Beer Lori A,Officer,2023-05-15,S,15926.0,135.0,2150010.0,0.0005027395163386875,0.9025483476863357
JPM,Scher Peter,Officer,2023-05-15,S,1240.0,135.02,167424.80000000002,0.0005027395163386875,0.9025483476863357
JPM,Petno Douglas B,Officer,2023-05-15,S,4932.0,134.9,665326.8,0.0005027395163386875,0.9025483476863357
JPM,Erdoes Mary E.,Officer,2023-05-15,S,8119.0,134.81,1094522.39,0.0005027395163386875,0.9025483476863357
MA,Mastercard Foundation,TenPercentOwner,2023-05-11,S,125816.0,382.49,48123361.84,0.0003999148257110034,1.0187825963054185
MA,Mastercard Foundation,TenPercentOwner,2023-05-12,S,125816.0,381.15,47954768.4,0.0004287946315685748,1.017484186978695
MA,Mastercard Foundation,TenPercentOwner,2023-05-15,S,125816.0,381.85,48042839.6,0.00036305695221615174,1.0103898447736852
JPM,Pinto Daniel E,Officer,2023-05-11,S,113640.0,135.93,15447085.2,0.0004892235220771336,0.8971605834323392
JPM,Piepszak Jennifer,Officer,2023-05-11,S,1871.0,135.97,254399.87,0.0004892235220771336,0.8971605834323392
AAPL,KONDO CHRIS,Officer,2023-05-08,S,4092.0,173.26,708979.9199999999,0.0004274879771677358,1.306649973340846
META,Newstead Jennifer,Officer,2023-05-09,S,375.0,231.08,86655.0,0.0007501686842301806,1.6427271276603288
MSFT,Capossela Christopher C,Officer,2023-05-10,S,4177.0,312.91,1307025.07,0.00028265397287411005,1.2744745776126118
MSFT,Capossela Christopher C,Officer,2023-05-09,S,5000.0,308.71,1543550.0,0.00036231247874363035,1.2751818317333459
MA,Mastercard Foundation,TenPercentOwner,2023-05-10,S,125816.0,381.19,47959801.04,0.0004829909140109788,1.0122548340390667
MA,Mastercard Foundation,TenPercentOwner,2023-05-08,S,125816.0,386.28,48600204.48,0.00029896684435161186,1.0274539574542239
MA,Mastercard Foundation,TenPercentOwner,2023-05-09,S,125816.0,384.75,48407706.0,0.0004315769769710697,1.0116838849566998
MA,Malhotra Raghuvir,Officer,2023-05-05,S,3536.0,383.0,1354288.0,0.000306894565329518,1.0306392156423847
MA,Malhotra Raghuvir,Officer,2023-05-05,S,7862.0,381.0,2995422.0,0.000306894565329518,1.0306392156423847
TSLA,Kirkhorn Zachary,Officer,2023-05-04,S,3750.75,162.7,610247.0249999999,-0.0008625699239244598,1.780922634176305
MSFT,Capossela Christopher C,Officer,2023-05-05,S,5000.0,310.05,1550250.0,0.0004319712305408761,1.2733412607163859
AMZN,Selipsky Adam,Officer,2023-05-04,S,191.0,104.73,20003.43,-0.00018957795878318343,1.6222162209837574
AMZN,Selipsky Adam,Officer,2023-05-05,S,377.0,105.28,39690.56,-0.00013219882172003664,1.608381574534307
AMZN,Selipsky Adam,Officer,2023-05-04,S,329.0,104.11,34252.19,-0.00018957795878318343,1.6222162209837574
AMZN,Selipsky Adam,Officer,2023-05-05,S,123.0,104.32,12831.36,-0.00013219882172003664,1.608381574534307
MA,Murphy Timothy H,Officer,2023-05-02,S,4300.0,371.74,1598482.0,0.0001774571101013719,1.0340253063197493
MA,Murphy Timothy H,Officer,2023-05-02,S,5096.0,372.54,1898463.84,0.0001774571101013719,1.0340253063197493
MA,Murphy Timothy H,Officer,2023-05-02,S,2089.0,373.57,780387.73,0.0001774571101013719,1.0340253063197493
MA,Murphy Timothy H,Officer,2023-05-02,S,3059.0,374.72,1146268.48,0.0001774571101013719,1.0340253063197493
MA,Murphy Timothy H,Officer,2023-05-02,S,6309.0,375.77,2370732.93,0.0001774571101013719,1.0340253063197493
MA,Murphy Timothy H,Officer,2023-05-02,S,5347.0,376.49,2013092.03,0.0001774571101013719,1.0340253063197493
MA,Murphy Timothy H,Officer,2023-05-02,S,1217.0,377.92,459928.64,0.0001774571101013719,1.0340253063197493
MA,Malhotra Raghuvir,Officer,2023-05-02,S,2502.0,377.77,945180.54,0.0001774571101013719,1.0340253063197493
META,Newstead Jennifer,Officer,2023-05-02,S,393.0,243.18,95569.74,0.0006617343641749691,1.6485318352446754
ADBE,Belsky Scott,Officer,2023-05-02,S,3000.0,374.56,1123680.0,2.0034001992085738e-05,1.4065846351952638
AMZN,Herrington Douglas J,Officer,2023-05-01,S,4000.0,105.0,420000.0,-0.0003801777379765137,1.603906024626092
MSFT,Althoff Judson,Officer,2023-05-01,S,30000.0,306.09,9182700.0,0.00048566571687345695,1.2812023497722567
V,MAHON TULLIER KELLY,Officer,2023-05-01,S,54146.0,232.55,12591652.3,0.00037853657039688143,0.8938002216282465
V,KELLY ALFRED F JR,"Director,Officer",2023-05-01,S,7500.0,232.87,1746525.0,0.00037853657039688143,0.8938002216282465
PG,Jejurikar Shailesh,Officer,2023-05-01,S,31000.0,156.03,4836930.0,-0.000282854991576968,0.4974036963809171
TSLA,Baglino Andrew D,Officer,2023-04-27,S,10500.0,152.44,1600620.0,-0.0009349959608021907,1.7021663992829457
UNH,WITTY ANDREW,"Director,Officer",2023-04-27,S,6160.0,487.49,3002938.4,-0.0001596204132171756,0.5278686531147013
V,CARNEY LLOYD,Director,2023-04-28,S,1288.0,232.97,300065.36,0.00032843336532498553,0.8973403450316652
V,PRABHU VASANT M,Officer,2023-04-28,S,40000.0,231.36,9254400.0,0.00032843336532498553,0.8973403450316652
V,PRABHU VASANT M,Officer,2023-05-01,S,13343.0,234.26,3125731.18,0.00037853657039688143,0.8938002216282465
V,PRABHU VASANT M,Officer,2023-04-27,S,19422.0,229.04,4448414.88,0.0004168368246582113,0.9054082196515609
PG,Whaley Susan Street,Officer,2023-04-26,S,2221.0,155.47,345298.87,-0.0003363467414269451,0.5075521766642787
PG,Whaley Susan Street,Officer,2023-04-26,S,2631.0,155.47,409041.57,-0.0003363467414269451,0.5075521766642787
META,Newstead Jennifer,Officer,2023-04-25,S,393.0,210.93,82895.49,0.0012939967880004062,1.6692797828067418
PG,Janzaruk Matthew W.,Officer,2023-04-26,S,7269.0,155.77,1132292.13,-0.0003363467414269451,0.5075521766642787
PG,Janzaruk Matthew W.,Officer,2023-04-26,S,6153.0,155.77,958452.81,-0.0003363467414269451,0.5075521766642787
PG,Janzaruk Matthew W.,Officer,2023-04-26,S,275.0,155.5,42762.5,-0.0003363467414269451,0.5075521766642787
ADBE,WARNOCK JOHN E,Director,2023-04-26,S,3000.0,364.43,1093290.0,-0.00019875008026808383,1.391293604130568
PG,Coombe Gary A,Officer,2023-04-25,S,14337.0,157.0,2250909.0,-0.00036676808224275927,0.5073941345709817
DIS,WOODFORD BRENT,Officer,2023-04-25,S,1145.0,99.16,113538.2,-0.00044923941189074025,1.1890803864411026
UNH,McSweeney Erin,Officer,2023-04-25,S,761.0,494.8,376542.8,-0.00017990404980683172,0.5335890371165604
UNH,McSweeney Erin,Officer,2023-04-21,S,1008.0,484.58,488456.64,-0.00027572674397469225,0.5431617774708252
UNH,McSweeney Erin,Officer,2023-04-24,S,1684.0,488.46,822566.64,-0.00020109791801656507,0.53421012626601
PG,Davis Jennifer L.,Officer,2023-04-24,S,23943.0,155.27,3717629.61,-0.00037787357474834015,0.508253443295308
PG,Schulten Andre,Officer,2023-04-24,S,8024.0,155.27,1245886.48,-0.00037787357474834015,0.508253443295308
PG,Schulten Andre,Officer,2023-04-24,S,17220.0,155.27,2673749.4000000004,-0.00037787357474834015,0.508253443295308
PG,Purushothaman Balaji,Officer,2023-04-24,S,12300.0,156.33,1922859.0,-0.00037787357474834015,0.508253443295308
PG,Keith R. Alexandra,Officer,2023-04-24,S,6762.0,156.12,1055683.44,-0.00037787357474834015,0.508253443295308
PG,Keith R. Alexandra,Officer,2023-04-24,S,1507.0,155.27,233991.89,-0.00037787357474834015,0.508253443295308
ADBE,WARNOCK JOHN E,Director,2023-04-20,S,672.0,378.94,254647.68,-5.749131113290773e-05,1.3792140382877698
PG,Francisco Ma. Fatima,Officer,2023-04-24,S,8000.0,156.84,1254720.0,-0.00037787357474834015,0.508253443295308
AMZN,Selipsky Adam,Officer,2023-04-19,S,255.0,104.59,26670.45,-0.0012197508826809187,1.6669268383247977
AMZN,Selipsky Adam,Officer,2023-04-20,S,289.0,103.85,30012.65,-0.0010993615055800608,1.6669182607361137
AMZN,Selipsky Adam,Officer,2023-04-20,S,211.0,104.62,22074.82,-0.0010993615055800608,1.6669182607361137
AMZN,Selipsky Adam,Officer,2023-04-19,S,228.0,103.04,23493.120000000003,-0.0012197508826809187,1.6669268383247977
META,Newstead Jennifer,Officer,2023-04-18,S,393.0,219.94,86436.42,0.0006768099378653539,1.6835528309895642
AAPL,Maestri Luca,Officer,2023-04-13,S,69996.0,165.25,11566839.0,0.00012310344747455158,1.318836130024509
META,Newstead Jennifer,Officer,2023-04-11,S,393.0,215.84,84825.12,0.00032081735590883207,1.6724478246066796
VZ,Silliman Craig L.,Officer,2023-04-10,S,3340.0,39.21,130961.4,-0.0008872110086166833,0.4174548469636663
AAPL,Maestri Luca,Officer,2023-04-06,S,200.0,164.92,32984.0,0.0001583366859249274,1.31719933711846
META,Newstead Jennifer,Officer,2023-04-04,S,393.0,213.12,83756.16,0.00029138423078351415,1.6751577527740136
TSLA,Kirkhorn Zachary,Officer,2023-04-04,S,3750.0,197.31,739912.5,-0.001182493858222963,1.7211102515950425
AMZN,Selipsky Adam,Officer,2023-04-04,S,391.0,102.89,40229.99,-0.0012603423796394668,1.6819342967895674
AMZN,Selipsky Adam,Officer,2023-04-04,S,129.0,103.85,13396.65,-0.0012603423796394668,1.6819342967895674
AMZN,Selipsky Adam,Officer,2023-04-05,S,404.0,101.37,40953.48,-0.001171162222546536,1.6808163479998084
TSLA,Musk Kimbal,Director,2023-04-03,S,100.0,202.64,20264.0,-0.0009097688336180561,1.7218259077127982
TSLA,Musk Kimbal,Director,2023-04-03,S,2000.0,201.93,403860.0,-0.0009097688336180561,1.7218259077127982
TSLA,Musk Kimbal,Director,2023-04-03,S,3379.0,200.99,679145.2100000001,-0.0009097688336180561,1.7218259077127982
TSLA,Musk Kimbal,Director,2023-04-03,S,5800.0,200.11,1160638.0,-0.0009097688336180561,1.7218259077127982
TSLA,Musk Kimbal,Director,2023-04-03,S,600.0,198.73,119238.0,-0.0009097688336180561,1.7218259077127982
TSLA,Musk Kimbal,Director,2023-04-03,S,9588.0,197.91,1897561.08,-0.0009097688336180561,1.7218259077127982
TSLA,Musk Kimbal,Director,2023-04-03,S,9982.0,196.83,1964757.06,-0.0009097688336180561,1.7218259077127982
TSLA,Musk Kimbal,Director,2023-04-03,S,7410.0,195.64,1449692.4,-0.0009097688336180561,1.7218259077127982
TSLA,Musk Kimbal,Director,2023-04-03,S,37909.0,194.74,7382398.66,-0.0009097688336180561,1.7218259077127982
TSLA,Musk Kimbal,Director,2023-04-03,S,15186.0,193.92,2944869.12,-0.0009097688336180561,1.7218259077127982
TSLA,Musk Kimbal,Director,2023-04-03,S,8046.0,192.78,1551107.88,-0.0009097688336180561,1.7218259077127982
AMZN,Herrington Douglas J,Officer,2023-04-03,S,4000.0,102.25,409000.0,-0.0012178103254155183,1.6879112869433495
AAPL,WILLIAMS JEFFREY E,Officer,2023-04-04,S,77430.0,166.11,12861897.3,0.00011737230240306582,1.3194165729840643
AAPL,WILLIAMS JEFFREY E,Officer,2023-04-04,S,387.0,166.62,64481.94,0.00011737230240306582,1.3194165729840643
AAPL,O'BRIEN DEIRDRE,Officer,2023-04-03,S,25958.0,165.87,4305653.46,0.0001781139611356487,1.321448461254376
AAPL,O'BRIEN DEIRDRE,Officer,2023-04-03,S,17664.0,164.73,2909790.72,0.0001781139611356487,1.321448461254376
AAPL,COOK TIMOTHY D,"Director,Officer",2023-04-03,S,29449.0,165.62,4877343.38,0.0001781139611356487,1.321448461254376
AAPL,COOK TIMOTHY D,"Director,Officer",2023-04-03,S,26623.0,164.67,4384009.409999999,0.0001781139611356487,1.321448461254376
AAPL,Adams Katherine L.,Officer,2023-04-03,S,33407.0,164.71,5502466.970000001,0.0001781139611356487,1.321448461254376
AAPL,Adams Katherine L.,Officer,2023-04-03,S,38818.0,165.81,6436412.58,0.0001781139611356487,1.321448461254376
TSLA,Baglino Andrew D,Officer,2023-09-27,S,10500.0,244.32,2565360.0,-0.001773292616902862,1.7381459704157507
META,Newstead Jennifer,Officer,2023-09-26,S,670.0,297.66,199432.2,0.0026121663500539476,1.6632983388687717
AMZN,Selipsky Adam,Officer,2023-09-20,S,500.0,138.48,69240.0,-0.00020978102960111076,1.4968020739277312
AMZN,Selipsky Adam,Officer,2023-09-21,S,500.0,131.8,65900.0,-0.00020931921157189346,1.4954033444361257
META,Newstead Jennifer,Officer,2023-09-19,S,670.0,302.48,202661.6,0.002840391366373915,1.6505551275371941
MA,Bhalla Ajay,Officer,2023-09-20,S,2093.0,415.0,868595.0,0.00038480871561602395,1.0165347883190177
MA,Bhalla Ajay,Officer,2023-09-19,S,4000.0,416.96,1667840.0,0.00045158633410079225,1.0119850182506538
ADBE,Garfield Mark S.,Officer,2023-09-18,S,264.0,524.7,138520.80000000002,0.0017607147906468187,1.453375651767331
MA,Bhalla Ajay,Officer,2023-09-14,S,500.0,411.35,205675.0,0.0002627670774733969,1.0160693926934745
MA,Bhalla Ajay,Officer,2023-09-18,S,4000.0,413.88,1655520.0,0.0003845175758162325,1.008342839078101
MA,Bhalla Ajay,Officer,2023-09-14,S,1500.0,412.68,619020.0,0.0002627670774733969,1.0160693926934745
MA,Bhalla Ajay,Officer,2023-09-14,S,1415.0,413.36,584904.4,0.0002627670774733969,1.0160693926934745
MA,Bhalla Ajay,Officer,2023-09-14,S,500.0,414.73,207365.0,0.0002627670774733969,1.0160693926934745
MA,Bhalla Ajay,Officer,2023-09-14,S,85.0,418.64,35584.4,0.0002627670774733969,1.0160693926934745
MA,Bhalla Ajay,Officer,2023-09-15,S,3368.0,411.86,1387144.48,0.0003861947920997457,1.0081986937176486
MA,Bhalla Ajay,Officer,2023-09-15,S,33.0,413.59,13648.47,0.0003861947920997457,1.0081986937176486
MA,Bhalla Ajay,Officer,2023-09-15,S,533.0,415.92,221685.36,0.0003861947920997457,1.0081986937176486
MA,Bhalla Ajay,Officer,2023-09-15,S,66.0,416.87,27513.42,0.0003861947920997457,1.0081986937176486
AMZN,Zapolsky David,Officer,2023-09-14,S,42816.0,145.13,6213886.08,-0.0007281008186081788,1.5175384571420176
NVDA,HUANG JEN HSUN,"Director,Officer",2023-09-14,S,1900.0,452.23,859237.0,0.0047248550845308155,2.0764150620859256
NVDA,HUANG JEN HSUN,"Director,Officer",2023-09-14,S,4669.0,457.26,2134946.94,0.0047248550845308155,2.0764150620859256
NVDA,HUANG JEN HSUN,"Director,Officer",2023-09-14,S,4237.0,454.19,1924403.03,0.0047248550845308155,2.0764150620859256
NVDA,HUANG JEN HSUN,"Director,Officer",2023-09-14,S,1300.0,453.17,589121.0,0.0047248550845308155,2.0764150620859256
NVDA,HUANG JEN HSUN,"Director,Officer",2023-09-14,S,3594.0,458.1,1646411.4,0.0047248550845308155,2.0764150620859256
NVDA,HUANG JEN HSUN,"Director,Officer",2023-09-14,S,800.0,458.98,367184.0,0.0047248550845308155,2.0764150620859256
NVDA,HUANG JEN HSUN,"Director,Officer",2023-09-14,S,7968.0,455.3,3627830.4,0.0047248550845308155,2.0764150620859256
NVDA,HUANG JEN HSUN,"Director,Officer",2023-09-14,S,5216.0,456.14,2379226.24,0.0047248550845308155,2.0764150620859256
V,Taneja Rajat,Officer,2023-09-13,S,15800.0,250.01,3950158.0,0.000307251887667776,0.8458921492487003
META,Newstead Jennifer,Officer,2023-09-12,S,670.0,306.34,205247.8,0.0025420762874259375,1.6842425194011672
NVDA,HUANG JEN HSUN,"Director,Officer",2023-09-13,S,400.0,459.01,183604.0,0.004789781539973626,2.0630077337082966
NVDA,HUANG JEN HSUN,"Director,Officer",2023-09-13,S,200.0,445.58,89116.0,0.004789781539973626,2.0630077337082966
NVDA,HUANG JEN HSUN,"Director,Officer",2023-09-13,S,400.0,447.51,179004.0,0.004789781539973626,2.0630077337082966
NVDA,HUANG JEN HSUN,"Director,Officer",2023-09-13,S,1000.0,448.79,448790.0,0.004789781539973626,2.0630077337082966
NVDA,HUANG JEN HSUN,"Director,Officer",2023-09-13,S,2100.0,449.93,944853.0,0.004789781539973626,2.0630077337082966
NVDA,HUANG JEN HSUN,"Director,Officer",2023-09-13,S,1600.0,458.22,733152.0,0.004789781539973626,2.0630077337082966
NVDA,HUANG JEN HSUN,"Director,Officer",2023-09-13,S,3900.0,452.18,1763502.0,0.004789781539973626,2.0630077337082966
NVDA,HUANG JEN HSUN,"Director,Officer",2023-09-13,S,3939.0,453.18,1785076.02,0.004789781539973626,2.0630077337082966
NVDA,HUANG JEN HSUN,"Director,Officer",2023-09-13,S,3918.0,454.19,1779516.42,0.004789781539973626,2.0630077337082966
NVDA,HUANG JEN HSUN,"Director,Officer",2023-09-13,S,3990.0,455.12,1815928.8,0.004789781539973626,2.0630077337082966
NVDA,HUANG JEN HSUN,"Director,Officer",2023-09-13,S,3532.0,456.44,1612146.08,0.004789781539973626,2.0630077337082966
NVDA,HUANG JEN HSUN,"Director,Officer",2023-09-13,S,3109.0,457.38,1421994.42,0.004789781539973626,2.0630077337082966
NVDA,HUANG JEN HSUN,"Director,Officer",2023-09-13,S,1600.0,451.13,721808.0,0.004789781539973626,2.0630077337082966
NVDA,HUANG JEN HSUN,"Director,Officer",2023-09-12,S,3571.0,450.84,1609949.64,0.004753224160941657,2.0773934782947028
NVDA,HUANG JEN HSUN,"Director,Officer",2023-09-12,S,6948.0,451.9,3139801.2,0.004753224160941657,2.0773934782947028
NVDA,HUANG JEN HSUN,"Director,Officer",2023-09-12,S,2500.0,449.89,1124725.0,0.004753224160941657,2.0773934782947028
NVDA,HUANG JEN HSUN,"Director,Officer",2023-09-12,S,3764.0,448.96,1689885.44,0.004753224160941657,2.0773934782947028
NVDA,HUANG JEN HSUN,"Director,Officer",2023-09-12,S,200.0,446.97,89394.0,0.004753224160941657,2.0773934782947028
NVDA,HUANG JEN HSUN,"Director,Officer",2023-09-12,S,400.0,446.19,178476.0,0.004753224160941657,2.0773934782947028
NVDA,HUANG JEN HSUN,"Director,Officer",2023-09-12,S,3864.0,452.94,1750160.16,0.004753224160941657,2.0773934782947028
NVDA,HUANG JEN HSUN,"Director,Officer",2023-09-12,S,5200.0,453.8,2359760.0,0.004753224160941657,2.0773934782947028
NVDA,HUANG JEN HSUN,"Director,Officer",2023-09-12,S,1841.0,454.91,837489.31,0.004753224160941657,2.0773934782947028
NVDA,HUANG JEN HSUN,"Director,Officer",2023-09-12,S,1400.0,455.9,638260.0,0.004753224160941657,2.0773934782947028
NVDA,HUANG JEN HSUN,"Director,Officer",2023-09-11,S,4589.0,451.25,2070786.25,0.004710218955981071,2.0715834024504023
NVDA,HUANG JEN HSUN,"Director,Officer",2023-09-11,S,3945.0,450.13,1775762.85,0.004710218955981071,2.0715834024504023
NVDA,HUANG JEN HSUN,"Director,Officer",2023-09-11,S,900.0,452.98,407682.0,0.004710218955981071,2.0715834024504023
NVDA,HUANG JEN HSUN,"Director,Officer",2023-09-11,S,300.0,454.56,136368.0,0.004710218955981071,2.0715834024504023
NVDA,HUANG JEN HSUN,"Director,Officer",2023-09-11,S,100.0,456.8,45680.0,0.004710218955981071,2.0715834024504023
NVDA,HUANG JEN HSUN,"Director,Officer",2023-09-11,S,200.0,458.27,91654.0,0.004710218955981071,2.0715834024504023
NVDA,HUANG JEN HSUN,"Director,Officer",2023-09-11,S,600.0,459.63,275778.0,0.004710218955981071,2.0715834024504023
NVDA,HUANG JEN HSUN,"Director,Officer",2023-09-11,S,200.0,460.41,92082.0,0.004710218955981071,2.0715834024504023
NVDA,HUANG JEN HSUN,"Director,Officer",2023-09-11,S,49.0,461.63,22619.87,0.004710218955981071,2.0715834024504023
NVDA,HUANG JEN HSUN,"Director,Officer",2023-09-11,S,2304.0,449.2,1034956.8,0.004710218955981071,2.0715834024504023
NVDA,HUANG JEN HSUN,"Director,Officer",2023-09-11,S,3200.0,448.1,1433920.0,0.004710218955981071,2.0715834024504023
NVDA,HUANG JEN HSUN,"Director,Officer",2023-09-11,S,1000.0,443.92,443920.0,0.004710218955981071,2.0715834024504023
NVDA,HUANG JEN HSUN,"Director,Officer",2023-09-11,S,1400.0,445.16,623224.0,0.004710218955981071,2.0715834024504023
NVDA,HUANG JEN HSUN,"Director,Officer",2023-09-11,S,5497.0,446.12,2452321.64,0.004710218955981071,2.0715834024504023
NVDA,HUANG JEN HSUN,"Director,Officer",2023-09-11,S,3996.0,447.06,1786451.76,0.004710218955981071,2.0715834024504023
NVDA,HUANG JEN HSUN,"Director,Officer",2023-09-11,S,1408.0,452.09,636542.72,0.004710218955981071,2.0715834024504023
NVDA,HUANG JEN HSUN,"Director,Officer",2023-09-07,S,4097.0,462.27,1893920.19,0.00462660045292244,2.074397787790842
NVDA,HUANG JEN HSUN,"Director,Officer",2023-09-07,S,5800.0,457.8,2655240.0,0.00462660045292244,2.074397787790842
NVDA,HUANG JEN HSUN,"Director,Officer",2023-09-07,S,7571.0,456.71,3457751.41,0.00462660045292244,2.074397787790842
NVDA,HUANG JEN HSUN,"Director,Officer",2023-09-07,S,2226.0,455.91,1014855.66,0.00462660045292244,2.074397787790842
NVDA,HUANG JEN HSUN,"Director,Officer",2023-09-07,S,1426.0,454.84,648601.84,0.00462660045292244,2.074397787790842
NVDA,HUANG JEN HSUN,"Director,Officer",2023-09-07,S,600.0,453.74,272244.0,0.00462660045292244,2.074397787790842
NVDA,HUANG JEN HSUN,"Director,Officer",2023-09-07,S,1100.0,459.56,505516.0,0.00462660045292244,2.074397787790842
NVDA,HUANG JEN HSUN,"Director,Officer",2023-09-07,S,400.0,462.96,185184.0,0.00462660045292244,2.074397787790842
NVDA,HUANG JEN HSUN,"Director,Officer",2023-09-07,S,4368.0,458.77,2003907.36,0.00462660045292244,2.074397787790842
NVDA,HUANG JEN HSUN,"Director,Officer",2023-09-07,S,2100.0,461.3,968730.0,0.00462660045292244,2.074397787790842
TSLA,Taneja Vaibhav,Officer,2023-09-05,S,4000.0,250.02,1000080.0,-0.0004911034872902689,1.666537722165191
TSLA,Taneja Vaibhav,Officer,2023-09-06,S,176.75,249.62,44120.335,-0.0006791362452551685,1.6689322975749967
TSLA,Zhu Xiaotong,Officer,2023-09-06,S,1064.75,249.62,265782.895,-0.0006791362452551685,1.6689322975749967
TSLA,Baglino Andrew D,Officer,2023-09-06,S,1317.75,249.61,328923.5775,-0.0006791362452551685,1.6689322975749967
META,Newstead Jennifer,Officer,2023-09-05,S,670.0,297.45,199291.5,0.002080087764576073,1.6782772987319086
AMZN,Selipsky Adam,Officer,2023-09-05,S,500.0,137.66,68830.0,-0.0007700934444900143,1.52215050914753
AMZN,Selipsky Adam,Officer,2023-09-06,S,500.0,136.12,68060.0,-0.0007558775434710725,1.5214638747526434
NVDA,HUANG JEN HSUN,"Director,Officer",2023-09-06,S,100.0,485.44,48544.0,0.004571213734711569,2.060603688739527
NVDA,HUANG JEN HSUN,"Director,Officer",2023-09-06,S,2846.0,467.67,1330988.82,0.004571213734711569,2.060603688739527
NVDA,HUANG JEN HSUN,"Director,Officer",2023-09-06,S,2900.0,468.66,1359114.0,0.004571213734711569,2.060603688739527
NVDA,HUANG JEN HSUN,"Director,Officer",2023-09-06,S,7020.0,469.63,3296802.6,0.004571213734711569,2.060603688739527
NVDA,HUANG JEN HSUN,"Director,Officer",2023-09-06,S,8254.0,470.57,3884084.78,0.004571213734711569,2.060603688739527
NVDA,HUANG JEN HSUN,"Director,Officer",2023-09-06,S,1800.0,471.46,848628.0,0.004571213734711569,2.060603688739527
NVDA,HUANG JEN HSUN,"Director,Officer",2023-09-06,S,300.0,472.54,141762.0,0.004571213734711569,2.060603688739527
NVDA,HUANG JEN HSUN,"Director,Officer",2023-09-06,S,200.0,473.57,94714.0,0.004571213734711569,2.060603688739527
NVDA,HUANG JEN HSUN,"Director,Officer",2023-09-06,S,300.0,475.89,142767.0,0.004571213734711569,2.060603688739527
NVDA,HUANG JEN HSUN,"Director,Officer",2023-09-06,S,200.0,477.95,95590.0,0.004571213734711569,2.060603688739527
NVDA,HUANG JEN HSUN,"Director,Officer",2023-09-06,S,700.0,479.53,335671.0,0.004571213734711569,2.060603688739527
NVDA,HUANG JEN HSUN,"Director,Officer",2023-09-06,S,568.0,480.44,272889.92,0.004571213734711569,2.060603688739527
NVDA,HUANG JEN HSUN,"Director,Officer",2023-09-06,S,600.0,481.71,289026.0,0.004571213734711569,2.060603688739527
NVDA,HUANG JEN HSUN,"Director,Officer",2023-09-06,S,1400.0,482.86,676004.0,0.004571213734711569,2.060603688739527
NVDA,HUANG JEN HSUN,"Director,Officer",2023-09-06,S,400.0,483.46,193384.0,0.004571213734711569,2.060603688739527
NVDA,HUANG JEN HSUN,"Director,Officer",2023-09-06,S,500.0,484.74,242370.0,0.004571213734711569,2.060603688739527
NVDA,HUANG JEN HSUN,"Director,Officer",2023-09-06,S,1600.0,466.87,746992.0,0.004571213734711569,2.060603688739527
NVDA,HUANG JEN HSUN,"Director,Officer",2023-09-05,S,200.0,488.24,97648.0,0.004466645747260174,2.0611763057029786
NVDA,HUANG JEN HSUN,"Director,Officer",2023-09-01,S,2674.0,483.33,1292424.42,0.004478095316340693,2.0629677511265943
NVDA,HUANG JEN HSUN,"Director,Officer",2023-09-01,S,4634.0,484.41,2244755.94,0.004478095316340693,2.0629677511265943
NVDA,HUANG JEN HSUN,"Director,Officer",2023-09-01,S,7605.0,485.29,3690630.45,0.004478095316340693,2.0629677511265943
NVDA,HUANG JEN HSUN,"Director,Officer",2023-09-01,S,5575.0,486.31,2711178.25,0.004478095316340693,2.0629677511265943
NVDA,HUANG JEN HSUN,"Director,Officer",2023-09-01,S,2600.0,487.28,1266928.0,0.004478095316340693,2.0629677511265943
NVDA,HUANG JEN HSUN,"Director,Officer",2023-09-01,S,2300.0,488.38,1123274.0,0.004478095316340693,2.0629677511265943
NVDA,HUANG JEN HSUN,"Director,Officer",2023-09-01,S,1100.0,489.41,538351.0,0.004478095316340693,2.0629677511265943
NVDA,HUANG JEN HSUN,"Director,Officer",2023-09-01,S,200.0,490.62,98124.0,0.004478095316340693,2.0629677511265943
NVDA,HUANG JEN HSUN,"Director,Officer",2023-09-01,S,400.0,491.62,196648.0,0.004478095316340693,2.0629677511265943
NVDA,HUANG JEN HSUN,"Director,Officer",2023-09-01,S,600.0,492.79,295674.0,0.004478095316340693,2.0629677511265943
NVDA,HUANG JEN HSUN,"Director,Officer",2023-09-01,S,400.0,494.45,197780.0,0.004478095316340693,2.0629677511265943
NVDA,HUANG JEN HSUN,"Director,Officer",2023-09-01,S,500.0,495.63,247815.0,0.004478095316340693,2.0629677511265943
NVDA,HUANG JEN HSUN,"Director,Officer",2023-09-01,S,300.0,496.92,149076.0,0.004478095316340693,2.0629677511265943
NVDA,HUANG JEN HSUN,"Director,Officer",2023-09-01,S,100.0,497.82,49782.0,0.004478095316340693,2.0629677511265943
NVDA,HUANG JEN HSUN,"Director,Officer",2023-09-05,S,100.0,478.97,47897.0,0.004466645747260174,2.0611763057029786
NVDA,HUANG JEN HSUN,"Director,Officer",2023-09-05,S,1000.0,480.48,480480.0,0.004466645747260174,2.0611763057029786
NVDA,HUANG JEN HSUN,"Director,Officer",2023-09-05,S,1600.0,481.43,770288.0,0.004466645747260174,2.0611763057029786
NVDA,HUANG JEN HSUN,"Director,Officer",2023-09-05,S,3100.0,482.63,1496153.0,0.004466645747260174,2.0611763057029786
NVDA,HUANG JEN HSUN,"Director,Officer",2023-09-05,S,5100.0,483.59,2466309.0,0.004466645747260174,2.0611763057029786
NVDA,HUANG JEN HSUN,"Director,Officer",2023-09-05,S,6084.0,484.58,2948184.72,0.004466645747260174,2.0611763057029786
NVDA,HUANG JEN HSUN,"Director,Officer",2023-09-05,S,5315.0,485.61,2581017.15,0.004466645747260174,2.0611763057029786
NVDA,HUANG JEN HSUN,"Director,Officer",2023-09-05,S,5008.0,486.64,2437093.12,0.004466645747260174,2.0611763057029786
NVDA,HUANG JEN HSUN,"Director,Officer",2023-09-05,S,2181.0,487.62,1063499.22,0.004466645747260174,2.0611763057029786
NVDA,HUANG JEN HSUN,"Director,Officer",2023-09-01,S,700.0,482.53,337771.0,0.004478095316340693,2.0629677511265943
TSLA,Zhu Xiaotong,Officer,2023-09-01,S,2500.0,257.23,643075.0,-0.0006500780136168159,1.6659153936716447
JPM,Friedman Stacey,Officer,2023-09-06,S,4310.0,144.86,624346.6000000001,0.001035738084749767,0.8943372380060765
AMZN,Herrington Douglas J,Officer,2023-09-01,S,4000.0,139.48,557920.0,-0.0006349872983316533,1.5183448090873997
HD,McPhail Richard V,Officer,2023-09-01,S,2000.0,332.26,664520.0,-8.188818414574597e-05,1.0646429492153662
PYPL,Scheibe Gabrielle,Officer,2023-09-05,S,213.0,63.38,13499.94,-0.0016218625029916377,1.3205864522451516
MSFT,Hogan Kathleen T,Officer,2023-09-01,S,26814.6,327.37,8778295.602,0.0005927425351839134,1.335078422741456
MSFT,Nadella Satya,"Director,Officer",2023-09-01,S,1300.0,331.24,430612.0,0.0005927425351839134,1.335078422741456
MSFT,Nadella Satya,"Director,Officer",2023-09-01,S,6264.0,329.3,2062735.2,0.0005927425351839134,1.335078422741456
MSFT,Nadella Satya,"Director,Officer",2023-09-01,S,19241.0,328.29,6316627.890000001,0.0005927425351839134,1.335078422741456
MSFT,Nadella Satya,"Director,Officer",2023-09-01,S,10104.0,327.56,3309666.24,0.0005927425351839134,1.335078422741456
MSFT,Nadella Satya,"Director,Officer",2023-09-01,S,1325.0,330.22,437541.50000000006,0.0005927425351839134,1.335078422741456
MA,SACHIN J. MEHRA,Officer,2023-09-01,S,2100.0,412.91,867111.0,0.000363803513342703,1.002316157810063
MA,SACHIN J. MEHRA,Officer,2023-09-01,S,3600.0,413.99,1490364.0,0.000363803513342703,1.002316157810063
MA,SACHIN J. MEHRA,Officer,2023-09-01,S,300.0,414.68,124404.0,0.000363803513342703,1.002316157810063
V,MCINERNEY RYAN,"Director,Officer",2023-09-01,S,8150.0,247.47,2016880.5,0.0003549946276907009,0.841825432163314
META,Newstead Jennifer,Officer,2023-08-29,S,670.0,288.45,193261.5,0.002629629267559763,1.663273077842646
MA,Vosburg Craig,Officer,2023-08-30,S,5684.0,415.0,2358860.0,0.00032867441464078627,1.0044700996578644
PG,Jejurikar Shailesh,Officer,2023-08-30,S,11522.0,154.13,1775885.86,0.00011074021110735042,0.5054678743057187
PG,Coombe Gary A,Officer,2023-08-30,S,10094.0,154.0,1554476.0,0.00011074021110735042,0.5054678743057187
PG,Keith R. Alexandra,Officer,2023-08-30,S,5309.0,153.9,817055.1,0.00011074021110735042,0.5054678743057187
TSLA,Baglino Andrew D,Officer,2023-08-28,S,10500.0,242.53,2546565.0,-0.00014390029775191067,1.6472528068423609
NVDA,STEVENS MARK A,Director,2023-08-28,S,21500.0,468.08,10063720.0,0.004248380367070784,2.0595842835601834
NVDA,STEVENS MARK A,Director,2023-08-29,S,30675.0,489.91,15027989.25,0.004350556559557514,2.055910878345199
NVDA,Kress Colette,Officer,2023-08-28,S,700.0,458.29,320803.0,0.004248380367070784,2.0595842835601834
NVDA,Kress Colette,Officer,2023-08-28,S,100.0,469.0,46900.0,0.004248380367070784,2.0595842835601834
NVDA,Kress Colette,Officer,2023-08-28,S,542.0,468.18,253753.56,0.004248380367070784,2.0595842835601834
NVDA,Kress Colette,Officer,2023-08-28,S,600.0,467.16,280296.0,0.004248380367070784,2.0595842835601834
NVDA,Kress Colette,Officer,2023-08-28,S,200.0,462.36,92472.0,0.004248380367070784,2.0595842835601834
NVDA,Kress Colette,Officer,2023-08-28,S,300.0,464.93,139479.0,0.004248380367070784,2.0595842835601834
NVDA,Kress Colette,Officer,2023-08-28,S,300.0,463.8,139140.0,0.004248380367070784,2.0595842835601834
NVDA,Kress Colette,Officer,2023-08-28,S,600.0,455.55,273330.0,0.004248380367070784,2.0595842835601834
NVDA,Kress Colette,Officer,2023-08-28,S,700.0,453.88,317716.0,0.004248380367070784,2.0595842835601834
NVDA,Kress Colette,Officer,2023-08-28,S,200.0,451.57,90314.0,0.004248380367070784,2.0595842835601834
NVDA,Kress Colette,Officer,2023-08-28,S,137.0,459.6,62965.2,0.004248380367070784,2.0595842835601834
NVDA,Kress Colette,Officer,2023-08-28,S,300.0,456.58,136974.0,0.004248380367070784,2.0595842835601834
NVDA,Kress Colette,Officer,2023-08-28,S,301.0,466.24,140338.24,0.004248380367070784,2.0595842835601834
MA,Ling Hai,Officer,2023-08-29,S,13293.0,410.06,5450927.58,0.00036843403751010966,1.0023452013805456
MA,Ling Hai,Officer,2023-08-30,S,3324.0,415.0,1379460.0,0.00032867441464078627,1.0044700996578644
MA,Ling Hai,Officer,2023-08-28,S,3324.0,405.23,1346984.52,0.00043856104533553276,1.0063731267393081
PG,Purushothaman Balaji,Officer,2023-08-25,S,986.0,153.35,151203.1,7.422666010843887e-05,0.515321070914659
HD,Hourigan Timothy A.,Officer,2023-08-24,S,12120.0,325.4,3943848.0,-0.00012323502638120573,1.0662550411959049
PG,Keith R. Alexandra,Officer,2023-08-24,S,5310.0,154.0,817740.0,3.24237928077443e-06,0.5122738117996671
PG,Whaley Susan Street,Officer,2023-08-24,S,884.0,154.49,136569.16,3.24237928077443e-06,0.5122738117996671
META,Newstead Jennifer,Officer,2023-08-22,S,670.0,292.55,196008.5,0.002710655274672783,1.6548891661388698
HD,Roseborough Teresa Wynn,Officer,2023-08-22,S,6091.0,324.22,1974824.0200000005,-0.00012493958057499868,1.0710133073180643
HD,Scardino Kimberly R,Officer,2023-08-23,S,1600.0,326.69,522704.0,-3.8960370925656794e-05,1.0707872179466236
HD,Siddiqui Fahim,Officer,2023-08-23,S,475.0,326.65,155158.75,-3.8960370925656794e-05,1.0707872179466236
PG,Keith R. Alexandra,Officer,2023-08-23,S,781.0,152.82,119352.42,-6.589221638798779e-06,0.5127368959663362
AMZN,Jassy Andrew R,"Director,Officer",2023-08-21,S,8605.0,134.34,1155995.7,-0.00045627451890786134,1.507031157486607
AMZN,Jassy Andrew R,"Director,Officer",2023-08-21,S,1535.0,134.97,207178.95,-0.00045627451890786134,1.507031157486607
AMZN,Jassy Andrew R,"Director,Officer",2023-08-21,S,11793.0,133.47,1574011.71,-0.00045627451890786134,1.507031157486607
AMZN,Herrington Douglas J,Officer,2023-08-21,S,3500.0,134.28,469980.0,-0.00045627451890786134,1.507031157486607
AMZN,Herrington Douglas J,Officer,2023-08-21,S,5080.0,133.4,677672.0,-0.00045627451890786134,1.507031157486607
AMZN,Herrington Douglas J,Officer,2023-08-21,S,900.0,134.94,121446.0,-0.00045627451890786134,1.507031157486607
AMZN,Olsavsky Brian T,Officer,2023-08-21,S,16800.0,133.61,2244648.0,-0.00045627451890786134,1.507031157486607
AMZN,Zapolsky David,Officer,2023-08-21,S,2459.0,134.36,330391.24000000005,-0.00045627451890786134,1.507031157486607
AMZN,Zapolsky David,Officer,2023-08-21,S,3861.0,133.44,515211.84,-0.00045627451890786134,1.507031157486607
AMZN,Zapolsky David,Officer,2023-08-21,S,400.0,135.01,54004.0,-0.00045627451890786134,1.507031157486607
AMZN,Selipsky Adam,Officer,2023-08-21,S,2351.0,133.54,313952.54,-0.00045627451890786134,1.507031157486607
AMZN,Selipsky Adam,Officer,2023-08-22,S,500.0,135.0,67500.0,-0.0004247768678705039,1.5053034889569332
AMZN,Selipsky Adam,Officer,2023-08-21,S,1253.0,134.53,168566.09,-0.00045627451890786134,1.507031157486607
AMZN,Reynolds Shelley,Officer,2023-08-21,S,1150.0,134.32,154468.0,-0.00045627451890786134,1.507031157486607
AMZN,Reynolds Shelley,Officer,2023-08-21,S,200.0,134.95,26990.0,-0.00045627451890786134,1.507031157486607
AMZN,Reynolds Shelley,Officer,2023-08-21,S,1750.0,133.45,233537.5,-0.00045627451890786134,1.507031157486607
PG,Coombe Gary A,Officer,2023-08-18,S,8609.0,151.58,1304952.2200000002,1.5388517364552125e-05,0.5076148901696562
PG,Davis Jennifer L.,Officer,2023-08-17,S,5761.0,152.85,880568.85,0.00011499743094253874,0.5059451819543297
PG,Aguilar Moses Victor Javier,Officer,2023-08-17,S,789.0,152.85,120598.65,0.00011499743094253874,0.5059451819543297
PG,Purushothaman Balaji,Officer,2023-08-17,S,826.0,152.85,126254.1,0.00011499743094253874,0.5059451819543297
PG,Keith R. Alexandra,Officer,2023-08-17,S,668.0,152.85,102103.8,0.00011499743094253874,0.5059451819543297
PG,Keith R. Alexandra,Officer,2023-08-17,S,9063.0,152.85,1385279.55,0.00011499743094253874,0.5059451819543297
PG,Raman Sundar G.,Officer,2023-08-17,S,5736.0,152.85,876747.6,0.00011499743094253874,0.5059451819543297
PG,Francisco Ma. Fatima,Officer,2023-08-17,S,8258.0,152.85,1262235.3,0.00011499743094253874,0.5059451819543297
PG,Pritchard Marc S.,Officer,2023-08-17,S,7185.0,152.85,1098227.25,0.00011499743094253874,0.5059451819543297
PG,Whaley Susan Street,Officer,2023-08-17,S,384.0,152.85,58694.4,0.00011499743094253874,0.5059451819543297
META,Olivan Javier,Officer,2023-08-17,S,4277.0,293.0,1253161.0,0.0025883875426674185,1.6592403096698398
PG,Moeller Jon R,"Director,Officer",2023-08-17,S,19822.0,152.85,3029792.7,0.00011499743094253874,0.5059451819543297
PG,Moeller Jon R,"Director,Officer",2023-08-17,S,110.0,152.85,16813.5,0.00011499743094253874,0.5059451819543297
PG,Jejurikar Shailesh,Officer,2023-08-17,S,7871.0,152.85,1203082.35,0.00011499743094253874,0.5059451819543297
PG,Schulten Andre,Officer,2023-08-17,S,806.0,152.85,123197.1,0.00011499743094253874,0.5059451819543297
AMZN,Selipsky Adam,Officer,2023-08-15,S,2000.0,139.4,278800.0,-0.00046906847135581885,1.5150016757102758
AMZN,Selipsky Adam,Officer,2023-08-15,S,242.0,141.11,34148.62,-0.00046906847135581885,1.5150016757102758
AMZN,Selipsky Adam,Officer,2023-08-16,S,500.0,137.0,68500.0,-0.00048755631482111757,1.514253529780793
AMZN,Selipsky Adam,Officer,2023-08-15,S,5919.0,138.16,817769.04,-0.00046906847135581885,1.5150016757102758
AMZN,Selipsky Adam,Officer,2023-08-15,S,61895.0,140.04,8667775.799999999,-0.00046906847135581885,1.5150016757102758
META,Olivan Javier,Officer,2023-08-15,S,7636.0,306.19,2338066.84,0.002305531679108362,1.6648481778120334
META,Bosworth Andrew,Officer,2023-08-16,S,4885.0,298.62,1458758.7,0.002502401238714895,1.6635187752656375
META,Bosworth Andrew,Officer,2023-08-16,S,4039.0,299.37,1209155.43,0.002502401238714895,1.6635187752656375
META,Bosworth Andrew,Officer,2023-08-16,S,1998.0,300.36,600119.28,0.002502401238714895,1.6635187752656375
META,Bosworth Andrew,Officer,2023-08-15,S,8032.0,306.19,2459318.08,0.002305531679108362,1.6648481778120334
META,Clegg Nicholas,Officer,2023-08-15,S,2146.0,306.19,657083.74,0.002305531679108362,1.6648481778120334
META,Clegg Nicholas,Officer,2023-08-16,S,9974.0,300.0,2992200.0,0.002502401238714895,1.6635187752656375
META,Newstead Jennifer,Officer,2023-08-16,S,670.0,300.0,201000.0,0.002502401238714895,1.6635187752656375
META,LI SUSAN J,Officer,2023-08-15,S,5293.0,306.19,1620663.67,0.002305531679108362,1.6648481778120334
META,LI SUSAN J,Officer,2023-08-16,S,6805.0,300.17,2042656.85,0.002502401238714895,1.6635187752656375
META,LI SUSAN J,Officer,2023-08-15,S,5350.0,306.19,1638116.5,0.002305531679108362,1.6648481778120334
META,LI SUSAN J,Officer,2023-08-16,S,7959.0,298.54,2376079.8600000003,0.002502401238714895,1.6635187752656375
META,LI SUSAN J,Officer,2023-08-16,S,5006.0,299.31,1498345.86,0.002502401238714895,1.6635187752656375
AMZN,Herrington Douglas J,Officer,2023-08-15,S,3864.0,140.02,541037.28,-0.00046906847135581885,1.5150016757102758
MA,Mastercard Foundation,TenPercentOwner,2023-08-16,S,125816.0,396.88,49933854.08,0.00033561790763249664,1.0138735239913772
MA,Mastercard Foundation,TenPercentOwner,2023-08-17,S,125816.0,393.54,49513628.64,0.0003768902481879582,1.0117409840036486
MA,Mastercard Foundation,TenPercentOwner,2023-08-11,S,125816.0,395.02,49699836.32,0.00031202613373915817,1.0108045324090005
MA,Mastercard Foundation,TenPercentOwner,2023-08-15,S,125816.0,395.1,49709901.6,0.0003003316929721232,1.013907649302669
MA,Mastercard Foundation,TenPercentOwner,2023-08-14,S,125816.0,397.89,50060928.24,0.00035211720083420776,1.0152146866911236
VZ,Hammock Samantha,Officer,2023-08-11,S,12557.0,33.29,418022.53,-0.0006854989289818467,0.4817559126801237
META,Newstead Jennifer,Officer,2023-08-08,S,711.0,314.83,223844.13,0.002396903854361496,1.6715712528839346
MA,Mastercard Foundation,TenPercentOwner,2023-08-08,S,125816.0,391.39,49243124.24,0.00016770766836315184,1.00951796405422
MA,Mastercard Foundation,TenPercentOwner,2023-08-09,S,125816.0,394.03,49575278.48,0.00022115398307937965,1.0078543780011622
MA,Mastercard Foundation,TenPercentOwner,2023-08-10,S,125816.0,398.72,50165355.52,0.00021173517514408937,1.0091523183960394
PG,Francisco Ma. Fatima,Officer,2023-08-09,S,30000.0,158.01,4740300.0,0.0001232347118115821,0.5052751085369482
TSLA,Taneja Vaibhav,Officer,2023-08-04,S,4000.0,261.0,1044000.0,-0.0004639035112494253,1.596460039607961
TSLA,Kirkhorn Zachary,Officer,2023-08-04,S,3750.0,261.0,978750.0,-0.0004639035112494253,1.596460039607961
AAPL,O'BRIEN DEIRDRE,Officer,2023-08-07,S,15419.0,178.56,2753216.64,0.0003681891342125487,1.2952259594686057
AMZN,Herrington Douglas J,Officer,2023-08-04,S,50000.0,141.0,7050000.0,-0.0005729227902133011,1.5181242451972004
JPM,Friedman Stacey,Officer,2023-08-07,S,4310.0,157.16,677359.6,0.000805524706996024,0.9066492426888143
ADBE,Garfield Mark S.,Officer,2023-08-04,S,298.0,526.74,156968.52,0.00032993325729108186,1.5148958297044703
PG,Purushothaman Balaji,Officer,2023-08-03,S,12629.0,157.19,1985152.51,0.00013256528057670845,0.5027438681142803
TSLA,Zhu Xiaotong,Officer,2023-08-01,S,2500.0,266.34,665849.9999999999,-0.0004794880638895629,1.5910507535518885
META,Newstead Jennifer,Officer,2023-08-01,S,722.0,317.67,229357.74,0.0025405261456249,1.6839120036147481
DIS,Coleman Sonia L,Officer,2023-08-01,S,959.0,89.05,85398.95,-0.0009289272559176056,1.2982008150747049
AMZN,Herrington Douglas J,Officer,2023-08-01,S,4000.0,133.55,534200.0,-0.0006045485431948067,1.5225499719949493
BAC,DeMare James P,Officer,2023-08-01,S,75000.0,31.53,2364750.0,-0.0007557027356641994,1.0297933339550454
MA,SACHIN J. MEHRA,Officer,2023-08-01,S,6044.0,393.75,2379825.0,6.897571319975031e-05,1.0128111011748135
MA,SACHIN J. MEHRA,Officer,2023-08-01,S,194.0,397.16,77049.04000000001,6.897571319975031e-05,1.0128111011748135
MA,SACHIN J. MEHRA,Officer,2023-08-01,S,1200.0,396.76,476112.0,6.897571319975031e-05,1.0128111011748135
MA,SACHIN J. MEHRA,Officer,2023-08-01,S,1000.0,395.29,395290.0,6.897571319975031e-05,1.0128111011748135
MA,SACHIN J. MEHRA,Officer,2023-08-01,S,2400.0,394.2,946080.0,6.897571319975031e-05,1.0128111011748135
MA,Murphy Timothy H,Officer,2023-08-02,S,128.0,393.88,50416.64,5.672803566001725e-05,1.0133474894245602
MA,Murphy Timothy H,Officer,2023-08-02,S,300.0,393.13,117939.0,5.672803566001725e-05,1.0133474894245602
MA,Murphy Timothy H,Officer,2023-08-02,S,700.0,392.29,274603.0,5.672803566001725e-05,1.0133474894245602
MA,Murphy Timothy H,Officer,2023-08-02,S,2233.0,390.27,871472.9099999999,5.672803566001725e-05,1.0133474894245602
MA,Murphy Timothy H,Officer,2023-08-02,S,4147.0,391.25,1622513.75,5.672803566001725e-05,1.0133474894245602
MSFT,SMITH BRADFORD L,Officer,2023-08-01,S,28962.0,336.89,9757008.18,0.0006874358314623163,1.3081738251830153
MSFT,SMITH BRADFORD L,Officer,2023-08-01,S,21038.0,337.64,7103270.319999999,0.0006874358314623163,1.3081738251830153
V,MCINERNEY RYAN,"Director,Officer",2023-08-01,S,8150.0,240.0,1956000.0,0.00016640526207623943,0.8472249592073418
PG,Janzaruk Matthew W.,Officer,2023-08-01,S,13487.0,156.26,2107478.62,0.00015264061800191874,0.5099709054039419
PG,Janzaruk Matthew W.,Officer,2023-08-01,S,8018.0,156.26,1252892.68,0.00015264061800191874,0.5099709054039419
PG,Janzaruk Matthew W.,Officer,2023-08-01,S,11517.0,156.26,1799646.42,0.00015264061800191874,0.5099709054039419
PG,Francisco Ma. Fatima,Officer,2023-08-01,S,8387.0,156.87,1315668.69,0.00015264061800191874,0.5099709054039419
TSLA,Baglino Andrew D,Officer,2023-07-27,S,10500.0,268.23,2816415.0,-0.0002622700540896889,1.6169214627854307
META,Newstead Jennifer,Officer,2023-07-25,S,722.0,295.19,213127.18,0.002017844925504175,1.665686203574096
JNJ,Fasolo Peter,Officer,2023-07-25,S,20000.0,170.32,3406400.0,-0.00031056412676096825,0.3331524253931147
JNJ,Hait William,Officer,2023-07-26,S,14698.0,172.0,2528056.0,-0.0003787664804023157,0.3361912683518241
ADBE,Belsky Scott,Officer,2023-07-25,S,763.0,519.42,396317.46,0.0003463448170377759,1.5097216330321874
ADBE,Belsky Scott,Officer,2023-07-24,S,2191.0,520.0,1139320.0,7.959261321289528e-05,1.5083880458401642
AMZN,Selipsky Adam,Officer,2023-07-24,S,407.0,129.16,52568.12,-0.00027146547591320476,1.5767553891597486
AMZN,Selipsky Adam,Officer,2023-07-25,S,500.0,129.06,64530.0,-0.000252887588829103,1.5768984969677053
BAC,Athanasia Dean C,Officer,2023-07-20,S,77806.0,31.49,2450110.94,-0.0007494895830038821,1.0255296438457375
UNH,WITTY ANDREW,"Director,Officer",2023-07-19,S,4000.0,506.19,2024760.0,-0.0003734432304107765,0.4394040768948521
META,Newstead Jennifer,Officer,2023-07-18,S,722.0,310.97,224520.34000000003,0.0019053154234515938,1.6834010726778246
META,Newstead Jennifer,Officer,2023-07-11,S,722.0,293.5,211907.0,0.0019661598993314404,1.6842062938438114
V,Taneja Rajat,Officer,2023-07-11,S,22700.0,240.21,5452767.0,0.00017457206036542399,0.8286791345950871
V,MCINERNEY RYAN,"Director,Officer",2023-07-11,S,425.0,240.0,102000.0,0.00017457206036542399,0.8286791345950871
MA,Vosburg Craig,Officer,2023-07-12,S,6333.0,400.0,2533200.0,0.00028842398084399554,0.9994457183390913
TSLA,Taneja Vaibhav,Officer,2023-07-07,S,4000.0,278.36,1113440.0,-0.0010560401555651043,1.6087494792497825
AMZN,Selipsky Adam,Officer,2023-07-07,S,224.0,130.3,29187.200000000004,-0.0002507508770126066,1.5785189803509783
AMZN,Selipsky Adam,Officer,2023-07-07,S,246.0,129.09,31756.14,-0.0002507508770126066,1.5785189803509783
AMZN,Selipsky Adam,Officer,2023-07-06,S,189.0,128.52,24290.28,-0.00035947531937007433,1.5819612460161825
AMZN,Selipsky Adam,Officer,2023-07-06,S,311.0,127.95,39792.45,-0.00035947531937007433,1.5819612460161825
TSLA,Kirkhorn Zachary,Officer,2023-07-05,S,3750.0,278.7,1045125.0,-0.0011989124448795153,1.6222740614483255
V,Taneja Rajat,Officer,2023-07-05,S,2300.0,240.0,552000.0,0.00041796368453818073,0.8141386868064139
V,MCINERNEY RYAN,"Director,Officer",2023-07-05,S,24025.0,240.0,5766000.0,0.00041796368453818073,0.8141386868064139
TSLA,Zhu Xiaotong,Officer,2023-07-03,S,2500.0,276.35,690875.0,-0.0011897107852446107,1.6242024313432741
AMZN,Herrington Douglas J,Officer,2023-07-03,S,4000.0,130.93,523720.0,-8.896983771041707e-05,1.5823255377544125
META,Newstead Jennifer,Officer,2023-07-03,S,722.0,286.7,206997.4,0.0017997153475496504,1.69911374268606
META,Newstead Jennifer,Officer,2023-12-26,S,566.0,354.9,200873.4,0.00376188753591211,1.8235745965667707
META,Zuckerberg Mark,"Director,Officer,TenPercentOwner",2023-12-27,S,300.0,358.63,107589.0,0.0037867800826380383,1.8218575102053496
META,Zuckerberg Mark,"Director,Officer,TenPercentOwner",2023-12-27,S,300.0,355.89,106767.0,0.0037867800826380383,1.8218575102053496
META,Zuckerberg Mark,"Director,Officer,TenPercentOwner",2023-12-27,S,2669.0,357.06,952993.14,0.0037867800826380383,1.8218575102053496
META,Zuckerberg Mark,"Director,Officer,TenPercentOwner",2023-12-27,S,2691.0,357.86,963001.26,0.0037867800826380383,1.8218575102053496
META,Zuckerberg Mark,"Director,Officer,TenPercentOwner",2023-12-27,S,150.0,358.62,53793.0,0.0037867800826380383,1.8218575102053496
META,Zuckerberg Mark,"Director,Officer,TenPercentOwner",2023-12-27,S,5039.0,357.95,1803710.05,0.0037867800826380383,1.8218575102053496
META,Zuckerberg Mark,"Director,Officer,TenPercentOwner",2023-12-27,S,16344.0,357.38,5841018.72,0.0037867800826380383,1.8218575102053496
META,Zuckerberg Mark,"Director,Officer,TenPercentOwner",2023-12-27,S,7834.0,358.11,2805433.74,0.0037867800826380383,1.8218575102053496
META,Zuckerberg Mark,"Director,Officer,TenPercentOwner",2023-12-27,S,200.0,358.93,71786.0,0.0037867800826380383,1.8218575102053496
META,Zuckerberg Mark,"Director,Officer,TenPercentOwner",2023-12-27,S,713.0,356.03,253849.39,0.0037867800826380383,1.8218575102053496
META,Zuckerberg Mark,"Director,Officer,TenPercentOwner",2023-12-27,S,5923.0,357.11,2115162.5300000003,0.0037867800826380383,1.8218575102053496
META,Zuckerberg Mark,"Director,Officer,TenPercentOwner",2023-12-27,S,5527.0,356.58,1970817.66,0.0037867800826380383,1.8218575102053496
META,Zuckerberg Mark,"Director,Officer,TenPercentOwner",2023-12-26,S,7125.0,354.2,2523675.0,0.00376188753591211,1.8235745965667707
META,Zuckerberg Mark,"Director,Officer,TenPercentOwner",2023-12-26,S,15368.0,355.07,5456715.76,0.00376188753591211,1.8235745965667707
META,Zuckerberg Mark,"Director,Officer,TenPercentOwner",2023-12-26,S,7012.0,355.98,2496131.76,0.00376188753591211,1.8235745965667707
META,Zuckerberg Mark,"Director,Officer,TenPercentOwner",2023-12-26,S,400.0,356.82,142728.0,0.00376188753591211,1.8235745965667707
META,Zuckerberg Mark,"Director,Officer,TenPercentOwner",2023-12-26,S,100.0,356.77,35677.0,0.00376188753591211,1.8235745965667707
META,Zuckerberg Mark,"Director,Officer,TenPercentOwner",2023-12-26,S,6301.0,355.0,2236855.0,0.00376188753591211,1.8235745965667707
META,Zuckerberg Mark,"Director,Officer,TenPercentOwner",2023-12-26,S,2722.0,355.92,968814.24,0.00376188753591211,1.8235745965667707
META,Zuckerberg Mark,"Director,Officer,TenPercentOwner",2023-12-26,S,300.0,356.67,107001.0,0.00376188753591211,1.8235745965667707
META,Zuckerberg Mark,"Director,Officer,TenPercentOwner",2023-12-26,S,1503.0,354.26,532452.78,0.00376188753591211,1.8235745965667707
META,Zuckerberg Mark,"Director,Officer,TenPercentOwner",2023-12-26,S,3094.0,355.15,1098834.1,0.00376188753591211,1.8235745965667707
META,Zuckerberg Mark,"Director,Officer,TenPercentOwner",2023-12-26,S,1113.0,356.01,396239.13,0.00376188753591211,1.8235745965667707
META,Zuckerberg Mark,"Director,Officer,TenPercentOwner",2023-12-26,S,2652.0,354.16,939232.32,0.00376188753591211,1.8235745965667707
META,Zuckerberg Mark,"Director,Officer,TenPercentOwner",2023-12-22,S,4810.0,353.26,1699180.6,0.0037593590220729983,1.8275751789349155
META,Zuckerberg Mark,"Director,Officer,TenPercentOwner",2023-12-22,S,1341.0,352.18,472273.38,0.0037593590220729983,1.8275751789349155
META,Zuckerberg Mark,"Director,Officer,TenPercentOwner",2023-12-22,S,1121.0,356.85,400028.85,0.0037593590220729983,1.8275751789349155
META,Zuckerberg Mark,"Director,Officer,TenPercentOwner",2023-12-22,S,3660.0,356.07,1303216.2,0.0037593590220729983,1.8275751789349155
META,Zuckerberg Mark,"Director,Officer,TenPercentOwner",2023-12-22,S,5850.0,355.16,2077686.0,0.0037593590220729983,1.8275751789349155
META,Zuckerberg Mark,"Director,Officer,TenPercentOwner",2023-12-22,S,5813.0,353.77,2056465.01,0.0037593590220729983,1.8275751789349155
META,Zuckerberg Mark,"Director,Officer,TenPercentOwner",2023-12-22,S,10893.0,353.19,3847298.67,0.0037593590220729983,1.8275751789349155
META,Zuckerberg Mark,"Director,Officer,TenPercentOwner",2023-12-22,S,2568.0,352.1,904192.8,0.0037593590220729983,1.8275751789349155
META,Zuckerberg Mark,"Director,Officer,TenPercentOwner",2023-12-22,S,250.0,356.85,89212.5,0.0037593590220729983,1.8275751789349155
META,Zuckerberg Mark,"Director,Officer,TenPercentOwner",2023-12-22,S,750.0,355.93,266947.5,0.0037593590220729983,1.8275751789349155
META,Zuckerberg Mark,"Director,Officer,TenPercentOwner",2023-12-22,S,1100.0,355.06,390566.0,0.0037593590220729983,1.8275751789349155
META,Zuckerberg Mark,"Director,Officer,TenPercentOwner",2023-12-22,S,1478.0,353.64,522679.92,0.0037593590220729983,1.8275751789349155
META,Zuckerberg Mark,"Director,Officer,TenPercentOwner",2023-12-22,S,1932.0,353.03,682053.96,0.0037593590220729983,1.8275751789349155
META,Zuckerberg Mark,"Director,Officer,TenPercentOwner",2023-12-22,S,300.0,351.89,105567.0,0.0037593590220729983,1.8275751789349155
META,Zuckerberg Mark,"Director,Officer,TenPercentOwner",2023-12-22,S,303.0,356.93,108149.79,0.0037593590220729983,1.8275751789349155
META,Zuckerberg Mark,"Director,Officer,TenPercentOwner",2023-12-22,S,1269.0,356.2,452017.8,0.0037593590220729983,1.8275751789349155
META,Zuckerberg Mark,"Director,Officer,TenPercentOwner",2023-12-22,S,2551.0,355.29,906344.79,0.0037593590220729983,1.8275751789349155
META,Zuckerberg Mark,"Director,Officer,TenPercentOwner",2023-12-22,S,1701.0,353.95,602068.95,0.0037593590220729983,1.8275751789349155
META,Zuckerberg Mark,"Director,Officer,TenPercentOwner",2023-12-21,S,50.0,356.3,17815.0,0.0036974724774563052,1.8341936138629393
META,Zuckerberg Mark,"Director,Officer,TenPercentOwner",2023-12-21,S,700.0,355.3,248710.0,0.0036974724774563052,1.8341936138629393
META,Zuckerberg Mark,"Director,Officer,TenPercentOwner",2023-12-21,S,988.0,354.22,349969.36000000004,0.0036974724774563052,1.8341936138629393
META,Zuckerberg Mark,"Director,Officer,TenPercentOwner",2023-12-21,S,1832.0,353.14,646952.48,0.0036974724774563052,1.8341936138629393
META,Zuckerberg Mark,"Director,Officer,TenPercentOwner",2023-12-21,S,4246.0,352.09,1494974.14,0.0036974724774563052,1.8341936138629393
META,Zuckerberg Mark,"Director,Officer,TenPercentOwner",2023-12-21,S,2857.0,351.35,1003806.95,0.0036974724774563052,1.8341936138629393
META,Zuckerberg Mark,"Director,Officer,TenPercentOwner",2023-12-21,S,1302.0,350.08,455804.16,0.0036974724774563052,1.8341936138629393
META,Zuckerberg Mark,"Director,Officer,TenPercentOwner",2023-12-21,S,1480.0,355.67,526391.6,0.0036974724774563052,1.8341936138629393
META,Zuckerberg Mark,"Director,Officer,TenPercentOwner",2023-12-21,S,1287.0,354.62,456395.94,0.0036974724774563052,1.8341936138629393
META,Zuckerberg Mark,"Director,Officer,TenPercentOwner",2023-12-21,S,3622.0,353.66,1280956.52,0.0036974724774563052,1.8341936138629393
META,Zuckerberg Mark,"Director,Officer,TenPercentOwner",2023-12-21,S,5647.0,352.73,1991866.31,0.0036974724774563052,1.8341936138629393
META,Zuckerberg Mark,"Director,Officer,TenPercentOwner",2023-12-21,S,11799.0,351.78,4150652.22,0.0036974724774563052,1.8341936138629393
META,Zuckerberg Mark,"Director,Officer,TenPercentOwner",2023-12-21,S,3906.0,350.89,1370576.34,0.0036974724774563052,1.8341936138629393
META,Zuckerberg Mark,"Director,Officer,TenPercentOwner",2023-12-21,S,2164.0,349.94,757270.16,0.0036974724774563052,1.8341936138629393
META,Zuckerberg Mark,"Director,Officer,TenPercentOwner",2023-12-21,S,650.0,350.18,227617.0,0.0036974724774563052,1.8341936138629393
META,Zuckerberg Mark,"Director,Officer,TenPercentOwner",2023-12-21,S,950.0,353.4,335730.0,0.0036974724774563052,1.8341936138629393
META,Zuckerberg Mark,"Director,Officer,TenPercentOwner",2023-12-21,S,362.0,354.35,128274.7,0.0036974724774563052,1.8341936138629393
META,Zuckerberg Mark,"Director,Officer,TenPercentOwner",2023-12-21,S,2161.0,351.54,759677.9400000001,0.0036974724774563052,1.8341936138629393
META,Zuckerberg Mark,"Director,Officer,TenPercentOwner",2023-12-21,S,1437.0,352.31,506269.47,0.0036974724774563052,1.8341936138629393
META,Zuckerberg Mark,"Director,Officer,TenPercentOwner",2023-12-21,S,250.0,355.4,88850.0,0.0036974724774563052,1.8341936138629393
ADBE,Durn Daniel,Officer,2023-12-22,S,3000.0,596.94,1790820.0000000002,0.0015963386296470059,1.7112801494968315
ADBE,NARAYEN SHANTANU,"Director,Officer",2023-12-22,S,4155.0,599.87,2492459.85,0.0015963386296470059,1.7112801494968315
ADBE,NARAYEN SHANTANU,"Director,Officer",2023-12-22,S,8335.0,597.08,4976661.800000001,0.0015963386296470059,1.7112801494968315
ADBE,NARAYEN SHANTANU,"Director,Officer",2023-12-22,S,10293.0,598.11,6156346.23,0.0015963386296470059,1.7112801494968315
ADBE,NARAYEN SHANTANU,"Director,Officer",2023-12-22,S,9217.0,598.84,5519508.28,0.0015963386296470059,1.7112801494968315
AMZN,Selipsky Adam,Officer,2023-12-21,S,500.0,153.2,76600.0,0.0015348751990876693,1.589860295245751
AMZN,Selipsky Adam,Officer,2023-12-22,S,500.0,153.83,76915.0,0.0016051272734081338,1.5772626407605936
META,Cox Christopher K,Officer,2023-12-19,S,10000.0,350.01,3500100.0,0.0037511419797602364,1.8274943607135172
META,Newstead Jennifer,Officer,2023-12-19,S,566.0,345.65,195637.9,0.0037511419797602364,1.8274943607135172
META,Zuckerberg Mark,"Director,Officer,TenPercentOwner",2023-12-20,S,1026.0,353.75,362947.5,0.0036765534335513805,1.8271752319563694
META,Zuckerberg Mark,"Director,Officer,TenPercentOwner",2023-12-20,S,3002.0,349.73,1049889.46,0.0036765534335513805,1.8271752319563694
META,Zuckerberg Mark,"Director,Officer,TenPercentOwner",2023-12-20,S,3698.0,350.45,1295964.1,0.0036765534335513805,1.8271752319563694
META,Zuckerberg Mark,"Director,Officer,TenPercentOwner",2023-12-20,S,4089.0,351.69,1438060.41,0.0036765534335513805,1.8271752319563694
META,Zuckerberg Mark,"Director,Officer,TenPercentOwner",2023-12-20,S,11009.0,352.74,3883314.66,0.0036765534335513805,1.8271752319563694
META,Zuckerberg Mark,"Director,Officer,TenPercentOwner",2023-12-20,S,5789.0,353.62,2047106.18,0.0036765534335513805,1.8271752319563694
META,Zuckerberg Mark,"Director,Officer,TenPercentOwner",2023-12-20,S,500.0,354.29,177145.0,0.0036765534335513805,1.8271752319563694
META,Zuckerberg Mark,"Director,Officer,TenPercentOwner",2023-12-20,S,1076.0,349.14,375674.64,0.0036765534335513805,1.8271752319563694
META,Zuckerberg Mark,"Director,Officer,TenPercentOwner",2023-12-20,S,1869.0,350.29,654692.01,0.0036765534335513805,1.8271752319563694
META,Zuckerberg Mark,"Director,Officer,TenPercentOwner",2023-12-20,S,2164.0,351.67,761013.88,0.0036765534335513805,1.8271752319563694
META,Zuckerberg Mark,"Director,Officer,TenPercentOwner",2023-12-20,S,3801.0,352.72,1340688.7200000002,0.0036765534335513805,1.8271752319563694
META,Zuckerberg Mark,"Director,Officer,TenPercentOwner",2023-12-20,S,2461.0,353.62,870258.8200000001,0.0036765534335513805,1.8271752319563694
META,Zuckerberg Mark,"Director,Officer,TenPercentOwner",2023-12-20,S,335.0,354.32,118697.2,0.0036765534335513805,1.8271752319563694
META,Zuckerberg Mark,"Director,Officer,TenPercentOwner",2023-12-20,S,50.0,347.96,17398.0,0.0036765534335513805,1.8271752319563694
META,Zuckerberg Mark,"Director,Officer,TenPercentOwner",2023-12-20,S,797.0,349.63,278655.11,0.0036765534335513805,1.8271752319563694
META,Zuckerberg Mark,"Director,Officer,TenPercentOwner",2023-12-20,S,750.0,350.65,262987.5,0.0036765534335513805,1.8271752319563694
META,Zuckerberg Mark,"Director,Officer,TenPercentOwner",2023-12-20,S,704.0,351.79,247660.16,0.0036765534335513805,1.8271752319563694
META,Zuckerberg Mark,"Director,Officer,TenPercentOwner",2023-12-20,S,2310.0,352.83,815037.2999999999,0.0036765534335513805,1.8271752319563694
META,Zuckerberg Mark,"Director,Officer,TenPercentOwner",2023-12-20,S,1079.0,348.66,376204.14,0.0036765534335513805,1.8271752319563694
META,Zuckerberg Mark,"Director,Officer,TenPercentOwner",2023-12-19,S,50.0,345.46,17273.0,0.0037511419797602364,1.8274943607135172
META,Zuckerberg Mark,"Director,Officer,TenPercentOwner",2023-12-19,S,250.0,353.09,88272.5,0.0037511419797602364,1.8274943607135172
META,Zuckerberg Mark,"Director,Officer,TenPercentOwner",2023-12-19,S,1217.0,350.0,425950.0,0.0037511419797602364,1.8274943607135172
META,Zuckerberg Mark,"Director,Officer,TenPercentOwner",2023-12-19,S,2604.0,350.66,913118.64,0.0037511419797602364,1.8274943607135172
META,Zuckerberg Mark,"Director,Officer,TenPercentOwner",2023-12-19,S,1202.0,351.73,422779.46,0.0037511419797602364,1.8274943607135172
META,Zuckerberg Mark,"Director,Officer,TenPercentOwner",2023-12-19,S,600.0,352.74,211644.0,0.0037511419797602364,1.8274943607135172
META,Zuckerberg Mark,"Director,Officer,TenPercentOwner",2023-12-19,S,300.0,345.52,103656.0,0.0037511419797602364,1.8274943607135172
META,Zuckerberg Mark,"Director,Officer,TenPercentOwner",2023-12-19,S,395.0,347.63,137313.85,0.0037511419797602364,1.8274943607135172
META,Zuckerberg Mark,"Director,Officer,TenPercentOwner",2023-12-19,S,600.0,348.4,209040.0,0.0037511419797602364,1.8274943607135172
META,Zuckerberg Mark,"Director,Officer,TenPercentOwner",2023-12-19,S,6493.0,350.07,2273004.51,0.0037511419797602364,1.8274943607135172
META,Zuckerberg Mark,"Director,Officer,TenPercentOwner",2023-12-19,S,14370.0,350.73,5039990.100000001,0.0037511419797602364,1.8274943607135172
META,Zuckerberg Mark,"Director,Officer,TenPercentOwner",2023-12-19,S,4713.0,351.86,1658316.1800000002,0.0037511419797602364,1.8274943607135172
META,Zuckerberg Mark,"Director,Officer,TenPercentOwner",2023-12-19,S,3034.0,352.74,1070213.16,0.0037511419797602364,1.8274943607135172
META,Zuckerberg Mark,"Director,Officer,TenPercentOwner",2023-12-19,S,100.0,345.7,34570.0,0.0037511419797602364,1.8274943607135172
META,Zuckerberg Mark,"Director,Officer,TenPercentOwner",2023-12-19,S,389.0,347.95,135352.55,0.0037511419797602364,1.8274943607135172
META,Zuckerberg Mark,"Director,Officer,TenPercentOwner",2023-12-19,S,400.0,349.27,139708.0,0.0037511419797602364,1.8274943607135172
META,Zuckerberg Mark,"Director,Officer,TenPercentOwner",2023-12-19,S,5779.0,350.37,2024788.23,0.0037511419797602364,1.8274943607135172
META,Zuckerberg Mark,"Director,Officer,TenPercentOwner",2023-12-19,S,3341.0,351.25,1173526.25,0.0037511419797602364,1.8274943607135172
META,Zuckerberg Mark,"Director,Officer,TenPercentOwner",2023-12-19,S,1716.0,352.42,604752.72,0.0037511419797602364,1.8274943607135172
META,Zuckerberg Mark,"Director,Officer,TenPercentOwner",2023-12-19,S,137.0,348.08,47686.96,0.0037511419797602364,1.8274943607135172
META,Zuckerberg Mark,"Director,Officer,TenPercentOwner",2023-12-18,S,300.0,337.52,101256.0,0.003625222901070781,1.8444422428200073
META,Zuckerberg Mark,"Director,Officer,TenPercentOwner",2023-12-18,S,600.0,346.65,207990.0,0.003625222901070781,1.8444422428200073
META,Zuckerberg Mark,"Director,Officer,TenPercentOwner",2023-12-18,S,1152.0,340.34,392071.68,0.003625222901070781,1.8444422428200073
META,Zuckerberg Mark,"Director,Officer,TenPercentOwner",2023-12-18,S,903.0,341.13,308040.39,0.003625222901070781,1.8444422428200073
META,Zuckerberg Mark,"Director,Officer,TenPercentOwner",2023-12-18,S,2768.0,342.39,947735.52,0.003625222901070781,1.8444422428200073
META,Zuckerberg Mark,"Director,Officer,TenPercentOwner",2023-12-18,S,1756.0,343.2,602659.2,0.003625222901070781,1.8444422428200073
META,Zuckerberg Mark,"Director,Officer,TenPercentOwner",2023-12-18,S,3538.0,344.86,1220114.68,0.003625222901070781,1.8444422428200073
META,Zuckerberg Mark,"Director,Officer,TenPercentOwner",2023-12-18,S,3967.0,345.84,1371947.2799999998,0.003625222901070781,1.8444422428200073
META,Zuckerberg Mark,"Director,Officer,TenPercentOwner",2023-12-18,S,3148.0,346.67,1091317.16,0.003625222901070781,1.8444422428200073
META,Zuckerberg Mark,"Director,Officer,TenPercentOwner",2023-12-18,S,200.0,338.07,67614.0,0.003625222901070781,1.8444422428200073
META,Zuckerberg Mark,"Director,Officer,TenPercentOwner",2023-12-18,S,501.0,340.45,170565.44999999998,0.003625222901070781,1.8444422428200073
META,Zuckerberg Mark,"Director,Officer,TenPercentOwner",2023-12-18,S,624.0,341.51,213102.24,0.003625222901070781,1.8444422428200073
META,Zuckerberg Mark,"Director,Officer,TenPercentOwner",2023-12-18,S,1282.0,342.68,439315.76,0.003625222901070781,1.8444422428200073
META,Zuckerberg Mark,"Director,Officer,TenPercentOwner",2023-12-18,S,300.0,343.38,103014.0,0.003625222901070781,1.8444422428200073
META,Zuckerberg Mark,"Director,Officer,TenPercentOwner",2023-12-18,S,1436.0,344.8,495132.8,0.003625222901070781,1.8444422428200073
META,Zuckerberg Mark,"Director,Officer,TenPercentOwner",2023-12-18,S,1532.0,345.83,529811.5599999999,0.003625222901070781,1.8444422428200073
META,Zuckerberg Mark,"Director,Officer,TenPercentOwner",2023-12-18,S,1300.0,346.65,450645.0,0.003625222901070781,1.8444422428200073
META,Zuckerberg Mark,"Director,Officer,TenPercentOwner",2023-12-18,S,100.0,338.03,33803.0,0.003625222901070781,1.8444422428200073
META,Zuckerberg Mark,"Director,Officer,TenPercentOwner",2023-12-18,S,200.0,340.43,68086.0,0.003625222901070781,1.8444422428200073
META,Zuckerberg Mark,"Director,Officer,TenPercentOwner",2023-12-18,S,204.0,341.45,69655.8,0.003625222901070781,1.8444422428200073
META,Zuckerberg Mark,"Director,Officer,TenPercentOwner",2023-12-18,S,500.0,342.65,171325.0,0.003625222901070781,1.8444422428200073
META,Zuckerberg Mark,"Director,Officer,TenPercentOwner",2023-12-18,S,150.0,343.15,51472.5,0.003625222901070781,1.8444422428200073
META,Zuckerberg Mark,"Director,Officer,TenPercentOwner",2023-12-18,S,494.0,344.67,170266.98,0.003625222901070781,1.8444422428200073
META,Zuckerberg Mark,"Director,Officer,TenPercentOwner",2023-12-18,S,657.0,345.6,227059.2,0.003625222901070781,1.8444422428200073
META,Zuckerberg Mark,"Director,Officer,TenPercentOwner",2023-12-18,S,397.0,338.42,134352.74000000002,0.003625222901070781,1.8444422428200073
NVDA,Shoquist Debora,Officer,2023-12-18,S,20000.0,500.04,10000800.0,0.0037571327516196158,2.157834451225021
ADBE,Garfield Mark S.,Officer,2023-12-18,S,263.0,591.8,155643.4,0.0015089273954238664,1.6932454737246738
NVDA,HUDSON DAWN E,Director,2023-12-15,S,1000.0,492.53,492530.0,0.003702037103912107,2.1537807850236788
DIS,WOODFORD BRENT,Officer,2023-12-18,S,18788.0,92.99,1747096.12,-0.0008234737129061073,1.1913813677573801
NVDA,STEVENS MARK A,Director,2023-12-15,S,3328.0,490.82,1633448.96,0.003702037103912107,2.1537807850236788
NVDA,STEVENS MARK A,Director,2023-12-15,S,6872.0,489.9,3366592.8,0.003702037103912107,2.1537807850236788
TSLA,Taneja Vaibhav,Officer,2023-12-14,S,4000.0,250.0,1000000.0,0.0012377032589270265,2.2109905228422053
META,Zuckerberg Mark,"Director,Officer,TenPercentOwner",2023-12-15,S,110.0,337.83,37161.3,0.003883613674622054,1.8175000351947277
META,Zuckerberg Mark,"Director,Officer,TenPercentOwner",2023-12-15,S,1015.0,336.0,341040.0,0.003883613674622054,1.8175000351947277
META,Zuckerberg Mark,"Director,Officer,TenPercentOwner",2023-12-15,S,478.0,335.04,160149.12,0.003883613674622054,1.8175000351947277
META,Zuckerberg Mark,"Director,Officer,TenPercentOwner",2023-12-15,S,252.0,333.63,84074.76,0.003883613674622054,1.8175000351947277
META,Zuckerberg Mark,"Director,Officer,TenPercentOwner",2023-12-15,S,900.0,337.07,303363.0,0.003883613674622054,1.8175000351947277
META,Zuckerberg Mark,"Director,Officer,TenPercentOwner",2023-12-15,S,600.0,332.23,199338.0,0.003883613674622054,1.8175000351947277
META,Zuckerberg Mark,"Director,Officer,TenPercentOwner",2023-12-15,S,801.0,333.4,267053.4,0.003883613674622054,1.8175000351947277
META,Zuckerberg Mark,"Director,Officer,TenPercentOwner",2023-12-15,S,1673.0,334.47,559568.31,0.003883613674622054,1.8175000351947277
META,Zuckerberg Mark,"Director,Officer,TenPercentOwner",2023-12-15,S,5674.0,335.59,1904137.66,0.003883613674622054,1.8175000351947277
META,Zuckerberg Mark,"Director,Officer,TenPercentOwner",2023-12-15,S,4707.0,336.39,1583387.73,0.003883613674622054,1.8175000351947277
META,Zuckerberg Mark,"Director,Officer,TenPercentOwner",2023-12-15,S,4199.0,337.27,1416196.73,0.003883613674622054,1.8175000351947277
META,Zuckerberg Mark,"Director,Officer,TenPercentOwner",2023-12-15,S,275.0,338.29,93029.75,0.003883613674622054,1.8175000351947277
META,Zuckerberg Mark,"Director,Officer,TenPercentOwner",2023-12-15,S,600.0,332.66,199596.00000000003,0.003883613674622054,1.8175000351947277
META,Zuckerberg Mark,"Director,Officer,TenPercentOwner",2023-12-15,S,210.0,333.63,70062.3,0.003883613674622054,1.8175000351947277
META,Zuckerberg Mark,"Director,Officer,TenPercentOwner",2023-12-15,S,956.0,334.8,320068.8,0.003883613674622054,1.8175000351947277
META,Zuckerberg Mark,"Director,Officer,TenPercentOwner",2023-12-15,S,2645.0,335.92,888508.4,0.003883613674622054,1.8175000351947277
META,Zuckerberg Mark,"Director,Officer,TenPercentOwner",2023-12-15,S,2050.0,336.91,690665.5,0.003883613674622054,1.8175000351947277
META,Zuckerberg Mark,"Director,Officer,TenPercentOwner",2023-12-15,S,714.0,337.76,241160.64,0.003883613674622054,1.8175000351947277
META,Zuckerberg Mark,"Director,Officer,TenPercentOwner",2023-12-15,S,150.0,332.58,49887.0,0.003883613674622054,1.8175000351947277
META,Zuckerberg Mark,"Director,Officer,TenPercentOwner",2023-12-14,S,3899.0,331.38,1292050.62,0.004040059475359086,1.8679403804770738
META,Zuckerberg Mark,"Director,Officer,TenPercentOwner",2023-12-14,S,4122.0,332.4,1370152.7999999998,0.004040059475359086,1.8679403804770738
META,Zuckerberg Mark,"Director,Officer,TenPercentOwner",2023-12-14,S,5261.0,333.25,1753228.25,0.004040059475359086,1.8679403804770738
META,Zuckerberg Mark,"Director,Officer,TenPercentOwner",2023-12-14,S,200.0,334.07,66814.0,0.004040059475359086,1.8679403804770738
META,Zuckerberg Mark,"Director,Officer,TenPercentOwner",2023-12-14,S,325.0,329.23,106999.75,0.004040059475359086,1.8679403804770738
META,Zuckerberg Mark,"Director,Officer,TenPercentOwner",2023-12-14,S,868.0,330.38,286769.84,0.004040059475359086,1.8679403804770738
META,Zuckerberg Mark,"Director,Officer,TenPercentOwner",2023-12-14,S,2129.0,331.33,705401.57,0.004040059475359086,1.8679403804770738
META,Zuckerberg Mark,"Director,Officer,TenPercentOwner",2023-12-14,S,1825.0,332.51,606830.75,0.004040059475359086,1.8679403804770738
META,Zuckerberg Mark,"Director,Officer,TenPercentOwner",2023-12-14,S,1928.0,333.31,642621.68,0.004040059475359086,1.8679403804770738
META,Zuckerberg Mark,"Director,Officer,TenPercentOwner",2023-12-14,S,100.0,334.19,33419.0,0.004040059475359086,1.8679403804770738
META,Zuckerberg Mark,"Director,Officer,TenPercentOwner",2023-12-14,S,150.0,329.3,49395.0,0.004040059475359086,1.8679403804770738
META,Zuckerberg Mark,"Director,Officer,TenPercentOwner",2023-12-14,S,604.0,330.53,199640.12,0.004040059475359086,1.8679403804770738
META,Zuckerberg Mark,"Director,Officer,TenPercentOwner",2023-12-14,S,610.0,331.46,202190.6,0.004040059475359086,1.8679403804770738
META,Zuckerberg Mark,"Director,Officer,TenPercentOwner",2023-12-14,S,906.0,332.49,301235.94,0.004040059475359086,1.8679403804770738
META,Zuckerberg Mark,"Director,Officer,TenPercentOwner",2023-12-14,S,585.0,333.33,194998.05,0.004040059475359086,1.8679403804770738
META,Zuckerberg Mark,"Director,Officer,TenPercentOwner",2023-12-14,S,50.0,334.19,16709.5,0.004040059475359086,1.8679403804770738
META,Zuckerberg Mark,"Director,Officer,TenPercentOwner",2023-12-14,S,1098.0,329.25,361516.5,0.004040059475359086,1.8679403804770738
META,Zuckerberg Mark,"Director,Officer,TenPercentOwner",2023-12-14,S,3349.0,330.45,1106677.05,0.004040059475359086,1.8679403804770738
NVDA,STEVENS MARK A,Director,2023-12-13,S,10400.0,481.6,5008640.0,0.0037073777877982546,2.156003179728621
MA,Bhalla Ajay,Officer,2023-12-13,S,4000.0,425.0,1700000.0,0.00012161300828789613,0.9053759001697907
MA,Bhalla Ajay,Officer,2023-12-14,S,97.0,425.0,41225.0,6.72134965047149e-05,0.9043108580836866
META,Newstead Jennifer,Officer,2023-12-12,S,566.0,324.59,183717.94,0.004302425437892213,1.873935334158515
V,Taneja Rajat,Officer,2023-12-13,S,25000.0,260.04,6501000.000000001,0.0003485541642915436,0.7639315892986713
META,Zuckerberg Mark,"Director,Officer,TenPercentOwner",2023-12-13,S,2057.0,333.5,686009.5,0.004078610220862554,1.8537287125084796
META,Zuckerberg Mark,"Director,Officer,TenPercentOwner",2023-12-13,S,4729.0,334.42,1581472.1800000002,0.004078610220862554,1.8537287125084796
META,Zuckerberg Mark,"Director,Officer,TenPercentOwner",2023-12-13,S,4011.0,335.43,1345409.73,0.004078610220862554,1.8537287125084796
META,Zuckerberg Mark,"Director,Officer,TenPercentOwner",2023-12-13,S,5990.0,336.23,2014017.7,0.004078610220862554,1.8537287125084796
META,Zuckerberg Mark,"Director,Officer,TenPercentOwner",2023-12-13,S,1142.0,337.44,385356.48,0.004078610220862554,1.8537287125084796
META,Zuckerberg Mark,"Director,Officer,TenPercentOwner",2023-12-13,S,1250.0,333.64,417050.0,0.004078610220862554,1.8537287125084796
META,Zuckerberg Mark,"Director,Officer,TenPercentOwner",2023-12-13,S,1991.0,334.65,666288.1499999999,0.004078610220862554,1.8537287125084796
META,Zuckerberg Mark,"Director,Officer,TenPercentOwner",2023-12-13,S,2543.0,335.85,854066.55,0.004078610220862554,1.8537287125084796
META,Zuckerberg Mark,"Director,Officer,TenPercentOwner",2023-12-13,S,1000.0,336.7,336700.0,0.004078610220862554,1.8537287125084796
META,Zuckerberg Mark,"Director,Officer,TenPercentOwner",2023-12-13,S,391.0,337.65,132021.15,0.004078610220862554,1.8537287125084796
META,Zuckerberg Mark,"Director,Officer,TenPercentOwner",2023-12-13,S,692.0,333.86,231031.12,0.004078610220862554,1.8537287125084796
META,Zuckerberg Mark,"Director,Officer,TenPercentOwner",2023-12-13,S,690.0,334.81,231018.9,0.004078610220862554,1.8537287125084796
META,Zuckerberg Mark,"Director,Officer,TenPercentOwner",2023-12-13,S,1273.0,336.09,427842.57,0.004078610220862554,1.8537287125084796
META,Zuckerberg Mark,"Director,Officer,TenPercentOwner",2023-12-13,S,200.0,336.87,67374.0,0.004078610220862554,1.8537287125084796
META,Zuckerberg Mark,"Director,Officer,TenPercentOwner",2023-12-13,S,50.0,338.03,16901.5,0.004078610220862554,1.8537287125084796
META,Zuckerberg Mark,"Director,Officer,TenPercentOwner",2023-12-12,S,879.0,331.62,291493.98,0.004302425437892213,1.873935334158515
META,Zuckerberg Mark,"Director,Officer,TenPercentOwner",2023-12-12,S,3437.0,330.77,1136856.49,0.004302425437892213,1.873935334158515
META,Zuckerberg Mark,"Director,Officer,TenPercentOwner",2023-12-12,S,6071.0,329.67,2001426.57,0.004302425437892213,1.873935334158515
META,Zuckerberg Mark,"Director,Officer,TenPercentOwner",2023-12-12,S,1741.0,329.03,572841.23,0.004302425437892213,1.873935334158515
META,Zuckerberg Mark,"Director,Officer,TenPercentOwner",2023-12-12,S,689.0,327.54,225675.06000000003,0.004302425437892213,1.873935334158515
META,Zuckerberg Mark,"Director,Officer,TenPercentOwner",2023-12-12,S,500.0,326.42,163210.0,0.004302425437892213,1.873935334158515
META,Zuckerberg Mark,"Director,Officer,TenPercentOwner",2023-12-12,S,1600.0,325.3,520480.0,0.004302425437892213,1.873935334158515
META,Zuckerberg Mark,"Director,Officer,TenPercentOwner",2023-12-12,S,489.0,334.03,163340.66999999998,0.004302425437892213,1.873935334158515
META,Zuckerberg Mark,"Director,Officer,TenPercentOwner",2023-12-12,S,50.0,332.07,16603.5,0.004302425437892213,1.873935334158515
META,Zuckerberg Mark,"Director,Officer,TenPercentOwner",2023-12-12,S,400.0,331.07,132428.0,0.004302425437892213,1.873935334158515
META,Zuckerberg Mark,"Director,Officer,TenPercentOwner",2023-12-12,S,500.0,330.24,165120.0,0.004302425437892213,1.873935334158515
META,Zuckerberg Mark,"Director,Officer,TenPercentOwner",2023-12-12,S,1016.0,329.41,334680.56,0.004302425437892213,1.873935334158515
META,Zuckerberg Mark,"Director,Officer,TenPercentOwner",2023-12-12,S,100.0,327.54,32754.000000000004,0.004302425437892213,1.873935334158515
META,Zuckerberg Mark,"Director,Officer,TenPercentOwner",2023-12-12,S,150.0,326.41,48961.50000000001,0.004302425437892213,1.873935334158515
META,Zuckerberg Mark,"Director,Officer,TenPercentOwner",2023-12-12,S,200.0,325.26,65052.0,0.004302425437892213,1.873935334158515
META,Zuckerberg Mark,"Director,Officer,TenPercentOwner",2023-12-12,S,1000.0,333.53,333530.0,0.004302425437892213,1.873935334158515
META,Zuckerberg Mark,"Director,Officer,TenPercentOwner",2023-12-12,S,2012.0,334.12,672249.4400000001,0.004302425437892213,1.873935334158515
META,Zuckerberg Mark,"Director,Officer,TenPercentOwner",2023-12-12,S,507.0,325.15,164851.05,0.004302425437892213,1.873935334158515
META,Zuckerberg Mark,"Director,Officer,TenPercentOwner",2023-12-12,S,217.0,325.88,70715.95999999999,0.004302425437892213,1.873935334158515
META,Zuckerberg Mark,"Director,Officer,TenPercentOwner",2023-12-12,S,300.0,327.32,98196.0,0.004302425437892213,1.873935334158515
META,Zuckerberg Mark,"Director,Officer,TenPercentOwner",2023-12-12,S,200.0,328.38,65676.0,0.004302425437892213,1.873935334158515
META,Zuckerberg Mark,"Director,Officer,TenPercentOwner",2023-12-12,S,2903.0,329.54,956654.62,0.004302425437892213,1.873935334158515
META,Zuckerberg Mark,"Director,Officer,TenPercentOwner",2023-12-12,S,1383.0,330.67,457316.61,0.004302425437892213,1.873935334158515
META,Zuckerberg Mark,"Director,Officer,TenPercentOwner",2023-12-12,S,373.0,331.38,123604.74,0.004302425437892213,1.873935334158515
META,Zuckerberg Mark,"Director,Officer,TenPercentOwner",2023-12-12,S,100.0,332.28,33228.0,0.004302425437892213,1.873935334158515
META,Zuckerberg Mark,"Director,Officer,TenPercentOwner",2023-12-12,S,1192.0,333.99,398116.08,0.004302425437892213,1.873935334158515
META,Zuckerberg Mark,"Director,Officer,TenPercentOwner",2023-12-11,S,250.0,322.43,80607.5,0.00415352575841952,1.8442959423743317
META,Zuckerberg Mark,"Director,Officer,TenPercentOwner",2023-12-11,S,1118.0,324.74,363059.32,0.00415352575841952,1.8442959423743317
META,Zuckerberg Mark,"Director,Officer,TenPercentOwner",2023-12-11,S,250.0,323.79,80947.5,0.00415352575841952,1.8442959423743317
META,Zuckerberg Mark,"Director,Officer,TenPercentOwner",2023-12-11,S,3001.0,320.72,962480.72,0.00415352575841952,1.8442959423743317
META,Zuckerberg Mark,"Director,Officer,TenPercentOwner",2023-12-11,S,2405.0,321.44,773063.2,0.00415352575841952,1.8442959423743317
META,Zuckerberg Mark,"Director,Officer,TenPercentOwner",2023-12-11,S,1600.0,322.53,516048.0,0.00415352575841952,1.8442959423743317
META,Zuckerberg Mark,"Director,Officer,TenPercentOwner",2023-12-11,S,1500.0,323.83,485745.0,0.00415352575841952,1.8442959423743317
META,Zuckerberg Mark,"Director,Officer,TenPercentOwner",2023-12-11,S,6280.0,324.7,2039116.0,0.00415352575841952,1.8442959423743317
META,Zuckerberg Mark,"Director,Officer,TenPercentOwner",2023-12-11,S,2634.0,325.51,857393.34,0.00415352575841952,1.8442959423743317
META,Zuckerberg Mark,"Director,Officer,TenPercentOwner",2023-12-11,S,300.0,326.96,98088.0,0.00415352575841952,1.8442959423743317
META,Zuckerberg Mark,"Director,Officer,TenPercentOwner",2023-12-11,S,209.0,328.16,68585.44,0.00415352575841952,1.8442959423743317
META,Zuckerberg Mark,"Director,Officer,TenPercentOwner",2023-12-11,S,1656.0,320.84,531311.0399999999,0.00415352575841952,1.8442959423743317
META,Zuckerberg Mark,"Director,Officer,TenPercentOwner",2023-12-11,S,607.0,321.87,195375.09,0.00415352575841952,1.8442959423743317
META,Zuckerberg Mark,"Director,Officer,TenPercentOwner",2023-12-11,S,603.0,322.76,194624.28,0.00415352575841952,1.8442959423743317
META,Zuckerberg Mark,"Director,Officer,TenPercentOwner",2023-12-11,S,1492.0,324.12,483587.04,0.00415352575841952,1.8442959423743317
META,Zuckerberg Mark,"Director,Officer,TenPercentOwner",2023-12-11,S,2517.0,325.01,818050.1699999999,0.00415352575841952,1.8442959423743317
META,Zuckerberg Mark,"Director,Officer,TenPercentOwner",2023-12-11,S,200.0,326.58,65316.0,0.00415352575841952,1.8442959423743317
META,Zuckerberg Mark,"Director,Officer,TenPercentOwner",2023-12-11,S,100.0,328.14,32814.0,0.00415352575841952,1.8442959423743317
META,Zuckerberg Mark,"Director,Officer,TenPercentOwner",2023-12-11,S,500.0,320.65,160325.0,0.00415352575841952,1.8442959423743317
META,Zuckerberg Mark,"Director,Officer,TenPercentOwner",2023-12-11,S,350.0,321.4,112490.0,0.00415352575841952,1.8442959423743317
META,Zuckerberg Mark,"Director,Officer,TenPercentOwner",2023-12-11,S,100.0,327.56,32756.0,0.00415352575841952,1.8442959423743317
META,Zuckerberg Mark,"Director,Officer,TenPercentOwner",2023-12-11,S,337.0,325.44,109673.28,0.00415352575841952,1.8442959423743317
VZ,Silliman Craig L.,Officer,2023-12-11,S,3340.0,38.29,127888.6,-0.00017865853065463335,0.43106493585170086
JPM,Lake Marianne,Officer,2023-12-12,S,32243.0,160.0,5158880.0,0.00013469690187126665,0.8464312147590306
MSFT,Hogan Kathleen T,Officer,2023-12-08,S,24680.98,369.0,9107281.62,0.0011519622944099748,1.2602137990903959
META,Zuckerberg Mark,"Director,Officer,TenPercentOwner",2023-12-08,S,911.0,332.9,303271.9,0.004064819384234371,1.8479161161049753
META,Zuckerberg Mark,"Director,Officer,TenPercentOwner",2023-12-08,S,50.0,332.93,16646.5,0.004064819384234371,1.8479161161049753
META,Zuckerberg Mark,"Director,Officer,TenPercentOwner",2023-12-08,S,631.0,332.43,209763.33,0.004064819384234371,1.8479161161049753
META,Zuckerberg Mark,"Director,Officer,TenPercentOwner",2023-12-08,S,368.0,331.35,121936.8,0.004064819384234371,1.8479161161049753
META,Zuckerberg Mark,"Director,Officer,TenPercentOwner",2023-12-08,S,606.0,330.31,200167.86,0.004064819384234371,1.8479161161049753
META,Zuckerberg Mark,"Director,Officer,TenPercentOwner",2023-12-08,S,650.0,329.16,213954.00000000003,0.004064819384234371,1.8479161161049753
META,Zuckerberg Mark,"Director,Officer,TenPercentOwner",2023-12-08,S,150.0,327.98,49197.0,0.004064819384234371,1.8479161161049753
META,Zuckerberg Mark,"Director,Officer,TenPercentOwner",2023-12-08,S,250.0,326.51,81627.5,0.004064819384234371,1.8479161161049753
META,Zuckerberg Mark,"Director,Officer,TenPercentOwner",2023-12-08,S,303.0,324.15,98217.45,0.004064819384234371,1.8479161161049753
META,Zuckerberg Mark,"Director,Officer,TenPercentOwner",2023-12-08,S,1109.0,325.26,360713.34,0.004064819384234371,1.8479161161049753
META,Zuckerberg Mark,"Director,Officer,TenPercentOwner",2023-12-08,S,1503.0,326.5,490729.5,0.004064819384234371,1.8479161161049753
META,Zuckerberg Mark,"Director,Officer,TenPercentOwner",2023-12-08,S,724.0,328.21,237624.04,0.004064819384234371,1.8479161161049753
META,Zuckerberg Mark,"Director,Officer,TenPercentOwner",2023-12-08,S,3624.0,329.18,1192948.32,0.004064819384234371,1.8479161161049753
META,Zuckerberg Mark,"Director,Officer,TenPercentOwner",2023-12-08,S,3321.0,330.13,1096361.73,0.004064819384234371,1.8479161161049753
META,Zuckerberg Mark,"Director,Officer,TenPercentOwner",2023-12-08,S,2245.0,330.96,743005.2,0.004064819384234371,1.8479161161049753
META,Zuckerberg Mark,"Director,Officer,TenPercentOwner",2023-12-08,S,4189.0,332.16,1391418.24,0.004064819384234371,1.8479161161049753
META,Zuckerberg Mark,"Director,Officer,TenPercentOwner",2023-12-08,S,500.0,324.86,162430.0,0.004064819384234371,1.8479161161049753
META,Zuckerberg Mark,"Director,Officer,TenPercentOwner",2023-12-08,S,690.0,326.5,225285.0,0.004064819384234371,1.8479161161049753
META,Zuckerberg Mark,"Director,Officer,TenPercentOwner",2023-12-08,S,600.0,328.57,197142.0,0.004064819384234371,1.8479161161049753
META,Zuckerberg Mark,"Director,Officer,TenPercentOwner",2023-12-08,S,1410.0,329.42,464482.2,0.004064819384234371,1.8479161161049753
META,Zuckerberg Mark,"Director,Officer,TenPercentOwner",2023-12-08,S,1662.0,330.54,549357.48,0.004064819384234371,1.8479161161049753
META,Zuckerberg Mark,"Director,Officer,TenPercentOwner",2023-12-08,S,1166.0,331.76,386832.16,0.004064819384234371,1.8479161161049753
META,Zuckerberg Mark,"Director,Officer,TenPercentOwner",2023-12-08,S,1147.0,332.61,381503.67,0.004064819384234371,1.8479161161049753
META,Zuckerberg Mark,"Director,Officer,TenPercentOwner",2023-12-08,S,200.0,324.98,64996.0,0.004064819384234371,1.8479161161049753
META,Zuckerberg Mark,"Director,Officer,TenPercentOwner",2023-12-07,S,1216.0,324.13,394142.08,0.004132779319707731,1.831359227424936
META,Zuckerberg Mark,"Director,Officer,TenPercentOwner",2023-12-07,S,410.0,320.04,131216.4,0.004132779319707731,1.831359227424936
META,Zuckerberg Mark,"Director,Officer,TenPercentOwner",2023-12-07,S,1320.0,322.67,425924.4,0.004132779319707731,1.831359227424936
META,Zuckerberg Mark,"Director,Officer,TenPercentOwner",2023-12-07,S,3690.0,323.79,1194785.1,0.004132779319707731,1.831359227424936
META,Zuckerberg Mark,"Director,Officer,TenPercentOwner",2023-12-07,S,1169.0,324.54,379387.26,0.004132779319707731,1.831359227424936
META,Zuckerberg Mark,"Director,Officer,TenPercentOwner",2023-12-07,S,4740.0,326.54,1547799.6,0.004132779319707731,1.831359227424936
META,Zuckerberg Mark,"Director,Officer,TenPercentOwner",2023-12-07,S,4811.0,327.17,1574014.87,0.004132779319707731,1.831359227424936
META,Zuckerberg Mark,"Director,Officer,TenPercentOwner",2023-12-07,S,200.0,327.95,65590.0,0.004132779319707731,1.831359227424936
META,Zuckerberg Mark,"Director,Officer,TenPercentOwner",2023-12-07,S,100.0,317.78,31778.0,0.004132779319707731,1.831359227424936
META,Zuckerberg Mark,"Director,Officer,TenPercentOwner",2023-12-07,S,200.0,319.64,63928.0,0.004132779319707731,1.831359227424936
META,Zuckerberg Mark,"Director,Officer,TenPercentOwner",2023-12-07,S,800.0,321.83,257464.0,0.004132779319707731,1.831359227424936
META,Zuckerberg Mark,"Director,Officer,TenPercentOwner",2023-12-07,S,900.0,323.3,290970.0,0.004132779319707731,1.831359227424936
META,Zuckerberg Mark,"Director,Officer,TenPercentOwner",2023-12-07,S,1250.0,321.61,402012.5,0.004132779319707731,1.831359227424936
META,Zuckerberg Mark,"Director,Officer,TenPercentOwner",2023-12-07,S,100.0,324.91,32491.000000000004,0.004132779319707731,1.831359227424936
META,Zuckerberg Mark,"Director,Officer,TenPercentOwner",2023-12-07,S,2259.0,326.61,737811.99,0.004132779319707731,1.831359227424936
META,Zuckerberg Mark,"Director,Officer,TenPercentOwner",2023-12-07,S,1600.0,327.2,523520.0,0.004132779319707731,1.831359227424936
META,Zuckerberg Mark,"Director,Officer,TenPercentOwner",2023-12-07,S,50.0,318.0,15900.0,0.004132779319707731,1.831359227424936
META,Zuckerberg Mark,"Director,Officer,TenPercentOwner",2023-12-07,S,100.0,320.05,32005.0,0.004132779319707731,1.831359227424936
META,Zuckerberg Mark,"Director,Officer,TenPercentOwner",2023-12-07,S,150.0,321.71,48256.5,0.004132779319707731,1.831359227424936
META,Zuckerberg Mark,"Director,Officer,TenPercentOwner",2023-12-07,S,300.0,322.65,96795.0,0.004132779319707731,1.831359227424936
META,Zuckerberg Mark,"Director,Officer,TenPercentOwner",2023-12-07,S,652.0,323.88,211169.76,0.004132779319707731,1.831359227424936
META,Zuckerberg Mark,"Director,Officer,TenPercentOwner",2023-12-07,S,100.0,325.13,32513.0,0.004132779319707731,1.831359227424936
META,Zuckerberg Mark,"Director,Officer,TenPercentOwner",2023-12-07,S,853.0,326.62,278606.86,0.004132779319707731,1.831359227424936
META,Zuckerberg Mark,"Director,Officer,TenPercentOwner",2023-12-07,S,700.0,327.29,229103.0,0.004132779319707731,1.831359227424936
META,Zuckerberg Mark,"Director,Officer,TenPercentOwner",2023-12-07,S,339.0,318.17,107859.63,0.004132779319707731,1.831359227424936
AMZN,Selipsky Adam,Officer,2023-12-07,S,500.0,146.09,73045.0,0.00114586777874844,1.6247647603860307
AMZN,Selipsky Adam,Officer,2023-12-06,S,500.0,147.76,73880.0,0.001328705202087239,1.594366430336898
DIS,Chang Amy,Director,2023-12-07,P,745.0,92.69,69054.05,-0.0008383413821933933,1.1797417542392143
DIS,Chang Amy,Director,2023-12-07,P,333.0,92.69,30865.77,-0.0008383413821933933,1.1797417542392143
TSLA,Zhu Xiaotong,Officer,2023-12-06,S,1049.25,244.34,256373.745,0.0007251357403485233,2.148030917757135
TSLA,Baglino Andrew D,Officer,2023-12-06,S,1298.5,244.34,317275.49,0.0007251357403485233,2.148030917757135
TSLA,Taneja Vaibhav,Officer,2023-12-06,S,173.25,244.34,42331.905,0.0007251357403485233,2.148030917757135
META,Newstead Jennifer,Officer,2023-12-05,S,566.0,318.98,180542.68,0.004094752397641826,1.863812390300342
UNH,HEMSLEY STEPHEN J,Director,2023-12-05,S,66081.0,550.39,36370321.59,-5.8604907375477445e-05,0.32610179991487814
META,Zuckerberg Mark,"Director,Officer,TenPercentOwner",2023-12-06,S,399.0,317.59,126718.41,0.004216743114774761,1.8143571848538556
META,Zuckerberg Mark,"Director,Officer,TenPercentOwner",2023-12-06,S,100.0,321.55,32155.0,0.004216743114774761,1.8143571848538556
META,Zuckerberg Mark,"Director,Officer,TenPercentOwner",2023-12-06,S,306.0,320.86,98183.16,0.004216743114774761,1.8143571848538556
META,Zuckerberg Mark,"Director,Officer,TenPercentOwner",2023-12-06,S,1099.0,319.64,351284.36,0.004216743114774761,1.8143571848538556
META,Zuckerberg Mark,"Director,Officer,TenPercentOwner",2023-12-06,S,1001.0,318.82,319138.82,0.004216743114774761,1.8143571848538556
META,Zuckerberg Mark,"Director,Officer,TenPercentOwner",2023-12-06,S,200.0,321.38,64276.0,0.004216743114774761,1.8143571848538556
META,Zuckerberg Mark,"Director,Officer,TenPercentOwner",2023-12-06,S,800.0,320.63,256504.0,0.004216743114774761,1.8143571848538556
META,Zuckerberg Mark,"Director,Officer,TenPercentOwner",2023-12-06,S,2730.0,319.67,872699.1000000001,0.004216743114774761,1.8143571848538556
META,Zuckerberg Mark,"Director,Officer,TenPercentOwner",2023-12-06,S,2245.0,318.93,715997.85,0.004216743114774761,1.8143571848538556
META,Zuckerberg Mark,"Director,Officer,TenPercentOwner",2023-12-06,S,1200.0,317.64,381168.0,0.004216743114774761,1.8143571848538556
META,Zuckerberg Mark,"Director,Officer,TenPercentOwner",2023-12-06,S,700.0,321.43,225001.0,0.004216743114774761,1.8143571848538556
META,Zuckerberg Mark,"Director,Officer,TenPercentOwner",2023-12-06,S,2871.0,320.45,920011.95,0.004216743114774761,1.8143571848538556
META,Zuckerberg Mark,"Director,Officer,TenPercentOwner",2023-12-06,S,7353.0,319.45,2348915.85,0.004216743114774761,1.8143571848538556
META,Zuckerberg Mark,"Director,Officer,TenPercentOwner",2023-12-06,S,4620.0,318.71,1472440.2,0.004216743114774761,1.8143571848538556
META,Zuckerberg Mark,"Director,Officer,TenPercentOwner",2023-12-06,S,2385.0,317.52,757285.2,0.004216743114774761,1.8143571848538556
META,Zuckerberg Mark,"Director,Officer,TenPercentOwner",2023-12-05,S,2111.0,317.06,669313.66,0.004094752397641826,1.863812390300342
META,Zuckerberg Mark,"Director,Officer,TenPercentOwner",2023-12-05,S,2167.0,318.22,689582.7400000001,0.004094752397641826,1.863812390300342
META,Zuckerberg Mark,"Director,Officer,TenPercentOwner",2023-12-05,S,1004.0,319.0,320276.0,0.004094752397641826,1.863812390300342
META,Zuckerberg Mark,"Director,Officer,TenPercentOwner",2023-12-05,S,893.0,320.1,285849.30000000005,0.004094752397641826,1.863812390300342
META,Zuckerberg Mark,"Director,Officer,TenPercentOwner",2023-12-05,S,200.0,321.46,64291.99999999999,0.004094752397641826,1.863812390300342
META,Zuckerberg Mark,"Director,Officer,TenPercentOwner",2023-12-05,S,300.0,316.17,94851.0,0.004094752397641826,1.863812390300342
META,Zuckerberg Mark,"Director,Officer,TenPercentOwner",2023-12-05,S,750.0,317.0,237750.0,0.004094752397641826,1.863812390300342
META,Zuckerberg Mark,"Director,Officer,TenPercentOwner",2023-12-05,S,1105.0,318.14,351544.7,0.004094752397641826,1.863812390300342
META,Zuckerberg Mark,"Director,Officer,TenPercentOwner",2023-12-05,S,200.0,318.9,63779.99999999999,0.004094752397641826,1.863812390300342
META,Zuckerberg Mark,"Director,Officer,TenPercentOwner",2023-12-05,S,500.0,320.04,160020.0,0.004094752397641826,1.863812390300342
META,Zuckerberg Mark,"Director,Officer,TenPercentOwner",2023-12-05,S,50.0,321.38,16069.0,0.004094752397641826,1.863812390300342
META,Zuckerberg Mark,"Director,Officer,TenPercentOwner",2023-12-05,S,1215.0,316.15,384122.25,0.004094752397641826,1.863812390300342
META,Zuckerberg Mark,"Director,Officer,TenPercentOwner",2023-12-05,S,5498.0,316.95,1742591.1,0.004094752397641826,1.863812390300342
META,Zuckerberg Mark,"Director,Officer,TenPercentOwner",2023-12-05,S,5483.0,318.07,1743977.81,0.004094752397641826,1.863812390300342
META,Zuckerberg Mark,"Director,Officer,TenPercentOwner",2023-12-05,S,2690.0,318.83,857652.7,0.004094752397641826,1.863812390300342
META,Zuckerberg Mark,"Director,Officer,TenPercentOwner",2023-12-05,S,2143.0,320.09,685952.87,0.004094752397641826,1.863812390300342
META,Zuckerberg Mark,"Director,Officer,TenPercentOwner",2023-12-05,S,800.0,320.87,256696.0,0.004094752397641826,1.863812390300342
META,Zuckerberg Mark,"Director,Officer,TenPercentOwner",2023-12-05,S,100.0,321.84,32184.0,0.004094752397641826,1.863812390300342
META,Zuckerberg Mark,"Director,Officer,TenPercentOwner",2023-12-05,S,800.0,316.21,252968.0,0.004094752397641826,1.863812390300342
META,Zuckerberg Mark,"Director,Officer,TenPercentOwner",2023-12-04,S,242.0,319.95,77427.9,0.004118147217685698,1.843725669358569
META,Zuckerberg Mark,"Director,Officer,TenPercentOwner",2023-12-04,S,600.0,318.95,191370.0,0.004118147217685698,1.843725669358569
META,Zuckerberg Mark,"Director,Officer,TenPercentOwner",2023-12-04,S,750.0,317.81,238357.5,0.004118147217685698,1.843725669358569
META,Zuckerberg Mark,"Director,Officer,TenPercentOwner",2023-12-04,S,400.0,316.6,126640.0,0.004118147217685698,1.843725669358569
META,Zuckerberg Mark,"Director,Officer,TenPercentOwner",2023-12-04,S,550.0,314.33,172881.5,0.004118147217685698,1.843725669358569
META,Zuckerberg Mark,"Director,Officer,TenPercentOwner",2023-12-04,S,4546.0,315.51,1434308.46,0.004118147217685698,1.843725669358569
META,Zuckerberg Mark,"Director,Officer,TenPercentOwner",2023-12-04,S,3125.0,316.46,988937.5,0.004118147217685698,1.843725669358569
META,Zuckerberg Mark,"Director,Officer,TenPercentOwner",2023-12-04,S,3921.0,317.79,1246054.59,0.004118147217685698,1.843725669358569
META,Zuckerberg Mark,"Director,Officer,TenPercentOwner",2023-12-04,S,3332.0,318.71,1061941.72,0.004118147217685698,1.843725669358569
META,Zuckerberg Mark,"Director,Officer,TenPercentOwner",2023-12-04,S,2155.0,319.62,688781.1,0.004118147217685698,1.843725669358569
META,Zuckerberg Mark,"Director,Officer,TenPercentOwner",2023-12-04,S,300.0,320.6,96180.0,0.004118147217685698,1.843725669358569
META,Zuckerberg Mark,"Director,Officer,TenPercentOwner",2023-12-04,S,530.0,314.94,166918.2,0.004118147217685698,1.843725669358569
META,Zuckerberg Mark,"Director,Officer,TenPercentOwner",2023-12-04,S,1990.0,315.71,628262.8999999999,0.004118147217685698,1.843725669358569
META,Zuckerberg Mark,"Director,Officer,TenPercentOwner",2023-12-04,S,1250.0,316.61,395762.5,0.004118147217685698,1.843725669358569
META,Zuckerberg Mark,"Director,Officer,TenPercentOwner",2023-12-04,S,1437.0,317.92,456851.04,0.004118147217685698,1.843725669358569
META,Zuckerberg Mark,"Director,Officer,TenPercentOwner",2023-12-04,S,1188.0,318.86,378805.68,0.004118147217685698,1.843725669358569
META,Zuckerberg Mark,"Director,Officer,TenPercentOwner",2023-12-04,S,680.0,319.78,217450.4,0.004118147217685698,1.843725669358569
META,Zuckerberg Mark,"Director,Officer,TenPercentOwner",2023-12-04,S,100.0,320.5,32050.0,0.004118147217685698,1.843725669358569
META,Zuckerberg Mark,"Director,Officer,TenPercentOwner",2023-12-04,S,200.0,314.74,62948.0,0.004118147217685698,1.843725669358569
META,Zuckerberg Mark,"Director,Officer,TenPercentOwner",2023-12-04,S,705.0,315.66,222540.3,0.004118147217685698,1.843725669358569
V,Taneja Rajat,Officer,2023-12-04,S,27679.0,256.49,7099386.71,0.0002346792593624094,0.7811331823274837
AMZN,Herrington Douglas J,Officer,2023-12-01,S,4000.0,146.0,584000.0,0.0011570378609815732,1.6048191499830498
V,MCINERNEY RYAN,"Director,Officer",2023-12-01,S,8150.0,255.79,2084688.5,0.00021507469559367255,0.7866996004172636
META,Zuckerberg Mark,"Director,Officer,TenPercentOwner",2023-12-01,S,1160.0,325.33,377382.8,0.004197269685607442,1.8461100039043747
META,Zuckerberg Mark,"Director,Officer,TenPercentOwner",2023-12-01,S,4542.0,324.66,1474605.7200000002,0.004197269685607442,1.8461100039043747
META,Zuckerberg Mark,"Director,Officer,TenPercentOwner",2023-12-01,S,1200.0,321.66,385992.00000000006,0.004197269685607442,1.8461100039043747
META,Zuckerberg Mark,"Director,Officer,TenPercentOwner",2023-12-01,S,1872.0,322.72,604131.8400000001,0.004197269685607442,1.8461100039043747
META,Zuckerberg Mark,"Director,Officer,TenPercentOwner",2023-12-01,S,1980.0,323.72,640965.6000000001,0.004197269685607442,1.8461100039043747
META,Zuckerberg Mark,"Director,Officer,TenPercentOwner",2023-12-01,S,1923.0,324.72,624436.56,0.004197269685607442,1.8461100039043747
META,Zuckerberg Mark,"Director,Officer,TenPercentOwner",2023-12-01,S,200.0,325.48,65096.0,0.004197269685607442,1.8461100039043747
META,Zuckerberg Mark,"Director,Officer,TenPercentOwner",2023-12-01,S,550.0,321.81,176995.5,0.004197269685607442,1.8461100039043747
META,Zuckerberg Mark,"Director,Officer,TenPercentOwner",2023-12-01,S,751.0,322.82,242437.82,0.004197269685607442,1.8461100039043747
META,Zuckerberg Mark,"Director,Officer,TenPercentOwner",2023-12-01,S,967.0,323.94,313249.98,0.004197269685607442,1.8461100039043747
META,Zuckerberg Mark,"Director,Officer,TenPercentOwner",2023-12-01,S,584.0,324.85,189712.4,0.004197269685607442,1.8461100039043747
META,Zuckerberg Mark,"Director,Officer,TenPercentOwner",2023-12-01,S,53.0,326.5,17304.5,0.004197269685607442,1.8461100039043747
META,Zuckerberg Mark,"Director,Officer,TenPercentOwner",2023-12-01,S,2300.0,321.52,739496.0,0.004197269685607442,1.8461100039043747
META,Zuckerberg Mark,"Director,Officer,TenPercentOwner",2023-12-01,S,4322.0,322.58,1394190.76,0.004197269685607442,1.8461100039043747
META,Zuckerberg Mark,"Director,Officer,TenPercentOwner",2023-12-01,S,5447.0,323.55,1762376.85,0.004197269685607442,1.8461100039043747
META,Zuckerberg Mark,"Director,Officer,TenPercentOwner",2023-12-01,S,158.0,326.56,51596.48,0.004197269685607442,1.8461100039043747
META,Zuckerberg Mark,"Director,Officer,TenPercentOwner",2023-11-30,S,450.0,324.85,146182.5,0.004283294460803484,1.8440604364107758
META,Zuckerberg Mark,"Director,Officer,TenPercentOwner",2023-11-30,S,930.0,324.02,301338.6,0.004283294460803484,1.8440604364107758
META,Zuckerberg Mark,"Director,Officer,TenPercentOwner",2023-11-30,S,110.0,327.48,36022.8,0.004283294460803484,1.8440604364107758
META,Zuckerberg Mark,"Director,Officer,TenPercentOwner",2023-11-30,S,255.0,328.6,83793.0,0.004283294460803484,1.8440604364107758
META,Zuckerberg Mark,"Director,Officer,TenPercentOwner",2023-11-30,S,416.0,330.0,137280.0,0.004283294460803484,1.8440604364107758
META,Zuckerberg Mark,"Director,Officer,TenPercentOwner",2023-11-30,S,35.0,331.71,11609.85,0.004283294460803484,1.8440604364107758
META,Zuckerberg Mark,"Director,Officer,TenPercentOwner",2023-11-30,S,159.0,333.1,52962.9,0.004283294460803484,1.8440604364107758
META,Zuckerberg Mark,"Director,Officer,TenPercentOwner",2023-11-30,S,2790.0,323.04,901281.6,0.004283294460803484,1.8440604364107758
META,Zuckerberg Mark,"Director,Officer,TenPercentOwner",2023-11-30,S,5837.0,324.03,1891363.11,0.004283294460803484,1.8440604364107758
META,Zuckerberg Mark,"Director,Officer,TenPercentOwner",2023-11-30,S,2187.0,324.88,710512.5599999999,0.004283294460803484,1.8440604364107758
META,Zuckerberg Mark,"Director,Officer,TenPercentOwner",2023-11-30,S,993.0,326.03,323747.79,0.004283294460803484,1.8440604364107758
META,Zuckerberg Mark,"Director,Officer,TenPercentOwner",2023-11-30,S,691.0,327.35,226198.85,0.004283294460803484,1.8440604364107758
META,Zuckerberg Mark,"Director,Officer,TenPercentOwner",2023-11-30,S,1117.0,328.51,366945.67,0.004283294460803484,1.8440604364107758
META,Zuckerberg Mark,"Director,Officer,TenPercentOwner",2023-11-30,S,1911.0,329.51,629693.61,0.004283294460803484,1.8440604364107758
META,Zuckerberg Mark,"Director,Officer,TenPercentOwner",2023-11-30,S,1303.0,330.32,430406.96,0.004283294460803484,1.8440604364107758
META,Zuckerberg Mark,"Director,Officer,TenPercentOwner",2023-11-30,S,600.0,331.57,198942.0,0.004283294460803484,1.8440604364107758
META,Zuckerberg Mark,"Director,Officer,TenPercentOwner",2023-11-30,S,500.0,332.88,166440.0,0.004283294460803484,1.8440604364107758
META,Zuckerberg Mark,"Director,Officer,TenPercentOwner",2023-11-30,S,1809.0,323.33,584903.97,0.004283294460803484,1.8440604364107758
META,Zuckerberg Mark,"Director,Officer,TenPercentOwner",2023-11-30,S,2192.0,324.38,711040.96,0.004283294460803484,1.8440604364107758
META,Zuckerberg Mark,"Director,Officer,TenPercentOwner",2023-11-30,S,570.0,325.38,185466.6,0.004283294460803484,1.8440604364107758
META,Zuckerberg Mark,"Director,Officer,TenPercentOwner",2023-11-30,S,200.0,326.39,65278.0,0.004283294460803484,1.8440604364107758
META,Zuckerberg Mark,"Director,Officer,TenPercentOwner",2023-11-30,S,331.0,327.64,108448.84,0.004283294460803484,1.8440604364107758
META,Zuckerberg Mark,"Director,Officer,TenPercentOwner",2023-11-30,S,500.0,328.65,164325.0,0.004283294460803484,1.8440604364107758
META,Zuckerberg Mark,"Director,Officer,TenPercentOwner",2023-11-30,S,1031.0,329.84,340065.04,0.004283294460803484,1.8440604364107758
META,Zuckerberg Mark,"Director,Officer,TenPercentOwner",2023-11-30,S,342.0,331.09,113232.77999999998,0.004283294460803484,1.8440604364107758
META,Zuckerberg Mark,"Director,Officer,TenPercentOwner",2023-11-30,S,200.0,332.72,66544.0,0.004283294460803484,1.8440604364107758
META,Zuckerberg Mark,"Director,Officer,TenPercentOwner",2023-11-30,S,400.0,323.05,129220.0,0.004283294460803484,1.8440604364107758
META,Zuckerberg Mark,"Director,Officer,TenPercentOwner",2023-11-30,S,150.0,325.9,48885.0,0.004283294460803484,1.8440604364107758
PG,Keith R. Alexandra,Officer,2023-11-30,S,1408.0,153.47,216085.76,4.368778790360501e-05,0.371888591869667
PG,Keith R. Alexandra,Officer,2023-11-30,S,5167.0,153.47,792979.49,4.368778790360501e-05,0.371888591869667
VZ,Silliman Craig L.,Officer,2023-11-30,S,23380.0,38.0,888440.0,-0.0007400377548789513,0.42497716449537404
NVDA,Shoquist Debora,Officer,2023-11-29,S,1395.0,486.5,678667.5,0.0041371611893158125,2.1881444940155115
NVDA,Shoquist Debora,Officer,2023-11-29,S,100.0,487.29,48729.0,0.0041371611893158125,2.1881444940155115
NVDA,Shoquist Debora,Officer,2023-11-29,S,500.0,485.22,242610.0,0.0041371611893158125,2.1881444940155115
NVDA,Shoquist Debora,Officer,2023-11-29,S,700.0,484.36,339052.0,0.0041371611893158125,2.1881444940155115
NVDA,Shoquist Debora,Officer,2023-11-29,S,1200.0,483.28,579936.0,0.0041371611893158125,2.1881444940155115
NVDA,Shoquist Debora,Officer,2023-11-29,S,4652.0,482.38,2244031.76,0.0041371611893158125,2.1881444940155115
NVDA,Shoquist Debora,Officer,2023-11-29,S,4877.0,481.43,2347934.11,0.0041371611893158125,2.1881444940155115
NVDA,Shoquist Debora,Officer,2023-11-29,S,2000.0,480.51,961020.0,0.0041371611893158125,2.1881444940155115
NVDA,Shoquist Debora,Officer,2023-11-29,S,400.0,479.37,191748.0,0.0041371611893158125,2.1881444940155115
NVDA,Shoquist Debora,Officer,2023-11-28,S,200.0,482.84,96568.0,0.004310039566952758,2.1879427758628065
NVDA,Shoquist Debora,Officer,2023-11-27,S,3913.0,482.18,1886770.34,0.0043793884651950514,2.193742755923837
NVDA,Shoquist Debora,Officer,2023-11-28,S,2244.0,481.11,1079610.84,0.004310039566952758,2.1879427758628065
NVDA,Shoquist Debora,Officer,2023-11-28,S,1892.0,480.21,908557.32,0.004310039566952758,2.1879427758628065
NVDA,Shoquist Debora,Officer,2023-11-28,S,1500.0,478.75,718125.0,0.004310039566952758,2.1879427758628065
NVDA,Shoquist Debora,Officer,2023-11-28,S,3996.0,477.72,1908969.12,0.004310039566952758,2.1879427758628065
NVDA,Shoquist Debora,Officer,2023-11-27,S,317.0,477.71,151434.07,0.0043793884651950514,2.193742755923837
NVDA,Shoquist Debora,Officer,2023-11-27,S,2281.0,479.26,1093192.06,0.0043793884651950514,2.193742755923837
NVDA,Shoquist Debora,Officer,2023-11-27,S,1834.0,480.26,880796.84,0.0043793884651950514,2.193742755923837
NVDA,Shoquist Debora,Officer,2023-11-27,S,5185.0,481.31,2495592.35,0.0043793884651950514,2.193742755923837
NVDA,Shoquist Debora,Officer,2023-11-28,S,800.0,482.06,385648.0,0.004310039566952758,2.1879427758628065
NVDA,Shoquist Debora,Officer,2023-11-27,S,4647.0,483.4,2246359.8,0.0043793884651950514,2.193742755923837
NVDA,Shoquist Debora,Officer,2023-11-27,S,1553.0,484.21,751978.13,0.0043793884651950514,2.193742755923837
NVDA,Shoquist Debora,Officer,2023-11-27,S,270.0,485.08,130971.6,0.0043793884651950514,2.193742755923837
NVDA,Shoquist Debora,Officer,2023-11-28,S,2000.0,475.9,951800.0,0.004310039566952758,2.1879427758628065
NVDA,Shoquist Debora,Officer,2023-11-28,S,7368.0,476.74,3512620.3200000003,0.004310039566952758,2.1879427758628065
TSLA,Taneja Vaibhav,Officer,2023-11-29,S,4000.0,250.0,1000000.0,0.0011984809113445318,2.1146090152132127
META,Olivan Javier,Officer,2023-11-29,S,6077.0,339.77,2064782.29,0.004354117806128856,1.873497579774567
AAPL,KONDO CHRIS,Officer,2023-11-29,S,5513.0,192.0,1058496.0,0.000539981581632273,1.2412401025351623
META,Newstead Jennifer,Officer,2023-11-28,S,566.0,333.62,188828.92,0.004355113966865982,1.8730775078475488
HD,Bastek William D,Officer,2023-11-28,S,1612.0,313.9,506006.8,-0.0005830764190655814,0.9907076434836019
NVDA,HUDSON DAWN E,Director,2023-11-28,S,11000.0,477.77,5255470.0,0.004310039566952758,2.1879427758628065
META,Zuckerberg Mark,"Director,Officer,TenPercentOwner",2023-11-29,S,900.0,337.1,303390.0,0.004354117806128856,1.873497579774567
META,Zuckerberg Mark,"Director,Officer,TenPercentOwner",2023-11-29,S,1135.0,338.17,383822.95,0.004354117806128856,1.873497579774567
META,Zuckerberg Mark,"Director,Officer,TenPercentOwner",2023-11-29,S,1175.0,339.02,398348.5,0.004354117806128856,1.873497579774567
META,Zuckerberg Mark,"Director,Officer,TenPercentOwner",2023-11-29,S,941.0,331.97,312383.77,0.004354117806128856,1.873497579774567
META,Zuckerberg Mark,"Director,Officer,TenPercentOwner",2023-11-29,S,2622.0,332.77,872522.94,0.004354117806128856,1.873497579774567
META,Zuckerberg Mark,"Director,Officer,TenPercentOwner",2023-11-29,S,1979.0,333.74,660471.46,0.004354117806128856,1.873497579774567
META,Zuckerberg Mark,"Director,Officer,TenPercentOwner",2023-11-29,S,300.0,334.79,100437.0,0.004354117806128856,1.873497579774567
META,Zuckerberg Mark,"Director,Officer,TenPercentOwner",2023-11-29,S,255.0,337.03,85942.65,0.004354117806128856,1.873497579774567
META,Zuckerberg Mark,"Director,Officer,TenPercentOwner",2023-11-29,S,800.0,338.44,270752.0,0.004354117806128856,1.873497579774567
META,Zuckerberg Mark,"Director,Officer,TenPercentOwner",2023-11-29,S,278.0,339.38,94347.64,0.004354117806128856,1.873497579774567
META,Zuckerberg Mark,"Director,Officer,TenPercentOwner",2023-11-29,S,290.0,331.72,96198.8,0.004354117806128856,1.873497579774567
META,Zuckerberg Mark,"Director,Officer,TenPercentOwner",2023-11-29,S,1157.0,332.8,385049.6,0.004354117806128856,1.873497579774567
META,Zuckerberg Mark,"Director,Officer,TenPercentOwner",2023-11-29,S,750.0,333.64,250230.0,0.004354117806128856,1.873497579774567
META,Zuckerberg Mark,"Director,Officer,TenPercentOwner",2023-11-29,S,158.0,334.72,52885.76,0.004354117806128856,1.873497579774567
META,Zuckerberg Mark,"Director,Officer,TenPercentOwner",2023-11-29,S,100.0,336.48,33648.0,0.004354117806128856,1.873497579774567
META,Zuckerberg Mark,"Director,Officer,TenPercentOwner",2023-11-29,S,300.0,338.42,101526.0,0.004354117806128856,1.873497579774567
META,Zuckerberg Mark,"Director,Officer,TenPercentOwner",2023-11-29,S,150.0,339.56,50934.0,0.004354117806128856,1.873497579774567
META,Zuckerberg Mark,"Director,Officer,TenPercentOwner",2023-11-29,S,590.0,331.45,195555.5,0.004354117806128856,1.873497579774567
META,Zuckerberg Mark,"Director,Officer,TenPercentOwner",2023-11-29,S,5534.0,332.41,1839556.94,0.004354117806128856,1.873497579774567
META,Zuckerberg Mark,"Director,Officer,TenPercentOwner",2023-11-29,S,6478.0,333.42,2159894.76,0.004354117806128856,1.873497579774567
META,Zuckerberg Mark,"Director,Officer,TenPercentOwner",2023-11-29,S,1811.0,334.19,605218.09,0.004354117806128856,1.873497579774567
META,Zuckerberg Mark,"Director,Officer,TenPercentOwner",2023-11-29,S,306.0,335.26,102589.56,0.004354117806128856,1.873497579774567
META,Zuckerberg Mark,"Director,Officer,TenPercentOwner",2023-11-28,S,600.0,334.19,200514.0,0.004355113966865982,1.8730775078475488
META,Zuckerberg Mark,"Director,Officer,TenPercentOwner",2023-11-28,S,926.0,338.89,313812.14,0.004355113966865982,1.8730775078475488
META,Zuckerberg Mark,"Director,Officer,TenPercentOwner",2023-11-28,S,1800.0,337.33,607194.0,0.004355113966865982,1.8730775078475488
META,Zuckerberg Mark,"Director,Officer,TenPercentOwner",2023-11-28,S,7017.0,336.24,2359396.08,0.004355113966865982,1.8730775078475488
META,Zuckerberg Mark,"Director,Officer,TenPercentOwner",2023-11-28,S,5029.0,335.48,1687128.9200000002,0.004355113966865982,1.8730775078475488
META,Zuckerberg Mark,"Director,Officer,TenPercentOwner",2023-11-28,S,3157.0,334.36,1055574.52,0.004355113966865982,1.8730775078475488
META,Zuckerberg Mark,"Director,Officer,TenPercentOwner",2023-11-28,S,1600.0,334.36,534976.0,0.004355113966865982,1.8730775078475488
META,Zuckerberg Mark,"Director,Officer,TenPercentOwner",2023-11-28,S,800.0,335.38,268304.0,0.004355113966865982,1.8730775078475488
META,Zuckerberg Mark,"Director,Officer,TenPercentOwner",2023-11-28,S,1169.0,336.19,393006.11,0.004355113966865982,1.8730775078475488
META,Zuckerberg Mark,"Director,Officer,TenPercentOwner",2023-11-28,S,300.0,337.22,101166.0,0.004355113966865982,1.8730775078475488
META,Zuckerberg Mark,"Director,Officer,TenPercentOwner",2023-11-28,S,312.0,338.88,105730.56,0.004355113966865982,1.8730775078475488
META,Zuckerberg Mark,"Director,Officer,TenPercentOwner",2023-11-28,S,36.0,338.39,12182.04,0.004355113966865982,1.8730775078475488
META,Zuckerberg Mark,"Director,Officer,TenPercentOwner",2023-11-28,S,1438.0,335.49,482434.62,0.004355113966865982,1.8730775078475488
META,Zuckerberg Mark,"Director,Officer,TenPercentOwner",2023-11-28,S,3025.0,336.22,1017065.5,0.004355113966865982,1.8730775078475488
META,Zuckerberg Mark,"Director,Officer,TenPercentOwner",2023-11-28,S,800.0,337.27,269816.0,0.004355113966865982,1.8730775078475488
META,Zuckerberg Mark,"Director,Officer,TenPercentOwner",2023-11-27,S,1101.0,338.95,373183.95,0.004375637743032974,1.874332474016676
META,Zuckerberg Mark,"Director,Officer,TenPercentOwner",2023-11-27,S,560.0,338.05,189308.0,0.004375637743032974,1.874332474016676
META,Zuckerberg Mark,"Director,Officer,TenPercentOwner",2023-11-27,S,208.0,336.72,70037.76000000001,0.004375637743032974,1.874332474016676
META,Zuckerberg Mark,"Director,Officer,TenPercentOwner",2023-11-27,S,200.0,335.82,67164.0,0.004375637743032974,1.874332474016676
META,Zuckerberg Mark,"Director,Officer,TenPercentOwner",2023-11-27,S,486.0,334.84,162732.24,0.004375637743032974,1.874332474016676
META,Zuckerberg Mark,"Director,Officer,TenPercentOwner",2023-11-27,S,200.0,339.77,67954.0,0.004375637743032974,1.874332474016676
META,Zuckerberg Mark,"Director,Officer,TenPercentOwner",2023-11-27,S,3124.0,339.09,1059317.16,0.004375637743032974,1.874332474016676
META,Zuckerberg Mark,"Director,Officer,TenPercentOwner",2023-11-27,S,1311.0,338.16,443327.76,0.004375637743032974,1.874332474016676
META,Zuckerberg Mark,"Director,Officer,TenPercentOwner",2023-11-27,S,800.0,337.08,269664.0,0.004375637743032974,1.874332474016676
META,Zuckerberg Mark,"Director,Officer,TenPercentOwner",2023-11-27,S,528.0,335.77,177286.56,0.004375637743032974,1.874332474016676
META,Zuckerberg Mark,"Director,Officer,TenPercentOwner",2023-11-27,S,1212.0,334.85,405838.2,0.004375637743032974,1.874332474016676
META,Zuckerberg Mark,"Director,Officer,TenPercentOwner",2023-11-27,S,416.0,339.67,141302.72,0.004375637743032974,1.874332474016676
META,Zuckerberg Mark,"Director,Officer,TenPercentOwner",2023-11-27,S,8052.0,339.09,2730352.68,0.004375637743032974,1.874332474016676
META,Zuckerberg Mark,"Director,Officer,TenPercentOwner",2023-11-27,S,3514.0,338.03,1187837.42,0.004375637743032974,1.874332474016676
META,Zuckerberg Mark,"Director,Officer,TenPercentOwner",2023-11-27,S,1555.0,336.92,523910.6,0.004375637743032974,1.874332474016676
META,Zuckerberg Mark,"Director,Officer,TenPercentOwner",2023-11-27,S,1700.0,335.69,570673.0,0.004375637743032974,1.874332474016676
META,Zuckerberg Mark,"Director,Officer,TenPercentOwner",2023-11-27,S,2692.0,334.83,901362.36,0.004375637743032974,1.874332474016676
META,Zuckerberg Mark,"Director,Officer,TenPercentOwner",2023-11-27,S,350.0,339.56,118846.0,0.004375637743032974,1.874332474016676
NVDA,Dabiri John,Director,2023-11-24,S,218.0,484.99,105727.82,0.004409896998078126,2.1868304223615307
NVDA,STEVENS MARK A,Director,2023-11-24,S,280.0,482.0,134960.0,0.004409896998078126,2.1868304223615307
NVDA,STEVENS MARK A,Director,2023-11-27,S,10000.0,483.18,4831800.0,0.0043793884651950514,2.193742755923837
NVDA,Shoquist Debora,Officer,2023-11-27,S,1834.0,480.26,880796.84,0.0043793884651950514,2.193742755923837
NVDA,Shoquist Debora,Officer,2023-11-27,S,2281.0,479.26,1093192.06,0.0043793884651950514,2.193742755923837
NVDA,Shoquist Debora,Officer,2023-11-27,S,317.0,477.71,151434.07,0.0043793884651950514,2.193742755923837
NVDA,Shoquist Debora,Officer,2023-11-28,S,200.0,482.84,96568.0,0.004310039566952758,2.1879427758628065
NVDA,Shoquist Debora,Officer,2023-11-28,S,800.0,482.06,385648.0,0.004310039566952758,2.1879427758628065
NVDA,Shoquist Debora,Officer,2023-11-28,S,2244.0,481.11,1079610.84,0.004310039566952758,2.1879427758628065
NVDA,Shoquist Debora,Officer,2023-11-28,S,1892.0,480.21,908557.32,0.004310039566952758,2.1879427758628065
NVDA,Shoquist Debora,Officer,2023-11-28,S,1500.0,478.75,718125.0,0.004310039566952758,2.1879427758628065
NVDA,Shoquist Debora,Officer,2023-11-28,S,3996.0,477.72,1908969.12,0.004310039566952758,2.1879427758628065
NVDA,Shoquist Debora,Officer,2023-11-28,S,7368.0,476.74,3512620.3200000003,0.004310039566952758,2.1879427758628065
NVDA,Shoquist Debora,Officer,2023-11-28,S,2000.0,475.9,951800.0,0.004310039566952758,2.1879427758628065
NVDA,Shoquist Debora,Officer,2023-11-27,S,270.0,485.08,130971.6,0.0043793884651950514,2.193742755923837
NVDA,Shoquist Debora,Officer,2023-11-27,S,1553.0,484.21,751978.13,0.0043793884651950514,2.193742755923837
NVDA,Shoquist Debora,Officer,2023-11-27,S,4647.0,483.4,2246359.8,0.0043793884651950514,2.193742755923837
NVDA,Shoquist Debora,Officer,2023-11-27,S,5185.0,481.31,2495592.35,0.0043793884651950514,2.193742755923837
NVDA,Shoquist Debora,Officer,2023-11-27,S,3913.0,482.18,1886770.34,0.0043793884651950514,2.193742755923837
PYPL,Alford Peggy,Officer,2023-11-27,S,15000.0,56.76,851400.0,-0.0018629072647876723,1.346522057486216
META,Zuckerberg Mark,"Director,Officer,TenPercentOwner",2023-11-24,S,300.0,341.46,102438.0,0.004436904220362434,1.86737601989765
META,Zuckerberg Mark,"Director,Officer,TenPercentOwner",2023-11-24,S,1600.0,340.2,544320.0,0.004436904220362434,1.86737601989765
META,Zuckerberg Mark,"Director,Officer,TenPercentOwner",2023-11-24,S,4100.0,339.54,1392114.0,0.004436904220362434,1.86737601989765
META,Zuckerberg Mark,"Director,Officer,TenPercentOwner",2023-11-24,S,5029.0,338.28,1701210.12,0.004436904220362434,1.86737601989765
META,Zuckerberg Mark,"Director,Officer,TenPercentOwner",2023-11-24,S,6900.0,337.5,2328750.0,0.004436904220362434,1.86737601989765
META,Zuckerberg Mark,"Director,Officer,TenPercentOwner",2023-11-24,S,1000.0,340.12,340120.0,0.004436904220362434,1.86737601989765
META,Zuckerberg Mark,"Director,Officer,TenPercentOwner",2023-11-24,S,1224.0,339.5,415548.0,0.004436904220362434,1.86737601989765
META,Zuckerberg Mark,"Director,Officer,TenPercentOwner",2023-11-24,S,3231.0,337.56,1090656.36,0.004436904220362434,1.86737601989765
META,Zuckerberg Mark,"Director,Officer,TenPercentOwner",2023-11-24,S,1520.0,338.47,514474.4,0.004436904220362434,1.86737601989765
META,Zuckerberg Mark,"Director,Officer,TenPercentOwner",2023-11-24,S,500.0,338.73,169365.0,0.004436904220362434,1.86737601989765
META,Zuckerberg Mark,"Director,Officer,TenPercentOwner",2023-11-24,S,50.0,341.74,17087.0,0.004436904220362434,1.86737601989765
META,Zuckerberg Mark,"Director,Officer,TenPercentOwner",2023-11-24,S,1505.0,337.62,508118.1,0.004436904220362434,1.86737601989765
META,Zuckerberg Mark,"Director,Officer,TenPercentOwner",2023-11-24,S,750.0,339.8,254850.0,0.004436904220362434,1.86737601989765
META,Zuckerberg Mark,"Director,Officer,TenPercentOwner",2023-11-24,S,100.0,340.59,34059.0,0.004436904220362434,1.86737601989765
META,Zuckerberg Mark,"Director,Officer,TenPercentOwner",2023-11-24,S,200.0,341.57,68314.0,0.004436904220362434,1.86737601989765
META,Zuckerberg Mark,"Director,Officer,TenPercentOwner",2023-11-22,S,689.0,342.02,235651.78,0.0044189470563525575,1.8633209834138087
META,Zuckerberg Mark,"Director,Officer,TenPercentOwner",2023-11-22,S,1745.0,341.32,595603.4,0.0044189470563525575,1.8633209834138087
META,Zuckerberg Mark,"Director,Officer,TenPercentOwner",2023-11-22,S,9487.0,341.68,3241518.16,0.0044189470563525575,1.8633209834138087
META,Zuckerberg Mark,"Director,Officer,TenPercentOwner",2023-11-22,S,1301.0,339.8,442079.8,0.0044189470563525575,1.8633209834138087
META,Zuckerberg Mark,"Director,Officer,TenPercentOwner",2023-11-22,S,6440.0,340.95,2195718.0,0.0044189470563525575,1.8633209834138087
META,Zuckerberg Mark,"Director,Officer,TenPercentOwner",2023-11-22,S,471.0,340.24,160253.04,0.0044189470563525575,1.8633209834138087
META,Zuckerberg Mark,"Director,Officer,TenPercentOwner",2023-11-22,S,701.0,342.52,240106.52,0.0044189470563525575,1.8633209834138087
META,Zuckerberg Mark,"Director,Officer,TenPercentOwner",2023-11-22,S,500.0,339.6,169800.0,0.0044189470563525575,1.8633209834138087
META,Zuckerberg Mark,"Director,Officer,TenPercentOwner",2023-11-22,S,2345.0,340.92,799457.4,0.0044189470563525575,1.8633209834138087
META,Zuckerberg Mark,"Director,Officer,TenPercentOwner",2023-11-22,S,3622.0,341.64,1237420.0799999998,0.0044189470563525575,1.8633209834138087
META,Zuckerberg Mark,"Director,Officer,TenPercentOwner",2023-11-22,S,708.0,342.35,242383.8,0.0044189470563525575,1.8633209834138087
HD,Campbell Ann Marie,Officer,2023-11-22,S,127.0,307.07,38997.89,-0.0006111244060651876,0.9832644131494637
AMZN,Jassy Andrew R,"Director,Officer",2023-11-21,S,626.0,143.8,90018.8,0.000997176562802136,1.5598073340710934
AMZN,Jassy Andrew R,"Director,Officer",2023-11-21,S,11759.0,143.05,1682124.9500000002,0.000997176562802136,1.5598073340710934
AMZN,Jassy Andrew R,"Director,Officer",2023-11-21,S,9548.0,142.1,1356770.8,0.000997176562802136,1.5598073340710934
AMZN,Herrington Douglas J,Officer,2023-11-21,S,8480.0,143.08,1213318.4,0.000997176562802136,1.5598073340710934
AMZN,Herrington Douglas J,Officer,2023-11-21,S,1000.0,143.74,143740.0,0.000997176562802136,1.5598073340710934
AMZN,Zapolsky David,Officer,2023-11-22,S,18440.0,145.0,2673800.0,0.0011029580423378954,1.572603578490948
AMZN,Zapolsky David,Officer,2023-11-21,S,800.0,143.71,114968.0,0.000997176562802136,1.5598073340710934
AMZN,Zapolsky David,Officer,2023-11-21,S,5920.0,143.08,847033.6000000001,0.000997176562802136,1.5598073340710934
AMZN,Olsavsky Brian T,Officer,2023-11-21,S,16800.0,143.76,2415168.0,0.000997176562802136,1.5598073340710934
AMZN,Selipsky Adam,Officer,2023-11-21,S,1724.0,143.27,246997.48,0.000997176562802136,1.5598073340710934
AMZN,Selipsky Adam,Officer,2023-11-21,S,1777.0,142.26,252796.02,0.000997176562802136,1.5598073340710934
AMZN,Selipsky Adam,Officer,2023-11-21,S,103.0,143.82,14813.46,0.000997176562802136,1.5598073340710934
AMZN,Selipsky Adam,Officer,2023-11-22,S,500.0,144.68,72340.0,0.0011029580423378954,1.572603578490948
AMZN,Reynolds Shelley,Officer,2023-11-21,S,271.0,143.77,38961.670000000006,0.000997176562802136,1.5598073340710934
AMZN,Reynolds Shelley,Officer,2023-11-21,S,2849.0,143.13,407777.37,0.000997176562802136,1.5598073340710934
META,Zuckerberg Mark,"Director,Officer,TenPercentOwner",2023-11-21,S,1151.0,338.67,389809.17,0.0043277471235772524,1.85075667753773
META,Zuckerberg Mark,"Director,Officer,TenPercentOwner",2023-11-21,S,351.0,339.37,119118.87,0.0043277471235772524,1.85075667753773
META,Zuckerberg Mark,"Director,Officer,TenPercentOwner",2023-11-21,S,701.0,337.85,236832.85,0.0043277471235772524,1.85075667753773
META,Zuckerberg Mark,"Director,Officer,TenPercentOwner",2023-11-21,S,702.0,336.49,236215.98,0.0043277471235772524,1.85075667753773
META,Zuckerberg Mark,"Director,Officer,TenPercentOwner",2023-11-21,S,100.0,339.5,33950.0,0.0043277471235772524,1.85075667753773
META,Zuckerberg Mark,"Director,Officer,TenPercentOwner",2023-11-21,S,2868.0,338.89,971936.52,0.0043277471235772524,1.85075667753773
META,Zuckerberg Mark,"Director,Officer,TenPercentOwner",2023-11-21,S,2420.0,338.09,818177.7999999999,0.0043277471235772524,1.85075667753773
META,Zuckerberg Mark,"Director,Officer,TenPercentOwner",2023-11-21,S,1787.0,336.49,601307.63,0.0043277471235772524,1.85075667753773
META,Zuckerberg Mark,"Director,Officer,TenPercentOwner",2023-11-21,S,1461.0,339.32,495746.52,0.0043277471235772524,1.85075667753773
META,Zuckerberg Mark,"Director,Officer,TenPercentOwner",2023-11-21,S,8180.0,338.64,2770075.2,0.0043277471235772524,1.85075667753773
META,Zuckerberg Mark,"Director,Officer,TenPercentOwner",2023-11-21,S,3940.0,337.81,1330971.4,0.0043277471235772524,1.85075667753773
META,Zuckerberg Mark,"Director,Officer,TenPercentOwner",2023-11-21,S,4348.0,336.53,1463232.44,0.0043277471235772524,1.85075667753773
META,Zuckerberg Mark,"Director,Officer,TenPercentOwner",2023-11-20,S,350.0,337.83,118240.5,0.004263828618488584,1.8556118091381482
META,Zuckerberg Mark,"Director,Officer,TenPercentOwner",2023-11-20,S,1282.0,338.79,434328.78,0.004263828618488584,1.8556118091381482
META,Zuckerberg Mark,"Director,Officer,TenPercentOwner",2023-11-20,S,150.0,340.74,51111.0,0.004263828618488584,1.8556118091381482
META,Zuckerberg Mark,"Director,Officer,TenPercentOwner",2023-11-20,S,1023.0,339.67,347482.41000000003,0.004263828618488584,1.8556118091381482
META,Zuckerberg Mark,"Director,Officer,TenPercentOwner",2023-11-20,S,200.0,341.07,68214.0,0.004263828618488584,1.8556118091381482
META,Zuckerberg Mark,"Director,Officer,TenPercentOwner",2023-11-20,S,100.0,336.02,33602.0,0.004263828618488584,1.8556118091381482
META,Zuckerberg Mark,"Director,Officer,TenPercentOwner",2023-11-20,S,87.0,341.77,29733.99,0.004263828618488584,1.8556118091381482
META,Zuckerberg Mark,"Director,Officer,TenPercentOwner",2023-11-20,S,100.0,335.21,33521.0,0.004263828618488584,1.8556118091381482
META,Zuckerberg Mark,"Director,Officer,TenPercentOwner",2023-11-20,S,100.0,336.71,33671.0,0.004263828618488584,1.8556118091381482
META,Zuckerberg Mark,"Director,Officer,TenPercentOwner",2023-11-20,S,2300.0,338.35,778205.0,0.004263828618488584,1.8556118091381482
META,Zuckerberg Mark,"Director,Officer,TenPercentOwner",2023-11-20,S,3200.0,339.22,1085504.0,0.004263828618488584,1.8556118091381482
META,Zuckerberg Mark,"Director,Officer,TenPercentOwner",2023-11-20,S,1275.0,340.01,433512.75,0.004263828618488584,1.8556118091381482
META,Zuckerberg Mark,"Director,Officer,TenPercentOwner",2023-11-20,S,865.0,340.94,294913.1,0.004263828618488584,1.8556118091381482
META,Zuckerberg Mark,"Director,Officer,TenPercentOwner",2023-11-20,S,5281.0,339.76,1794272.56,0.004263828618488584,1.8556118091381482
META,Zuckerberg Mark,"Director,Officer,TenPercentOwner",2023-11-20,S,8384.0,338.9,2841337.6,0.004263828618488584,1.8556118091381482
META,Zuckerberg Mark,"Director,Officer,TenPercentOwner",2023-11-20,S,2687.0,338.08,908420.96,0.004263828618488584,1.8556118091381482
META,Zuckerberg Mark,"Director,Officer,TenPercentOwner",2023-11-20,S,400.0,336.51,134604.0,0.004263828618488584,1.8556118091381482
META,Zuckerberg Mark,"Director,Officer,TenPercentOwner",2023-11-20,S,225.0,335.03,75381.75,0.004263828618488584,1.8556118091381482
META,Newstead Jennifer,Officer,2023-11-21,S,566.0,338.48,191579.68,0.0043277471235772524,1.85075667753773
META,Cox Christopher K,Officer,2023-11-20,S,10000.0,340.02,3400200.0,0.004263828618488584,1.8556118091381482
PYPL,Auerbach Jonathan,Officer,2023-11-21,S,62229.0,55.54,3456198.66,-0.0018857384644050065,1.3211606839787797
PYPL,Auerbach Jonathan,Officer,2023-11-21,S,2728.0,56.48,154077.44,-0.0018857384644050065,1.3211606839787797
V,Taneja Rajat,Officer,2023-11-22,S,7811.0,253.17,1977510.87,0.00023865585978377277,0.8075019027635374
META,Zuckerberg Mark,"Director,Officer,TenPercentOwner",2023-11-17,S,1610.0,332.04,534584.4,0.004258988814265146,1.8559383913199894
META,Zuckerberg Mark,"Director,Officer,TenPercentOwner",2023-11-17,S,5211.0,333.14,1735992.54,0.004258988814265146,1.8559383913199894
META,Zuckerberg Mark,"Director,Officer,TenPercentOwner",2023-11-17,S,6219.0,333.99,2077083.81,0.004258988814265146,1.8559383913199894
META,Zuckerberg Mark,"Director,Officer,TenPercentOwner",2023-11-17,S,4257.0,334.91,1425711.87,0.004258988814265146,1.8559383913199894
META,Zuckerberg Mark,"Director,Officer,TenPercentOwner",2023-11-17,S,100.0,329.72,32972.0,0.004258988814265146,1.8559383913199894
META,Zuckerberg Mark,"Director,Officer,TenPercentOwner",2023-11-17,S,700.0,331.99,232393.0,0.004258988814265146,1.8559383913199894
META,Zuckerberg Mark,"Director,Officer,TenPercentOwner",2023-11-17,S,1750.0,333.0,582750.0,0.004258988814265146,1.8559383913199894
META,Zuckerberg Mark,"Director,Officer,TenPercentOwner",2023-11-17,S,2400.0,333.82,801168.0,0.004258988814265146,1.8559383913199894
META,Zuckerberg Mark,"Director,Officer,TenPercentOwner",2023-11-17,S,2178.0,334.8,729194.4,0.004258988814265146,1.8559383913199894
META,Zuckerberg Mark,"Director,Officer,TenPercentOwner",2023-11-17,S,47.0,335.41,15764.27,0.004258988814265146,1.8559383913199894
META,Zuckerberg Mark,"Director,Officer,TenPercentOwner",2023-11-17,S,104.0,330.91,34414.64,0.004258988814265146,1.8559383913199894
META,Zuckerberg Mark,"Director,Officer,TenPercentOwner",2023-11-17,S,400.0,332.33,132932.0,0.004258988814265146,1.8559383913199894
META,Zuckerberg Mark,"Director,Officer,TenPercentOwner",2023-11-17,S,1000.0,333.41,333410.0,0.004258988814265146,1.8559383913199894
META,Zuckerberg Mark,"Director,Officer,TenPercentOwner",2023-11-17,S,1144.0,334.35,382496.4,0.004258988814265146,1.8559383913199894
META,Zuckerberg Mark,"Director,Officer,TenPercentOwner",2023-11-17,S,257.0,335.03,86102.70999999999,0.004258988814265146,1.8559383913199894
META,Zuckerberg Mark,"Director,Officer,TenPercentOwner",2023-11-17,S,208.0,329.86,68610.88,0.004258988814265146,1.8559383913199894
META,Zuckerberg Mark,"Director,Officer,TenPercentOwner",2023-11-17,S,424.0,330.84,140276.16,0.004258988814265146,1.8559383913199894
META,Zuckerberg Mark,"Director,Officer,TenPercentOwner",2023-11-16,S,1101.0,330.02,363352.02,0.0041561154053335785,1.8530854402702497
META,Zuckerberg Mark,"Director,Officer,TenPercentOwner",2023-11-16,S,1100.0,331.22,364342.00000000006,0.0041561154053335785,1.8530854402702497
META,Zuckerberg Mark,"Director,Officer,TenPercentOwner",2023-11-16,S,987.0,332.24,327920.88,0.0041561154053335785,1.8530854402702497
META,Zuckerberg Mark,"Director,Officer,TenPercentOwner",2023-11-16,S,1092.0,333.27,363930.84,0.0041561154053335785,1.8530854402702497
META,Zuckerberg Mark,"Director,Officer,TenPercentOwner",2023-11-16,S,593.0,334.14,198145.02,0.0041561154053335785,1.8530854402702497
META,Zuckerberg Mark,"Director,Officer,TenPercentOwner",2023-11-16,S,200.0,327.26,65452.0,0.0041561154053335785,1.8530854402702497
META,Zuckerberg Mark,"Director,Officer,TenPercentOwner",2023-11-16,S,501.0,328.6,164628.6,0.0041561154053335785,1.8530854402702497
META,Zuckerberg Mark,"Director,Officer,TenPercentOwner",2023-11-16,S,400.0,329.62,131848.0,0.0041561154053335785,1.8530854402702497
META,Zuckerberg Mark,"Director,Officer,TenPercentOwner",2023-11-16,S,450.0,330.47,148711.5,0.0041561154053335785,1.8530854402702497
META,Zuckerberg Mark,"Director,Officer,TenPercentOwner",2023-11-16,S,450.0,331.53,149188.5,0.0041561154053335785,1.8530854402702497
META,Zuckerberg Mark,"Director,Officer,TenPercentOwner",2023-11-16,S,485.0,332.92,161466.2,0.0041561154053335785,1.8530854402702497
META,Zuckerberg Mark,"Director,Officer,TenPercentOwner",2023-11-16,S,369.0,333.81,123175.89,0.0041561154053335785,1.8530854402702497
META,Zuckerberg Mark,"Director,Officer,TenPercentOwner",2023-11-16,S,50.0,334.37,16718.5,0.0041561154053335785,1.8530854402702497
META,Zuckerberg Mark,"Director,Officer,TenPercentOwner",2023-11-16,S,909.0,327.28,297497.52,0.0041561154053335785,1.8530854402702497
META,Zuckerberg Mark,"Director,Officer,TenPercentOwner",2023-11-16,S,2376.0,328.41,780302.16,0.0041561154053335785,1.8530854402702497
META,Zuckerberg Mark,"Director,Officer,TenPercentOwner",2023-11-16,S,3899.0,329.58,1285032.42,0.0041561154053335785,1.8530854402702497
META,Zuckerberg Mark,"Director,Officer,TenPercentOwner",2023-11-16,S,1996.0,330.5,659678.0,0.0041561154053335785,1.8530854402702497
META,Zuckerberg Mark,"Director,Officer,TenPercentOwner",2023-11-16,S,3013.0,331.51,998839.63,0.0041561154053335785,1.8530854402702497
META,Zuckerberg Mark,"Director,Officer,TenPercentOwner",2023-11-16,S,2165.0,332.53,719927.45,0.0041561154053335785,1.8530854402702497
META,Zuckerberg Mark,"Director,Officer,TenPercentOwner",2023-11-16,S,2555.0,333.44,851939.2,0.0041561154053335785,1.8530854402702497
META,Zuckerberg Mark,"Director,Officer,TenPercentOwner",2023-11-16,S,1016.0,334.19,339537.04,0.0041561154053335785,1.8530854402702497
META,Zuckerberg Mark,"Director,Officer,TenPercentOwner",2023-11-16,S,200.0,326.82,65364.0,0.0041561154053335785,1.8530854402702497
META,Zuckerberg Mark,"Director,Officer,TenPercentOwner",2023-11-16,S,700.0,327.93,229551.0,0.0041561154053335785,1.8530854402702497
META,Zuckerberg Mark,"Director,Officer,TenPercentOwner",2023-11-16,S,1402.0,329.12,461426.24,0.0041561154053335785,1.8530854402702497
AAPL,Adams Katherine L.,Officer,2023-11-17,S,123448.0,188.79,23305747.92,0.00031354758038506413,1.2654601845171007
V,Taneja Rajat,Officer,2023-11-17,S,9200.0,250.01,2300092.0,0.0002133856081975959,0.8197652045212176
META,Olivan Javier,Officer,2023-11-15,S,7634.0,336.31,2567390.54,0.004073858763927119,1.863188093134965
META,Clegg Nicholas,Officer,2023-11-15,S,2145.0,336.31,721384.95,0.004073858763927119,1.863188093134965
META,Clegg Nicholas,Officer,2023-11-16,S,7276.0,329.1,2394531.6,0.0041561154053335785,1.8530854402702497
META,Bosworth Andrew,Officer,2023-11-15,S,8031.0,336.31,2700905.61,0.004073858763927119,1.863188093134965
META,Bosworth Andrew,Officer,2023-11-16,S,1923.0,328.97,632609.31,0.0041561154053335785,1.8530854402702497
META,Bosworth Andrew,Officer,2023-11-16,S,4276.0,327.29,1399492.04,0.0041561154053335785,1.8530854402702497
META,Bosworth Andrew,Officer,2023-11-16,S,4724.0,328.05,1549708.2,0.0041561154053335785,1.8530854402702497
META,LI SUSAN J,Officer,2023-11-15,S,5292.0,336.31,1779752.52,0.004073858763927119,1.863188093134965
META,LI SUSAN J,Officer,2023-11-16,S,17660.0,329.1,5811906.0,0.0041561154053335785,1.8530854402702497
META,LI SUSAN J,Officer,2023-11-15,S,5350.0,336.31,1799258.5,0.004073858763927119,1.863188093134965
META,Newstead Jennifer,Officer,2023-11-16,S,566.0,329.1,186270.6,0.0041561154053335785,1.8530854402702497
HD,Scardino Kimberly R,Officer,2023-11-15,S,1375.0,306.51,421451.25,-0.000409463249876922,0.9848777489877771
AMZN,Selipsky Adam,Officer,2023-11-15,S,1661.0,145.43,241559.23,0.0008309159864467557,1.570172989205232
AMZN,Selipsky Adam,Officer,2023-11-15,S,3947.0,143.61,566828.67,0.0008309159864467557,1.570172989205232
AMZN,Selipsky Adam,Officer,2023-11-16,S,500.0,140.96,70480.0,0.0008286172600578324,1.5677812472018087
AMZN,Selipsky Adam,Officer,2023-11-15,S,919.0,146.87,134973.53,0.0008309159864467557,1.570172989205232
AMZN,Selipsky Adam,Officer,2023-11-15,S,4229.0,144.69,611894.01,0.0008309159864467557,1.570172989205232
AMZN,Herrington Douglas J,Officer,2023-11-15,S,3864.0,147.06,568239.84,0.0008309159864467557,1.570172989205232
AMZN,Huttenlocher Daniel P,Director,2023-11-17,S,1237.0,142.83,176680.71000000002,0.000903137364428424,1.5617376993637906
PG,Keith R. Alexandra,Officer,2023-11-14,S,19661.0,153.47,3017373.67,0.00012582203894296665,0.41599969229601325
PG,Keith R. Alexandra,Officer,2023-11-14,S,4122.0,153.47,632603.34,0.00012582203894296665,0.41599969229601325
META,Zuckerberg Mark,"Director,Officer,TenPercentOwner",2023-11-15,S,6525.0,332.96,2172564.0,0.004073858763927119,1.863188093134965
META,Zuckerberg Mark,"Director,Officer,TenPercentOwner",2023-11-15,S,1903.0,332.27,632309.8099999999,0.004073858763927119,1.863188093134965
META,Zuckerberg Mark,"Director,Officer,TenPercentOwner",2023-11-15,S,3753.0,335.05,1257442.65,0.004073858763927119,1.863188093134965
META,Zuckerberg Mark,"Director,Officer,TenPercentOwner",2023-11-15,S,1100.0,336.1,369710.0,0.004073858763927119,1.863188093134965
META,Zuckerberg Mark,"Director,Officer,TenPercentOwner",2023-11-15,S,800.0,336.97,269576.0,0.004073858763927119,1.863188093134965
META,Zuckerberg Mark,"Director,Officer,TenPercentOwner",2023-11-15,S,100.0,338.25,33825.0,0.004073858763927119,1.863188093134965
META,Zuckerberg Mark,"Director,Officer,TenPercentOwner",2023-11-15,S,300.0,330.53,99159.0,0.004073858763927119,1.863188093134965
META,Zuckerberg Mark,"Director,Officer,TenPercentOwner",2023-11-15,S,1415.0,332.48,470459.2,0.004073858763927119,1.863188093134965
META,Zuckerberg Mark,"Director,Officer,TenPercentOwner",2023-11-15,S,2320.0,333.2,773024.0,0.004073858763927119,1.863188093134965
META,Zuckerberg Mark,"Director,Officer,TenPercentOwner",2023-11-15,S,1338.0,334.31,447306.78,0.004073858763927119,1.863188093134965
META,Zuckerberg Mark,"Director,Officer,TenPercentOwner",2023-11-15,S,1202.0,335.31,403042.62,0.004073858763927119,1.863188093134965
META,Zuckerberg Mark,"Director,Officer,TenPercentOwner",2023-11-15,S,600.0,336.63,201978.0,0.004073858763927119,1.863188093134965
META,Zuckerberg Mark,"Director,Officer,TenPercentOwner",2023-11-15,S,100.0,331.05,33105.0,0.004073858763927119,1.863188093134965
META,Zuckerberg Mark,"Director,Officer,TenPercentOwner",2023-11-15,S,1117.0,332.75,371681.75,0.004073858763927119,1.863188093134965
META,Zuckerberg Mark,"Director,Officer,TenPercentOwner",2023-11-15,S,612.0,333.77,204267.24,0.004073858763927119,1.863188093134965
META,Zuckerberg Mark,"Director,Officer,TenPercentOwner",2023-11-15,S,476.0,334.64,159288.63999999998,0.004073858763927119,1.863188093134965
META,Zuckerberg Mark,"Director,Officer,TenPercentOwner",2023-11-15,S,400.0,335.55,134220.0,0.004073858763927119,1.863188093134965
META,Zuckerberg Mark,"Director,Officer,TenPercentOwner",2023-11-15,S,200.0,336.75,67350.0,0.004073858763927119,1.863188093134965
META,Zuckerberg Mark,"Director,Officer,TenPercentOwner",2023-11-15,S,522.0,330.58,172562.75999999998,0.004073858763927119,1.863188093134965
META,Zuckerberg Mark,"Director,Officer,TenPercentOwner",2023-11-15,S,3226.0,334.03,1077580.78,0.004073858763927119,1.863188093134965
META,Zuckerberg Mark,"Director,Officer,TenPercentOwner",2023-11-14,S,893.0,336.54,300530.22000000003,0.004110986143164502,1.8670569386439972
META,Zuckerberg Mark,"Director,Officer,TenPercentOwner",2023-11-14,S,2143.0,334.18,716147.74,0.004110986143164502,1.8670569386439972
META,Zuckerberg Mark,"Director,Officer,TenPercentOwner",2023-11-14,S,6523.0,334.94,2184813.62,0.004110986143164502,1.8670569386439972
META,Zuckerberg Mark,"Director,Officer,TenPercentOwner",2023-11-14,S,5318.0,336.01,1786901.18,0.004110986143164502,1.8670569386439972
META,Zuckerberg Mark,"Director,Officer,TenPercentOwner",2023-11-14,S,3845.0,336.87,1295265.15,0.004110986143164502,1.8670569386439972
META,Zuckerberg Mark,"Director,Officer,TenPercentOwner",2023-11-14,S,100.0,337.82,33782.0,0.004110986143164502,1.8670569386439972
META,Zuckerberg Mark,"Director,Officer,TenPercentOwner",2023-11-14,S,150.0,337.17,50575.5,0.004110986143164502,1.8670569386439972
META,Zuckerberg Mark,"Director,Officer,TenPercentOwner",2023-11-14,S,2094.0,334.47,700380.18,0.004110986143164502,1.8670569386439972
META,Zuckerberg Mark,"Director,Officer,TenPercentOwner",2023-11-14,S,1951.0,335.24,654053.24,0.004110986143164502,1.8670569386439972
META,Zuckerberg Mark,"Director,Officer,TenPercentOwner",2023-11-14,S,2530.0,336.39,851066.7,0.004110986143164502,1.8670569386439972
META,Zuckerberg Mark,"Director,Officer,TenPercentOwner",2023-11-14,S,600.0,337.13,202278.0,0.004110986143164502,1.8670569386439972
META,Zuckerberg Mark,"Director,Officer,TenPercentOwner",2023-11-14,S,955.0,334.6,319543.0,0.004110986143164502,1.8670569386439972
META,Zuckerberg Mark,"Director,Officer,TenPercentOwner",2023-11-14,S,907.0,335.49,304289.43,0.004110986143164502,1.8670569386439972
META,Zuckerberg Mark,"Director,Officer,TenPercentOwner",2023-11-13,S,1159.0,326.61,378540.99,0.004208860188357499,1.8567675724312744
META,Zuckerberg Mark,"Director,Officer,TenPercentOwner",2023-11-13,S,1000.0,327.54,327540.0,0.004208860188357499,1.8567675724312744
META,Zuckerberg Mark,"Director,Officer,TenPercentOwner",2023-11-13,S,1000.0,328.5,328500.0,0.004208860188357499,1.8567675724312744
META,Zuckerberg Mark,"Director,Officer,TenPercentOwner",2023-11-13,S,3456.0,329.72,1139512.32,0.004208860188357499,1.8567675724312744
META,Zuckerberg Mark,"Director,Officer,TenPercentOwner",2023-11-13,S,8613.0,330.6,2847457.8000000003,0.004208860188357499,1.8567675724312744
META,Zuckerberg Mark,"Director,Officer,TenPercentOwner",2023-11-13,S,2701.0,331.66,895813.66,0.004208860188357499,1.8567675724312744
META,Zuckerberg Mark,"Director,Officer,TenPercentOwner",2023-11-13,S,300.0,326.17,97851.0,0.004208860188357499,1.8567675724312744
META,Zuckerberg Mark,"Director,Officer,TenPercentOwner",2023-11-13,S,600.0,327.55,196530.0,0.004208860188357499,1.8567675724312744
META,Zuckerberg Mark,"Director,Officer,TenPercentOwner",2023-11-13,S,300.0,328.49,98547.0,0.004208860188357499,1.8567675724312744
META,Zuckerberg Mark,"Director,Officer,TenPercentOwner",2023-11-13,S,1509.0,329.73,497562.57,0.004208860188357499,1.8567675724312744
META,Zuckerberg Mark,"Director,Officer,TenPercentOwner",2023-11-13,S,3375.0,330.61,1115808.75,0.004208860188357499,1.8567675724312744
META,Zuckerberg Mark,"Director,Officer,TenPercentOwner",2023-11-13,S,1091.0,331.69,361873.79,0.004208860188357499,1.8567675724312744
META,Zuckerberg Mark,"Director,Officer,TenPercentOwner",2023-11-13,S,150.0,326.42,48963.0,0.004208860188357499,1.8567675724312744
META,Zuckerberg Mark,"Director,Officer,TenPercentOwner",2023-11-13,S,300.0,327.89,98367.0,0.004208860188357499,1.8567675724312744
META,Zuckerberg Mark,"Director,Officer,TenPercentOwner",2023-11-13,S,426.0,329.41,140328.66,0.004208860188357499,1.8567675724312744
META,Zuckerberg Mark,"Director,Officer,TenPercentOwner",2023-11-13,S,1428.0,330.46,471896.88,0.004208860188357499,1.8567675724312744
META,Zuckerberg Mark,"Director,Officer,TenPercentOwner",2023-11-13,S,551.0,331.39,182595.89,0.004208860188357499,1.8567675724312744
META,Zuckerberg Mark,"Director,Officer,TenPercentOwner",2023-11-13,S,50.0,332.06,16603.0,0.004208860188357499,1.8567675724312744
AAPL,KONDO CHRIS,Officer,2023-11-10,S,4806.0,184.04,884496.24,0.0003061304908182053,1.2746384448369577
MSFT,Althoff Judson,Officer,2023-11-13,S,11500.0,367.38,4224870.0,0.0009018462648801812,1.3182566052515834
META,Zuckerberg Mark,"Director,Officer,TenPercentOwner",2023-11-10,S,150.0,324.02,48603.0,0.004080875013237712,1.851576203646093
META,Zuckerberg Mark,"Director,Officer,TenPercentOwner",2023-11-10,S,250.0,324.68,81170.0,0.004080875013237712,1.851576203646093
META,Zuckerberg Mark,"Director,Officer,TenPercentOwner",2023-11-10,S,700.0,326.57,228599.0,0.004080875013237712,1.851576203646093
META,Zuckerberg Mark,"Director,Officer,TenPercentOwner",2023-11-10,S,1031.0,327.41,337559.71,0.004080875013237712,1.851576203646093
META,Zuckerberg Mark,"Director,Officer,TenPercentOwner",2023-11-10,S,225.0,328.57,73928.25,0.004080875013237712,1.851576203646093
META,Zuckerberg Mark,"Director,Officer,TenPercentOwner",2023-11-10,S,7356.0,327.21,2406956.76,0.004080875013237712,1.851576203646093
META,Zuckerberg Mark,"Director,Officer,TenPercentOwner",2023-11-10,S,2406.0,326.36,785222.16,0.004080875013237712,1.851576203646093
META,Zuckerberg Mark,"Director,Officer,TenPercentOwner",2023-11-10,S,800.0,324.48,259584.0,0.004080875013237712,1.851576203646093
META,Zuckerberg Mark,"Director,Officer,TenPercentOwner",2023-11-10,S,100.0,324.66,32466.000000000004,0.004080875013237712,1.851576203646093
META,Zuckerberg Mark,"Director,Officer,TenPercentOwner",2023-11-10,S,135.0,328.78,44385.3,0.004080875013237712,1.851576203646093
META,Zuckerberg Mark,"Director,Officer,TenPercentOwner",2023-11-10,S,2181.0,328.26,715935.0599999999,0.004080875013237712,1.851576203646093
META,Zuckerberg Mark,"Director,Officer,TenPercentOwner",2023-11-10,S,500.0,323.9,161950.0,0.004080875013237712,1.851576203646093
META,Zuckerberg Mark,"Director,Officer,TenPercentOwner",2023-11-10,S,300.0,320.04,96012.0,0.004080875013237712,1.851576203646093
META,Zuckerberg Mark,"Director,Officer,TenPercentOwner",2023-11-10,S,900.0,321.44,289296.0,0.004080875013237712,1.851576203646093
META,Zuckerberg Mark,"Director,Officer,TenPercentOwner",2023-11-10,S,1971.0,322.54,635726.3400000001,0.004080875013237712,1.851576203646093
META,Zuckerberg Mark,"Director,Officer,TenPercentOwner",2023-11-10,S,1880.0,323.48,608142.4,0.004080875013237712,1.851576203646093
META,Zuckerberg Mark,"Director,Officer,TenPercentOwner",2023-11-10,S,1000.0,322.73,322730.0,0.004080875013237712,1.851576203646093
META,Zuckerberg Mark,"Director,Officer,TenPercentOwner",2023-11-10,S,500.0,321.65,160825.0,0.004080875013237712,1.851576203646093
META,Zuckerberg Mark,"Director,Officer,TenPercentOwner",2023-11-10,S,100.0,319.72,31972.000000000004,0.004080875013237712,1.851576203646093
META,Zuckerberg Mark,"Director,Officer,TenPercentOwner",2023-11-10,S,272.0,322.96,87845.12,0.004080875013237712,1.851576203646093
META,Zuckerberg Mark,"Director,Officer,TenPercentOwner",2023-11-10,S,377.0,322.03,121405.30999999998,0.004080875013237712,1.851576203646093
META,Zuckerberg Mark,"Director,Officer,TenPercentOwner",2023-11-10,S,50.0,320.31,16015.5,0.004080875013237712,1.851576203646093
META,Zuckerberg Mark,"Director,Officer,TenPercentOwner",2023-11-10,S,1055.0,328.26,346314.3,0.004080875013237712,1.851576203646093
META,Zuckerberg Mark,"Director,Officer,TenPercentOwner",2023-11-10,S,2741.0,327.2,896855.2,0.004080875013237712,1.851576203646093
META,Zuckerberg Mark,"Director,Officer,TenPercentOwner",2023-11-10,S,1029.0,326.45,335917.05,0.004080875013237712,1.851576203646093
META,Zuckerberg Mark,"Director,Officer,TenPercentOwner",2023-11-09,S,3546.0,321.75,1140925.5,0.004122010529145843,1.838571311037765
META,Zuckerberg Mark,"Director,Officer,TenPercentOwner",2023-11-09,S,2739.0,322.52,883382.2799999999,0.004122010529145843,1.838571311037765
META,Zuckerberg Mark,"Director,Officer,TenPercentOwner",2023-11-09,S,1000.0,323.5,323500.0,0.004122010529145843,1.838571311037765
META,Zuckerberg Mark,"Director,Officer,TenPercentOwner",2023-11-09,S,2424.0,319.84,775292.1599999999,0.004122010529145843,1.838571311037765
META,Zuckerberg Mark,"Director,Officer,TenPercentOwner",2023-11-09,S,2085.0,320.76,668784.6,0.004122010529145843,1.838571311037765
META,Zuckerberg Mark,"Director,Officer,TenPercentOwner",2023-11-09,S,1300.0,321.78,418314.0,0.004122010529145843,1.838571311037765
META,Zuckerberg Mark,"Director,Officer,TenPercentOwner",2023-11-09,S,1000.0,322.68,322680.0,0.004122010529145843,1.838571311037765
META,Zuckerberg Mark,"Director,Officer,TenPercentOwner",2023-11-09,S,366.0,323.48,118393.68,0.004122010529145843,1.838571311037765
META,Zuckerberg Mark,"Director,Officer,TenPercentOwner",2023-11-09,S,800.0,319.74,255792.0,0.004122010529145843,1.838571311037765
META,Zuckerberg Mark,"Director,Officer,TenPercentOwner",2023-11-09,S,901.0,320.55,288815.55,0.004122010529145843,1.838571311037765
META,Zuckerberg Mark,"Director,Officer,TenPercentOwner",2023-11-09,S,700.0,321.74,225218.0,0.004122010529145843,1.838571311037765
META,Zuckerberg Mark,"Director,Officer,TenPercentOwner",2023-11-09,S,454.0,322.7,146505.8,0.004122010529145843,1.838571311037765
META,Zuckerberg Mark,"Director,Officer,TenPercentOwner",2023-11-09,S,50.0,323.67,16183.5,0.004122010529145843,1.838571311037765
META,Zuckerberg Mark,"Director,Officer,TenPercentOwner",2023-11-09,S,6292.0,319.83,2012370.36,0.004122010529145843,1.838571311037765
META,Zuckerberg Mark,"Director,Officer,TenPercentOwner",2023-11-09,S,4352.0,320.67,1395555.84,0.004122010529145843,1.838571311037765
MA,Mastercard Foundation,TenPercentOwner,2023-11-09,S,125816.0,389.24,48972619.84,0.0005205305418132337,0.958002782246551
MA,Mastercard Foundation,TenPercentOwner,2023-11-10,S,125817.0,389.26,48975525.42,0.00044069946642175177,0.9130325704397559
META,Zuckerberg Mark,"Director,Officer,TenPercentOwner",2023-11-08,S,727.0,316.79,230306.33,0.0045319741001470714,1.7506516829502252
META,Zuckerberg Mark,"Director,Officer,TenPercentOwner",2023-11-08,S,450.0,315.73,142078.5,0.0045319741001470714,1.7506516829502252
META,Zuckerberg Mark,"Director,Officer,TenPercentOwner",2023-11-08,S,632.0,320.66,202657.12,0.0045319741001470714,1.7506516829502252
META,Zuckerberg Mark,"Director,Officer,TenPercentOwner",2023-11-08,S,1909.0,319.85,610593.65,0.0045319741001470714,1.7506516829502252
META,Zuckerberg Mark,"Director,Officer,TenPercentOwner",2023-11-08,S,1200.0,318.57,382284.0,0.0045319741001470714,1.7506516829502252
META,Zuckerberg Mark,"Director,Officer,TenPercentOwner",2023-11-08,S,900.0,317.38,285642.0,0.0045319741001470714,1.7506516829502252
META,Zuckerberg Mark,"Director,Officer,TenPercentOwner",2023-11-08,S,1412.0,316.59,447025.08,0.0045319741001470714,1.7506516829502252
META,Zuckerberg Mark,"Director,Officer,TenPercentOwner",2023-11-08,S,1122.0,315.61,354114.42000000004,0.0045319741001470714,1.7506516829502252
META,Zuckerberg Mark,"Director,Officer,TenPercentOwner",2023-11-08,S,2264.0,320.6,725838.4,0.0045319741001470714,1.7506516829502252
META,Zuckerberg Mark,"Director,Officer,TenPercentOwner",2023-11-08,S,450.0,317.83,143023.5,0.0045319741001470714,1.7506516829502252
META,Zuckerberg Mark,"Director,Officer,TenPercentOwner",2023-11-08,S,464.0,319.08,148053.12,0.0045319741001470714,1.7506516829502252
META,Zuckerberg Mark,"Director,Officer,TenPercentOwner",2023-11-08,S,664.0,320.1,212546.4,0.0045319741001470714,1.7506516829502252
META,Zuckerberg Mark,"Director,Officer,TenPercentOwner",2023-11-08,S,150.0,320.87,48130.5,0.0045319741001470714,1.7506516829502252
META,Zuckerberg Mark,"Director,Officer,TenPercentOwner",2023-11-08,S,4004.0,316.69,1268026.76,0.0045319741001470714,1.7506516829502252
META,Zuckerberg Mark,"Director,Officer,TenPercentOwner",2023-11-08,S,2100.0,317.51,666771.0,0.0045319741001470714,1.7506516829502252
META,Zuckerberg Mark,"Director,Officer,TenPercentOwner",2023-11-08,S,2701.0,315.68,852651.68,0.0045319741001470714,1.7506516829502252
META,Zuckerberg Mark,"Director,Officer,TenPercentOwner",2023-11-08,S,2901.0,318.61,924287.61,0.0045319741001470714,1.7506516829502252
META,Zuckerberg Mark,"Director,Officer,TenPercentOwner",2023-11-08,S,3959.0,319.77,1265969.43,0.0045319741001470714,1.7506516829502252
META,Zuckerberg Mark,"Director,Officer,TenPercentOwner",2023-11-07,S,900.0,320.19,288171.0,0.0044985894107923,1.7464998046934817
META,Zuckerberg Mark,"Director,Officer,TenPercentOwner",2023-11-07,S,1355.0,319.29,432637.95,0.0044985894107923,1.7464998046934817
META,Zuckerberg Mark,"Director,Officer,TenPercentOwner",2023-11-07,S,350.0,318.08,111328.0,0.0044985894107923,1.7464998046934817
META,Zuckerberg Mark,"Director,Officer,TenPercentOwner",2023-11-07,S,100.0,316.67,31667.0,0.0044985894107923,1.7464998046934817
META,Zuckerberg Mark,"Director,Officer,TenPercentOwner",2023-11-07,S,200.0,315.84,63167.99999999999,0.0044985894107923,1.7464998046934817
META,Zuckerberg Mark,"Director,Officer,TenPercentOwner",2023-11-07,S,100.0,320.94,32094.0,0.0044985894107923,1.7464998046934817
META,Zuckerberg Mark,"Director,Officer,TenPercentOwner",2023-11-07,S,2200.0,320.16,704352.0,0.0044985894107923,1.7464998046934817
META,Zuckerberg Mark,"Director,Officer,TenPercentOwner",2023-11-07,S,3173.0,319.33,1013234.09,0.0044985894107923,1.7464998046934817
META,Zuckerberg Mark,"Director,Officer,TenPercentOwner",2023-11-07,S,802.0,318.31,255284.62,0.0044985894107923,1.7464998046934817
META,Zuckerberg Mark,"Director,Officer,TenPercentOwner",2023-11-07,S,400.0,317.24,126896.0,0.0044985894107923,1.7464998046934817
META,Zuckerberg Mark,"Director,Officer,TenPercentOwner",2023-11-07,S,500.0,316.03,158015.0,0.0044985894107923,1.7464998046934817
META,Zuckerberg Mark,"Director,Officer,TenPercentOwner",2023-11-07,S,200.0,320.7,64140.0,0.0044985894107923,1.7464998046934817
META,Zuckerberg Mark,"Director,Officer,TenPercentOwner",2023-11-07,S,7692.0,319.99,2461363.08,0.0044985894107923,1.7464998046934817
META,Zuckerberg Mark,"Director,Officer,TenPercentOwner",2023-11-07,S,6178.0,319.18,1971894.04,0.0044985894107923,1.7464998046934817
META,Zuckerberg Mark,"Director,Officer,TenPercentOwner",2023-11-07,S,1594.0,318.08,507019.52,0.0044985894107923,1.7464998046934817
META,Zuckerberg Mark,"Director,Officer,TenPercentOwner",2023-11-07,S,1065.0,315.88,336412.2,0.0044985894107923,1.7464998046934817
META,Zuckerberg Mark,"Director,Officer,TenPercentOwner",2023-11-07,S,1200.0,316.97,380364.00000000006,0.0044985894107923,1.7464998046934817
META,Newstead Jennifer,Officer,2023-11-07,S,658.0,317.0,208586.0,0.0044985894107923,1.7464998046934817
MA,DAVIS RICHARD K,Director,2023-11-09,P,1000.0,390.96,390960.0,0.0005205305418132337,0.958002782246551
MA,Mastercard Foundation,TenPercentOwner,2023-11-07,S,125816.0,388.29,48853094.64,0.000429014147615209,0.9678087073116685
MA,Mastercard Foundation,TenPercentOwner,2023-11-08,S,125816.0,390.12,49083337.92,0.0004445234037025409,0.9687534203763635
MA,Mastercard Foundation,TenPercentOwner,2023-11-06,S,125816.0,385.93,48556168.88,0.0004969850610788237,0.969879093574921
META,Zuckerberg Mark,"Director,Officer,TenPercentOwner",2023-11-06,S,50.0,317.85,15892.500000000002,0.00460963411664208,1.7761563220955583
META,Zuckerberg Mark,"Director,Officer,TenPercentOwner",2023-11-06,S,675.0,315.14,212719.5,0.00460963411664208,1.7761563220955583
META,Zuckerberg Mark,"Director,Officer,TenPercentOwner",2023-11-06,S,2899.0,316.17,916576.83,0.00460963411664208,1.7761563220955583
META,Zuckerberg Mark,"Director,Officer,TenPercentOwner",2023-11-06,S,2397.0,315.37,755941.89,0.00460963411664208,1.7761563220955583
META,Zuckerberg Mark,"Director,Officer,TenPercentOwner",2023-11-06,S,700.0,317.19,222033.0,0.00460963411664208,1.7761563220955583
META,Zuckerberg Mark,"Director,Officer,TenPercentOwner",2023-11-06,S,1480.0,316.06,467768.8,0.00460963411664208,1.7761563220955583
META,Zuckerberg Mark,"Director,Officer,TenPercentOwner",2023-11-06,S,1679.0,317.17,532528.43,0.00460963411664208,1.7761563220955583
META,Zuckerberg Mark,"Director,Officer,TenPercentOwner",2023-11-06,S,200.0,318.03,63605.99999999999,0.00460963411664208,1.7761563220955583
META,Zuckerberg Mark,"Director,Officer,TenPercentOwner",2023-11-06,S,4377.0,315.2,1379630.4,0.00460963411664208,1.7761563220955583
META,Zuckerberg Mark,"Director,Officer,TenPercentOwner",2023-11-06,S,8184.0,316.0,2586144.0,0.00460963411664208,1.7761563220955583
META,Zuckerberg Mark,"Director,Officer,TenPercentOwner",2023-11-06,S,4568.0,317.07,1448375.76,0.00460963411664208,1.7761563220955583
META,Zuckerberg Mark,"Director,Officer,TenPercentOwner",2023-11-06,S,800.0,317.8,254240.0,0.00460963411664208,1.7761563220955583
META,Zuckerberg Mark,"Director,Officer,TenPercentOwner",2023-11-03,S,3972.0,313.5,1245222.0,0.004604423151459139,1.7724241433649817
META,Zuckerberg Mark,"Director,Officer,TenPercentOwner",2023-11-03,S,550.0,313.77,172573.5,0.004604423151459139,1.7724241433649817
META,Zuckerberg Mark,"Director,Officer,TenPercentOwner",2023-11-03,S,800.0,312.91,250328.00000000003,0.004604423151459139,1.7724241433649817
META,Zuckerberg Mark,"Director,Officer,TenPercentOwner",2023-11-03,S,607.0,312.0,189384.0,0.004604423151459139,1.7724241433649817
META,Zuckerberg Mark,"Director,Officer,TenPercentOwner",2023-11-03,S,1982.0,314.94,624211.08,0.004604423151459139,1.7724241433649817
META,Zuckerberg Mark,"Director,Officer,TenPercentOwner",2023-11-03,S,1400.0,314.02,439628.0,0.004604423151459139,1.7724241433649817
META,Zuckerberg Mark,"Director,Officer,TenPercentOwner",2023-11-03,S,5629.0,312.62,1759737.98,0.004604423151459139,1.7724241433649817
META,Zuckerberg Mark,"Director,Officer,TenPercentOwner",2023-11-03,S,1944.0,311.82,606178.08,0.004604423151459139,1.7724241433649817
META,Zuckerberg Mark,"Director,Officer,TenPercentOwner",2023-11-03,S,2203.0,313.03,689605.09,0.004604423151459139,1.7724241433649817
META,Zuckerberg Mark,"Director,Officer,TenPercentOwner",2023-11-03,S,1590.0,312.08,496207.2,0.004604423151459139,1.7724241433649817
META,Zuckerberg Mark,"Director,Officer,TenPercentOwner",2023-11-03,S,948.0,314.88,298506.24,0.004604423151459139,1.7724241433649817
META,Zuckerberg Mark,"Director,Officer,TenPercentOwner",2023-11-03,S,5077.0,314.65,1597478.0499999998,0.004604423151459139,1.7724241433649817
META,Zuckerberg Mark,"Director,Officer,TenPercentOwner",2023-11-03,S,1307.0,315.28,412070.96,0.004604423151459139,1.7724241433649817
PG,Schulten Andre,Officer,2023-11-06,S,18095.0,150.61,2725287.95,0.00034027684282750785,0.44448862645647436
PG,Schulten Andre,Officer,2023-11-06,S,22203.0,150.61,3343993.83,0.00034027684282750785,0.44448862645647436
AMZN,Selipsky Adam,Officer,2023-11-03,S,500.0,139.0,69500.0,0.0007421510615082446,1.64387868446078
AMZN,Selipsky Adam,Officer,2023-11-02,S,500.0,138.8,69400.0,0.0006674483321110645,1.6514451947801267
MA,Mastercard Foundation,TenPercentOwner,2023-11-01,S,125816.0,377.45,47489249.2,0.0003941698571362503,1.0098281236916073
MA,Mastercard Foundation,TenPercentOwner,2023-11-03,S,125816.0,386.2,48590139.2,0.0005789961508205366,0.9802101331366834
MA,Mastercard Foundation,TenPercentOwner,2023-11-02,S,125816.0,381.23,47964833.68,0.000469454805125159,0.9924630199617455
META,Zuckerberg Mark,"Director,Officer,TenPercentOwner",2023-11-02,S,700.0,315.73,221011.0,0.004535761260192329,1.7759632479583625
META,Zuckerberg Mark,"Director,Officer,TenPercentOwner",2023-11-02,S,201.0,317.07,63731.07,0.004535761260192329,1.7759632479583625
META,Zuckerberg Mark,"Director,Officer,TenPercentOwner",2023-11-02,S,300.0,318.22,95466.0,0.004535761260192329,1.7759632479583625
META,Zuckerberg Mark,"Director,Officer,TenPercentOwner",2023-11-02,S,2704.0,309.17,835995.68,0.004535761260192329,1.7759632479583625
META,Zuckerberg Mark,"Director,Officer,TenPercentOwner",2023-11-02,S,2386.0,310.12,739946.3200000001,0.004535761260192329,1.7759632479583625
META,Zuckerberg Mark,"Director,Officer,TenPercentOwner",2023-11-02,S,785.0,311.17,244268.45,0.004535761260192329,1.7759632479583625
META,Zuckerberg Mark,"Director,Officer,TenPercentOwner",2023-11-02,S,500.0,312.02,156010.0,0.004535761260192329,1.7759632479583625
META,Zuckerberg Mark,"Director,Officer,TenPercentOwner",2023-11-02,S,200.0,313.03,62605.99999999999,0.004535761260192329,1.7759632479583625
META,Zuckerberg Mark,"Director,Officer,TenPercentOwner",2023-11-02,S,400.0,315.2,126080.0,0.004535761260192329,1.7759632479583625
META,Zuckerberg Mark,"Director,Officer,TenPercentOwner",2023-11-02,S,200.0,317.23,63446.0,0.004535761260192329,1.7759632479583625
META,Zuckerberg Mark,"Director,Officer,TenPercentOwner",2023-11-02,S,1151.0,309.14,355820.14,0.004535761260192329,1.7759632479583625
META,Zuckerberg Mark,"Director,Officer,TenPercentOwner",2023-11-02,S,863.0,310.23,267728.49,0.004535761260192329,1.7759632479583625
META,Zuckerberg Mark,"Director,Officer,TenPercentOwner",2023-11-02,S,491.0,311.22,152809.02000000002,0.004535761260192329,1.7759632479583625
META,Zuckerberg Mark,"Director,Officer,TenPercentOwner",2023-11-02,S,100.0,312.31,31231.0,0.004535761260192329,1.7759632479583625
META,Zuckerberg Mark,"Director,Officer,TenPercentOwner",2023-11-02,S,100.0,314.23,31423.0,0.004535761260192329,1.7759632479583625
META,Zuckerberg Mark,"Director,Officer,TenPercentOwner",2023-11-02,S,100.0,315.41,31541.000000000004,0.004535761260192329,1.7759632479583625
META,Zuckerberg Mark,"Director,Officer,TenPercentOwner",2023-11-02,S,50.0,316.11,15805.5,0.004535761260192329,1.7759632479583625
META,Zuckerberg Mark,"Director,Officer,TenPercentOwner",2023-11-02,S,50.0,318.48,15924.0,0.004535761260192329,1.7759632479583625
META,Zuckerberg Mark,"Director,Officer,TenPercentOwner",2023-11-02,S,7119.0,309.15,2200838.85,0.004535761260192329,1.7759632479583625
META,Zuckerberg Mark,"Director,Officer,TenPercentOwner",2023-11-02,S,4978.0,310.13,1543827.14,0.004535761260192329,1.7759632479583625
META,Zuckerberg Mark,"Director,Officer,TenPercentOwner",2023-11-02,S,2611.0,311.09,812255.99,0.004535761260192329,1.7759632479583625
META,Zuckerberg Mark,"Director,Officer,TenPercentOwner",2023-11-02,S,912.0,311.84,284398.08,0.004535761260192329,1.7759632479583625
META,Zuckerberg Mark,"Director,Officer,TenPercentOwner",2023-11-02,S,708.0,313.02,221618.16,0.004535761260192329,1.7759632479583625
META,Zuckerberg Mark,"Director,Officer,TenPercentOwner",2023-11-02,S,400.0,314.56,125824.0,0.004535761260192329,1.7759632479583625
META,Zuckerberg Mark,"Director,Officer,TenPercentOwner",2023-11-01,S,800.0,306.48,245184.0,0.004430096159162772,1.7956816260753858
META,Zuckerberg Mark,"Director,Officer,TenPercentOwner",2023-11-01,S,800.0,302.71,242168.0,0.004430096159162772,1.7956816260753858
META,Zuckerberg Mark,"Director,Officer,TenPercentOwner",2023-11-01,S,600.0,303.52,182112.0,0.004430096159162772,1.7956816260753858
META,Zuckerberg Mark,"Director,Officer,TenPercentOwner",2023-11-01,S,300.0,304.63,91389.0,0.004430096159162772,1.7956816260753858
META,Zuckerberg Mark,"Director,Officer,TenPercentOwner",2023-11-01,S,900.0,305.89,275301.0,0.004430096159162772,1.7956816260753858
META,Zuckerberg Mark,"Director,Officer,TenPercentOwner",2023-11-01,S,2200.0,306.8,674960.0,0.004430096159162772,1.7956816260753858
META,Zuckerberg Mark,"Director,Officer,TenPercentOwner",2023-11-01,S,800.0,307.86,246288.0,0.004430096159162772,1.7956816260753858
META,Zuckerberg Mark,"Director,Officer,TenPercentOwner",2023-11-01,S,300.0,309.16,92748.0,0.004430096159162772,1.7956816260753858
META,Zuckerberg Mark,"Director,Officer,TenPercentOwner",2023-11-01,S,500.0,310.82,155410.0,0.004430096159162772,1.7956816260753858
META,Zuckerberg Mark,"Director,Officer,TenPercentOwner",2023-11-01,S,575.0,311.81,179290.75,0.004430096159162772,1.7956816260753858
META,Zuckerberg Mark,"Director,Officer,TenPercentOwner",2023-11-01,S,200.0,312.42,62484.0,0.004430096159162772,1.7956816260753858
META,Zuckerberg Mark,"Director,Officer,TenPercentOwner",2023-11-01,S,400.0,302.72,121088.0,0.004430096159162772,1.7956816260753858
META,Zuckerberg Mark,"Director,Officer,TenPercentOwner",2023-11-01,S,200.0,303.52,60704.0,0.004430096159162772,1.7956816260753858
META,Zuckerberg Mark,"Director,Officer,TenPercentOwner",2023-11-01,S,200.0,305.05,61010.0,0.004430096159162772,1.7956816260753858
META,Zuckerberg Mark,"Director,Officer,TenPercentOwner",2023-11-01,S,550.0,307.42,169081.0,0.004430096159162772,1.7956816260753858
META,Zuckerberg Mark,"Director,Officer,TenPercentOwner",2023-11-01,S,200.0,308.54,61708.00000000001,0.004430096159162772,1.7956816260753858
META,Zuckerberg Mark,"Director,Officer,TenPercentOwner",2023-11-01,S,50.0,309.43,15471.5,0.004430096159162772,1.7956816260753858
META,Zuckerberg Mark,"Director,Officer,TenPercentOwner",2023-11-01,S,355.0,311.41,110550.55,0.004430096159162772,1.7956816260753858
META,Zuckerberg Mark,"Director,Officer,TenPercentOwner",2023-11-01,S,150.0,312.29,46843.5,0.004430096159162772,1.7956816260753858
META,Zuckerberg Mark,"Director,Officer,TenPercentOwner",2023-11-01,S,1500.0,302.81,454215.0,0.004430096159162772,1.7956816260753858
META,Zuckerberg Mark,"Director,Officer,TenPercentOwner",2023-11-01,S,1900.0,303.55,576745.0,0.004430096159162772,1.7956816260753858
META,Zuckerberg Mark,"Director,Officer,TenPercentOwner",2023-11-01,S,1207.0,305.13,368291.91,0.004430096159162772,1.7956816260753858
META,Zuckerberg Mark,"Director,Officer,TenPercentOwner",2023-11-01,S,4410.0,306.43,1351356.3,0.004430096159162772,1.7956816260753858
META,Zuckerberg Mark,"Director,Officer,TenPercentOwner",2023-11-01,S,3570.0,307.22,1096775.4,0.004430096159162772,1.7956816260753858
META,Zuckerberg Mark,"Director,Officer,TenPercentOwner",2023-11-01,S,1305.0,308.15,402135.75,0.004430096159162772,1.7956816260753858
META,Zuckerberg Mark,"Director,Officer,TenPercentOwner",2023-11-01,S,400.0,309.26,123704.0,0.004430096159162772,1.7956816260753858
META,Zuckerberg Mark,"Director,Officer,TenPercentOwner",2023-11-01,S,900.0,310.55,279495.0,0.004430096159162772,1.7956816260753858
META,Zuckerberg Mark,"Director,Officer,TenPercentOwner",2023-11-01,S,2137.0,311.67,666038.79,0.004430096159162772,1.7956816260753858
META,Zuckerberg Mark,"Director,Officer,TenPercentOwner",2023-11-01,S,600.0,312.38,187428.0,0.004430096159162772,1.7956816260753858
AMZN,Herrington Douglas J,Officer,2023-11-01,S,4000.0,133.98,535920.0,0.0007158743974019775,1.6466066184165495
BAC,Woods Thomas D,Director,2023-11-01,P,25000.0,26.25,656250.0,-0.0014525696152766507,0.990363795755744
V,MCINERNEY RYAN,"Director,Officer",2023-11-02,S,8150.0,240.0,1956000.0,0.00024242233012055373,0.877852694342776
META,Newstead Jennifer,Officer,2023-10-31,S,670.0,303.11,203083.7,0.004571592943597016,1.7877535086018985
V,KELLY ALFRED F JR,"Director,Officer",2023-11-01,S,40000.0,236.14,9445600.0,0.00024237990405152128,0.8804207956662099
TSLA,Baglino Andrew D,Officer,2023-10-27,S,10500.0,210.67,2212035.0,0.00016934199789475307,1.936935028538134
PG,Aguilar Moses Victor Javier,Officer,2023-10-27,S,7946.0,147.09,1168777.14,0.0004590606045296295,0.47211130178997357
ADBE,Garfield Mark S.,Officer,2023-10-25,S,116.0,533.56,61892.95999999999,0.0014887574596267263,1.6651508752197943
ADBE,Belsky Scott,Officer,2023-10-24,S,1991.0,544.39,1083880.49,0.001391934438776858,1.6615861957223026
ADBE,Belsky Scott,Officer,2023-10-25,S,764.0,533.56,407639.84,0.0014887574596267263,1.6651508752197943
META,Newstead Jennifer,Officer,2023-10-24,S,670.0,316.78,212242.6,0.002951408976345918,1.8666505640335431
PG,Keith R. Alexandra,Officer,2023-10-24,S,412.0,150.0,61800.0,0.0004969772509108508,0.46564927930177535
PG,Keith R. Alexandra,Officer,2023-10-24,S,1868.0,150.0,280200.0,0.0004969772509108508,0.46564927930177535
PG,Whaley Susan Street,Officer,2023-10-24,S,693.0,150.0,103950.0,0.0004969772509108508,0.46564927930177535
AMZN,Selipsky Adam,Officer,2023-10-20,S,500.0,128.01,64004.99999999999,-0.00031830065651273495,1.5265332147743964
AMZN,Selipsky Adam,Officer,2023-10-19,S,500.0,130.53,65265.0,-0.0002540874771173767,1.5211288629647277
PG,Janzaruk Matthew W.,Officer,2023-10-20,S,188.0,148.52,27921.76,0.0005394260001655833,0.4601316162303556
UNH,HEMSLEY STEPHEN J,Director,2023-10-17,S,121515.0,540.58,65688578.7,-0.0005858071326312489,0.38501843539406433
META,Newstead Jennifer,Officer,2023-10-17,S,670.0,318.19,213187.3,0.002530156340029235,1.7720110300869325
UNH,McSweeney Erin,Officer,2023-10-16,S,4498.0,544.28,2448171.44,-0.0006171625330536615,0.39560454328806793
ADBE,Garfield Mark S.,Officer,2023-10-16,S,96.0,553.18,53105.28,0.0015459062453774953,1.5803106546439412
V,MCINERNEY RYAN,"Director,Officer",2023-10-16,S,8150.0,240.0,1956000.0,0.000549270490033244,0.8638302460152908
META,Newstead Jennifer,Officer,2023-10-10,S,670.0,319.25,213897.5,0.0023748897620365084,1.7583095536318567
TSLA,Taneja Vaibhav,Officer,2023-10-06,S,4000.0,253.98,1015920.0,-0.0008728684744470593,1.9119462948890402
AAPL,WILLIAMS JEFFREY E,Officer,2023-10-06,S,69785.0,177.0,12351945.0,1.6385345692258476e-05,1.357590465582545
AAPL,Maestri Luca,Officer,2023-10-06,S,32010.0,177.89,5694258.899999999,1.6385345692258476e-05,1.357590465582545
AAPL,Maestri Luca,Officer,2023-10-09,S,19000.0,178.55,3392450.0,2.432580615647869e-05,1.3598968325206127
AAPL,Maestri Luca,Officer,2023-10-09,S,12685.0,178.91,2269473.35,2.432580615647869e-05,1.3598968325206127
AMZN,Selipsky Adam,Officer,2023-10-05,S,500.0,126.64,63320.0,-0.00036661321362830196,1.5267825765621834
AMZN,Selipsky Adam,Officer,2023-10-06,S,500.0,124.13,62065.0,-0.0004490884140324985,1.5347928852598287
META,Newstead Jennifer,Officer,2023-10-03,S,670.0,304.0,203680.0,0.0024668968051979353,1.6913179964714633
AMZN,Herrington Douglas J,Officer,2023-10-02,S,4000.0,127.2,508800.0,-0.0003913353491036053,1.5150471705093238
PG,Purushothaman Balaji,Officer,2023-10-03,S,1517.0,145.15,220192.55,0.0005003734548467857,0.4795946052124015
AAPL,O'BRIEN DEIRDRE,Officer,2023-10-03,S,61610.0,172.08,10601848.8,-2.6088468024488968e-05,1.3307280499595935
AAPL,O'BRIEN DEIRDRE,Officer,2023-10-03,S,3926.0,172.65,677823.9,-2.6088468024488968e-05,1.3307280499595935
AAPL,COOK TIMOTHY D,"Director,Officer",2023-10-03,S,85682.0,173.18,14838408.76,-2.6088468024488968e-05,1.3307280499595935
AAPL,COOK TIMOTHY D,"Director,Officer",2023-10-03,S,99223.0,172.52,17117951.96,-2.6088468024488968e-05,1.3307280499595935
AAPL,COOK TIMOTHY D,"Director,Officer",2023-10-03,S,55664.0,171.42,9541922.88,-2.6088468024488968e-05,1.3307280499595935
AAPL,Adams Katherine L.,Officer,2023-10-03,S,6800.0,173.24,1178032.0,-2.6088468024488968e-05,1.3307280499595935
AAPL,Adams Katherine L.,Officer,2023-10-03,S,25850.0,171.62,4436377.0,-2.6088468024488968e-05,1.3307280499595935
AAPL,Adams Katherine L.,Officer,2023-10-03,S,32886.0,172.23,5663955.779999999,-2.6088468024488968e-05,1.3307280499595935
PG,Schulten Andre,Officer,2023-10-02,S,1599.0,144.97,231807.03,0.0005567107723968167,0.48614513667002923
MA,Murphy Timothy H,Officer,2023-09-29,S,228.0,401.96,91646.88,0.0006510007531544436,1.0114624943788928
MA,Murphy Timothy H,Officer,2023-09-29,S,200.0,400.81,80162.0,0.0006510007531544436,1.0114624943788928
MA,Murphy Timothy H,Officer,2023-09-29,S,1100.0,399.83,439813.0,0.0006510007531544436,1.0114624943788928
MA,Murphy Timothy H,Officer,2023-09-29,S,1105.0,399.16,441071.8000000001,0.0006510007531544436,1.0114624943788928
MA,Murphy Timothy H,Officer,2023-09-29,S,1050.0,397.14,416997.0,0.0006510007531544436,1.0114624943788928
MA,Murphy Timothy H,Officer,2023-09-29,S,2236.0,395.91,885254.76,0.0006510007531544436,1.0114624943788928
MA,Murphy Timothy H,Officer,2023-09-29,S,1500.0,394.96,592440.0,0.0006510007531544436,1.0114624943788928
PG,Keith R. Alexandra,Officer,2023-10-02,S,1413.0,144.97,204842.61,0.0005567107723968167,0.48614513667002923
PG,Keith R. Alexandra,Officer,2023-10-02,S,313.0,144.97,45375.61,0.0005567107723968167,0.48614513667002923
PG,Whaley Susan Street,Officer,2023-10-02,S,575.0,144.97,83357.75,0.0005567107723968167,0.48614513667002923
PG,Moeller Jon R,"Director,Officer",2023-10-02,S,2769.0,144.97,401421.93,0.0005567107723968167,0.48614513667002923
PG,Janzaruk Matthew W.,Officer,2023-10-02,S,165.0,144.97,23920.05,0.0005567107723968167,0.48614513667002923
