Date,AAPL,ADBE,AMZN,BAC,BRK-B,DIS,GOOGL,HD,JNJ,JPM,MA,META,MSFT,NVDA,PG,PYPL,TSLA,UNH,V,VZ
2021-01-04,125.63248443603516,485.3399963378906,159.3314971923828,26.327251434326172,228.4499969482422,172.27198791503906,85.54792785644531,230.37684631347656,134.28736877441406,109.00053405761719,340.00933837890625,266.5988464355469,207.95611572265625,13.060795783996582,118.9655532836914,229.9287109375,243.2566680908203,317.84674072265625,208.7515106201172,41.52804183959961
2021-01-05,127.18579864501953,485.69000244140625,160.92550659179688,26.528900146484375,227.47000122070312,173.00885009765625,86.23780822753906,232.236083984375,135.86618041992188,109.59363555908203,336.0723876953125,268.6112060546875,208.15673828125,13.350874900817871,119.7251968383789,232.89303588867188,245.0366668701172,313.57244873046875,205.63600158691406,41.3375244140625
2021-01-06,122.90452575683594,466.30999755859375,156.91900634765625,28.18585968017578,230.27000427246094,173.66815185546875,85.38685607910156,233.56292724609375,137.1447296142578,114.73967742919922,336.1981201171875,261.01788330078125,202.75936889648438,12.563801765441895,120.98543548583984,224.88241577148438,251.9933319091797,326.73193359375,203.8241729736328,41.83854675292969
2021-01-07,127.0984115600586,477.739990234375,158.10800170898438,28.808319091796875,232.8800048828125,173.14459228515625,87.93724060058594,232.41944885253906,137.6080780029297,118.50765991210938,338.86163330078125,266.4005432128906,208.52926635742188,13.29036808013916,119.85466766357422,233.02191162109375,272.0133361816406,331.97027587890625,204.9649200439453,41.7443962097168
2021-01-08,128.1953887939453,485.1000061035156,159.13499450683594,28.51900291442871,234.02999877929688,173.251220703125,89.1014175415039,234.8897705078125,137.32492065429688,118.63848114013672,342.7261962890625,265.24072265625,209.7998046875,13.223388671875,119.80282592773438,240.3782196044922,293.3399963378906,330.4788818359375,206.537109375,41.223751068115234
2021-01-11,125.21504974365234,474.239990234375,155.7104949951172,28.992420196533203,233.42999267578125,173.6390838623047,87.04267120361328,236.7578125,136.75,120.40909576416016,337.2538757324219,254.6041717529297,207.7650909423828,13.566753387451172,118.99144744873047,235.46080017089844,270.39666748046875,328.07781982421875,204.08302307128906,40.98124694824219
2021-01-12,125.04029846191406,471.6499938964844,156.04150390625,29.509666442871094,233.02999877929688,170.63343811035156,86.10795593261719,241.20960998535156,135.68605041503906,122.30178833007812,332.1398620605469,248.9042205810547,205.3195343017578,13.430554389953613,118.3009033203125,235.59959411621094,283.14666748046875,325.0040283203125,200.2197265625,40.83861541748047
2021-01-13,127.06929779052734,472.04998779296875,158.29449462890625,29.334335327148438,234.50999450683594,170.7594451904297,86.59464263916016,239.21934509277344,135.4800567626953,122.41516876220703,335.442626953125,249.44943237304688,206.66650390625,13.477365493774414,118.48216247558594,242.79725646972656,284.8033447265625,322.8851013183594,200.68946838378906,40.69596481323242
2021-01-14,125.1471176147461,463.2699890136719,156.37350463867188,29.798980712890625,235.02000427246094,168.15133666992188,85.78532409667969,234.23513793945312,137.84832763671875,123.13040924072266,316.6524963378906,243.50167846679688,203.49493408203125,13.147198677062988,117.22188568115234,239.9816436767578,281.6666564941406,318.7834777832031,193.50933837890625,40.681705474853516
2021-01-15,123.42877197265625,458.0799865722656,155.21249389648438,28.9398136138916,233.49000549316406,166.22190856933594,85.62177276611328,240.56365966796875,137.54800415039062,120.92367553710938,313.097900390625,249.171875,203.14144897460938,12.807815551757812,116.34144592285156,237.7311248779297,275.38665771484375,319.4837341308594,193.25047302246094,40.924190521240234
2021-01-19,124.09861755371094,456.5,156.03799438476562,28.729412078857422,234.5500030517578,167.01695251464844,88.43928527832031,238.46864318847656,139.67601013183594,120.40035247802734,315.6936340332031,258.82708740234375,206.7620086669922,12.972902297973633,115.3228988647461,245.12709045410156,281.51666259765625,320.293212890625,193.31764221191406,40.68883514404297
2021-01-20,128.17604064941406,469.7300109863281,163.16900634765625,28.35243034362793,234.75999450683594,168.35494995117188,93.1772689819336,239.4375762939453,139.3328094482422,118.5948715209961,324.3816223144531,265.151611328125,214.3087921142578,13.312029838562012,113.88135528564453,242.16275024414062,283.48333740234375,319.06549072265625,197.48764038085938,40.83861541748047
2021-01-21,132.8747100830078,472.0199890136719,165.34950256347656,27.852712631225586,234.16000366210938,166.0667724609375,93.37947845458984,243.58392333984375,138.77503967285156,117.60053253173828,323.9263610839844,270.4945983886719,214.91064453125,13.81176471710205,113.7693099975586,246.50514221191406,281.663330078125,322.8486022949219,196.65365600585938,40.84574508666992
2021-01-22,135.01048278808594,472.44000244140625,164.6114959716797,27.659835815429688,232.9199981689453,167.52113342285156,93.7962875366211,247.90469360351562,140.33673095703125,116.69343566894531,318.64776611328125,272.11041259765625,215.8468017578125,13.657388687133789,112.89221954345703,249.83628845214844,282.21331787109375,316.0733642578125,193.66270446777344,40.98838806152344
2021-01-25,138.7481231689453,473.44000244140625,164.6999969482422,27.317928314208984,233.00999450683594,166.65821838378906,93.88152313232422,248.84742736816406,142.42185974121094,115.2368392944336,318.8414001464844,275.5899353027344,219.2667236328125,13.598376274108887,114.83744812011719,245.62278747558594,293.6000061035156,316.3099060058594,192.6657257080078,41.66593933105469
2021-01-26,138.9811248779297,476.2799987792969,166.30650329589844,27.12505340576172,231.57000732421875,164.3991241455078,94.55902862548828,246.6826934814453,146.2831268310547,114.76587677001953,317.3983154296875,279.5947265625,221.9414825439453,13.381253242492676,115.5755844116211,238.93075561523438,294.36334228515625,312.0354309082031,193.65313720703125,40.34649658203125
2021-01-27,137.9132537841797,460.0,161.62899780273438,26.151918411254883,227.36000061035156,158.06788635253906,90.14764404296875,239.21934509277344,144.05218505859375,111.52123260498047,305.57208251953125,269.77099609375,222.48599243164062,12.865835189819336,111.48541259765625,227.96571350097656,288.0533447265625,302.83197021484375,186.90435791015625,39.319461822509766
2021-01-28,133.08828735351562,465.6700134277344,161.88099670410156,26.581501007080078,230.9499969482422,166.6485137939453,91.8455810546875,242.71087646484375,145.1505126953125,113.48371887207031,314.0858154296875,262.6931457519531,228.2464141845703,12.998547554016113,113.20486450195312,235.74830627441406,278.4766540527344,307.5246887207031,190.0198974609375,39.490638732910156
2021-01-29,128.10812377929688,458.7699890136719,160.30999755859375,25.994115829467773,227.8699951171875,163.05145263671875,90.56493377685547,236.3998565673828,139.97634887695312,112.22770690917969,306.3469543457031,256.0811462402344,221.58804321289062,12.937541961669922,111.33777618408203,232.29818725585938,264.510009765625,303.3685607910156,185.2554931640625,39.04845428466797
2021-02-01,130.22445678710938,470.0,167.1439971923828,26.265888214111328,229.32000732421875,165.76622009277344,93.82156372070312,235.7451934814453,139.61595153808594,113.05630493164062,311.4512634277344,259.7291564941406,228.9342041015625,13.18380069732666,111.99776458740234,239.77345275878906,279.9366760253906,303.75054931640625,190.1540985107422,38.71323013305664
2021-02-02,131.04962158203125,484.92999267578125,169.0,27.203950881958008,232.24000549316406,171.57391357421875,95.11260986328125,237.56961059570312,138.36317443847656,116.53643798828125,323.8586120605469,264.7549743652344,228.8004608154297,13.502264976501465,111.8414535522461,246.96121215820312,290.92999267578125,308.0430603027344,194.2283172607422,38.870147705078125
2021-02-03,130.03025817871094,481.9200134277344,165.62649536132812,27.686138153076172,232.67999267578125,171.06002807617188,102.03919982910156,239.3241424560547,137.7196502685547,117.87091064453125,322.3573303222656,264.32879638671875,232.13441467285156,13.47612190246582,111.98040771484375,249.73715209960938,284.89666748046875,307.2882385253906,193.02999877929688,39.076969146728516
2021-02-04,133.3795623779297,489.3800048828125,166.5500030517578,28.492698669433594,235.77000427246094,174.74436950683594,101.77901458740234,243.3831787109375,138.99813842773438,120.58351135253906,330.1156005859375,264.1701354980469,231.18865966796875,13.609333992004395,112.04988098144531,268.1080627441406,283.3299865722656,299.4944763183594,200.59364318847656,39.326602935791016
2021-02-05,132.96636962890625,492.1199951171875,167.6074981689453,28.37872886657715,235.16000366210938,175.6460723876953,103.52352905273438,243.4180145263672,141.10899353027344,120.3480224609375,328.1008605957031,265.7661437988281,231.37017822265625,13.536375045776367,112.5188217163086,267.1265563964844,284.07666015625,295.1200256347656,200.1334991455078,39.45498275756836
2021-02-08,133.11215209960938,493.760009765625,166.14700317382812,29.009950637817383,237.4199981689453,184.2169952392578,103.30992126464844,244.4392547607422,141.51229858398438,122.23201751708984,326.4349670410156,264.2593688964844,231.62811279296875,14.380718231201172,112.17145538330078,279.7472839355469,287.8066711425781,294.9654541015625,198.3312530517578,39.26240158081055
2021-02-09,132.2371368408203,496.04998779296875,165.25,28.887216567993164,239.91000366210938,182.48147583007812,102.8574447631836,241.5936279296875,142.67068481445312,121.74352264404297,322.95782470703125,267.10443115234375,232.8699493408203,14.205923080444336,111.73725891113281,281.75982666015625,283.1533203125,299.7763366699219,197.97657775878906,39.22674560546875
2021-02-10,131.63438415527344,492.6700134277344,164.32899475097656,28.91352081298828,239.9199981689453,183.8582763671875,103.40706634521484,243.26963806152344,143.13400268554688,121.81334686279297,323.7035217285156,269.50335693359375,231.9624481201172,14.704910278320312,111.3464584350586,280.7485656738281,268.2733459472656,303.2049560546875,197.8998565673828,39.198219299316406
2021-02-11,131.38157653808594,496.6199951171875,163.10650634765625,28.825849533081055,239.75999450683594,185.0993194580078,103.51957702636719,241.84681701660156,142.490478515625,121.47318267822266,332.0914001464844,268.0362243652344,233.5577850341797,15.189455032348633,111.4419937133789,282.58270263671875,270.5533447265625,302.90478515625,202.25877380371094,38.94145965576172
2021-02-12,131.61488342285156,498.8399963378906,163.885498046875,29.25542640686035,242.4600067138672,181.95791625976562,103.830810546875,242.23959350585938,142.93667602539062,123.2001724243164,330.2801818847656,268.1452941894531,234.03541564941406,14.901118278503418,110.825439453125,295.80816650390625,272.0400085449219,298.51220703125,201.5867156982422,38.65618133544922
2021-02-16,129.49539184570312,501.6400146484375,163.44749450683594,30.04445457458496,245.27999877929688,180.67811584472656,104.607421875,240.3890838623047,141.64097595214844,126.16568756103516,330.4835510253906,271.58502197265625,232.8031005859375,15.268635749816895,111.0859603881836,302.1730651855469,265.40667724609375,295.2200622558594,199.60882568359375,38.620521545410156
2021-02-17,127.2105484008789,491.2300109863281,165.4320068359375,30.16719627380371,245.25,180.765380859375,104.99994659423828,245.21615600585938,142.1472625732422,126.55821228027344,326.7254943847656,271.18853759765625,233.8180389404297,14.846088409423828,111.5549087524414,294.648193359375,266.04998779296875,297.2572021484375,199.23439025878906,40.64604568481445
2021-02-18,126.11193084716797,488.3699951171875,166.4114990234375,29.97432518005371,243.5,177.4300537109375,104.36506652832031,247.07545471191406,142.21585083007812,126.98554992675781,327.8200378417969,267.044921875,233.4254913330078,14.769401550292969,112.48408508300781,288.31304931640625,262.4599914550781,298.6668395996094,201.0010528564453,40.638912200927734
2021-02-19,126.26749420166016,479.1199951171875,162.4949951171875,30.281160354614258,241.85000610351562,178.06027221679688,103.52254486083984,244.09884643554688,139.84764099121094,129.10504150390625,322.6962585449219,259.2830810546875,230.72537231445312,14.866509437561035,110.39122009277344,284.45648193359375,260.4333190917969,295.1837463378906,196.56532287597656,40.26090621948242
2021-02-22,122.50482940673828,467.3299865722656,159.03700256347656,30.81595802307129,244.97000122070312,185.92343139648438,101.81021118164062,240.79054260253906,139.7613067626953,130.31741333007812,329.9508972167969,258.06378173828125,224.54000854492188,14.298051834106445,109.92229461669922,271.49871826171875,238.1666717529297,297.96661376953125,200.0121307373047,40.26090621948242
2021-02-23,122.36869049072266,467.79998779296875,159.72500610351562,31.140329360961914,245.52999877929688,191.09121704101562,102.10064697265625,233.2748260498047,138.52659606933594,131.36404418945312,339.40411376953125,263.545654296875,223.3527069091797,14.085162162780762,110.73857879638672,262.72467041015625,232.94667053222656,299.6672668457031,203.65097045898438,40.67456817626953
2021-02-24,121.87284851074219,476.6199951171875,157.97650146484375,31.894290924072266,248.4499969482422,191.49842834472656,103.27472686767578,226.92886352539062,140.3829345703125,133.67544555664062,355.7728271484375,262.0091857910156,224.57830810546875,14.440725326538086,110.86015319824219,263.7854919433594,247.33999633789062,302.1226806640625,210.67906188964844,40.7387580871582
2021-02-25,117.63379669189453,459.1600036621094,152.85800170898438,31.499778747558594,243.69000244140625,185.1671600341797,99.91156005859375,222.8087615966797,140.5297088623047,131.86123657226562,343.4236145019531,252.47288513183594,219.25465393066406,13.25401782989502,109.92229461669922,251.75965881347656,227.4066619873047,299.085205078125,205.2255401611328,40.29655838012695
2021-02-26,117.89630126953125,459.6700134277344,154.64649963378906,30.430204391479492,240.50999450683594,183.28622436523438,100.20693969726562,225.50604248046875,136.8170623779297,128.36367797851562,342.7261962890625,255.37738037109375,222.5005340576172,13.659380912780762,107.2736587524414,257.618896484375,225.1666717529297,302.1318359375,203.9197998046875,39.44070816040039
2021-03-01,124.24517822265625,469.57000732421875,157.3070068359375,31.377037048339844,249.2100067138672,189.04541015625,102.57345581054688,228.36917114257812,137.55960083007812,131.26815795898438,351.4917297363281,262.6039123535156,226.86668395996094,13.786118507385254,107.93363952636719,271.28057861328125,239.47666931152344,304.3417053222656,207.99070739746094,39.48350524902344
2021-03-02,121.64923095703125,466.5899963378906,154.72650146484375,31.149091720581055,249.22000122070312,188.03707885742188,102.3167495727539,227.20822143554688,137.30055236816406,130.8407440185547,351.4141845703125,256.745361328125,223.9272003173828,13.352371215820312,107.59497833251953,266.87872314453125,228.81333923339844,304.3326110839844,207.16502380371094,39.212486267089844
2021-03-03,118.67411041259766,448.45001220703125,150.25,31.929359436035156,251.5500030517578,186.40821838378906,99.68655395507812,224.6505889892578,134.8830108642578,133.3701934814453,348.9250183105469,253.1865997314453,217.88548278808594,12.753286361694336,106.95236206054688,252.87002563476562,217.73333740234375,302.722900390625,206.28167724609375,39.49777603149414
2021-03-04,116.79765319824219,439.05999755859375,148.8784942626953,32.1584358215332,245.47999572753906,182.3069610595703,100.80265808105469,219.03781127929688,132.16322326660156,131.32046508789062,338.5129089355469,255.39718627929688,217.0907440185547,12.320533752441406,106.07526397705078,237.01731872558594,207.14666748046875,303.5777587890625,203.06529235839844,39.0841064453125
2021-03-05,118.05186462402344,440.8299865722656,150.0229949951172,32.53728485107422,253.14999389648438,184.2073211669922,103.93191528320312,221.2986602783203,134.7793731689453,131.62576293945312,349.53521728515625,261.9794006347656,221.7537078857422,12.41141414642334,109.40123748779297,236.9974822998047,199.31666564941406,315.6640625,206.8193817138672,39.939964294433594
2021-03-08,113.13223266601562,421.20001220703125,147.59750366210938,32.713504791259766,257.6099853515625,195.76449584960938,99.4927749633789,226.1083221435547,135.90179443359375,133.3701934814453,359.6566467285156,253.0874786376953,217.7227020263672,11.546655654907227,110.55622863769531,224.1487579345703,187.6666717529297,318.4561767578125,211.485595703125,40.50339126586914
2021-03-09,117.73101806640625,439.17999267578125,153.1425018310547,31.99983787536621,259.0199890136719,188.58973693847656,101.121337890625,231.28469848632812,136.16085815429688,132.42819213867188,364.68353271484375,263.42669677734375,223.8410186767578,12.474235534667969,109.57494354248047,239.6842041015625,224.52667236328125,320.10223388671875,211.57200622558594,40.082603454589844
2021-03-10,116.65181732177734,437.010009765625,152.8820037841797,32.92494583129883,263.989990234375,189.12298583984375,100.9146728515625,233.85826110839844,137.41278076171875,135.30648803710938,369.7007141113281,262.59405517578125,222.53883361816406,12.42242431640625,110.582275390625,239.9915771484375,222.68666076660156,317.9377136230469,214.26991271972656,40.71023178100586
2021-03-11,118.5768814086914,451.05999755859375,155.67950439453125,32.8104248046875,260.9100036621094,190.76156616210938,104.1039047241211,236.1509246826172,137.40419006347656,134.6000213623047,372.2964782714844,271.495849609375,227.0486297607422,12.945744514465332,110.20887756347656,251.65057373046875,233.1999969482422,321.1207580566406,217.13108825683594,39.59048080444336
2021-03-12,117.67267608642578,444.29998779296875,154.47450256347656,33.42715072631836,260.0199890136719,191.1590576171875,101.59909057617188,239.88397216796875,137.80128479003906,136.1961212158203,370.6789855957031,266.0635070800781,225.727294921875,12.808751106262207,111.27699279785156,248.20046997070312,231.2433319091797,324.926513671875,215.4124298095703,39.67606735229492
2021-03-15,120.55056762695312,447.5899963378906,154.08399963378906,33.259742736816406,254.61000061035156,190.77125549316406,101.81915283203125,244.66229248046875,138.5093231201172,135.5158233642578,369.75885009765625,271.36700439453125,224.8272247314453,13.142768859863281,111.64173889160156,247.83364868164062,235.97999572753906,322.9734191894531,214.36590576171875,39.68321228027344
2021-03-16,122.08675384521484,450.5400085449219,154.59300231933594,33.1628303527832,251.5,188.32797241210938,103.2787094116211,247.77171325683594,139.32957458496094,133.89352416992188,370.3593444824219,276.8488464355469,227.6039581298828,13.242400169372559,111.97171783447266,247.1693878173828,225.6266632080078,323.63067626953125,215.73890686035156,39.68321228027344
2021-03-17,121.29920959472656,451.010009765625,156.7864990234375,33.43595504760742,252.0,189.29751586914062,103.1959457397461,245.97109985351562,138.81150817871094,135.27157592773438,366.7756652832031,281.5376892089844,226.96240234375,13.292216300964355,111.52015686035156,249.31085205078125,233.93666076660156,321.4219665527344,214.12588500976562,39.761653900146484
2021-03-18,117.1865463256836,439.17999267578125,151.39950561523438,34.308197021484375,252.4600067138672,186.42759704589844,100.17869567871094,248.72039794921875,138.55250549316406,137.50445556640625,355.4627685546875,276.194580078125,220.91111755371094,12.675741195678711,111.7633056640625,236.36300659179688,217.72000122070312,330.4299011230469,211.86000061035156,40.16106033325195
2021-03-19,116.66154479980469,441.5,153.7480010986328,33.94697189331055,250.99000549316406,185.3223114013672,100.45722198486328,253.93795776367188,138.18124389648438,135.31521606445312,345.3026123046875,287.5845031738281,220.55685424804688,12.798539161682129,111.16411590576172,239.20834350585938,218.2899932861328,333.65155029296875,198.6487579345703,40.11112976074219
2021-03-22,119.96720886230469,452.4100036621094,155.5435028076172,33.180458068847656,250.36000061035156,186.98995971679688,100.64208221435547,253.79739379882812,138.57839965820312,131.67808532714844,347.13311767578125,290.9847106933594,225.9571075439453,13.137785911560059,113.04852294921875,242.28668212890625,223.3333282470703,334.8197937011719,199.70489501953125,40.360755920410156
2021-03-23,119.14082336425781,460.20001220703125,156.875,32.5108528137207,248.30999755859375,182.98565673828125,101.1694107055664,254.7109832763672,138.4488983154297,130.36105346679688,344.1015319824219,288.1000671386719,227.4794464111328,13.022710800170898,115.15010833740234,241.67697143554688,220.72000122070312,336.3166198730469,199.8489227294922,40.588985443115234
2021-03-24,116.75875091552734,451.510009765625,154.35350036621094,32.5108528137207,249.6300048828125,179.0977020263672,100.7332763671875,257.14404296875,139.79583740234375,131.37278747558594,348.3439025878906,279.6839599609375,225.4496307373047,12.596531867980957,115.1153564453125,232.25852966308594,210.08999633789062,338.23321533203125,199.77206420898438,40.660301208496094
2021-03-25,117.2448959350586,450.989990234375,152.31300354003906,33.180458068847656,250.75,181.22105407714844,100.72979736328125,261.0352478027344,139.84764099121094,133.05615234375,347.09442138671875,276.3135070800781,222.46224975585938,12.489180564880371,115.91427612304688,232.2288055419922,213.4633331298828,338.680419921875,199.6761016845703,40.924190521240234
2021-03-26,117.84770965576172,469.0899963378906,152.60150146484375,34.079124450683594,256.7699890136719,180.2611846923828,100.3467025756836,266.8587951660156,142.40333557128906,135.27157592773438,354.6298522949219,280.5562744140625,226.4262237548828,12.792060852050781,117.62498474121094,238.96047973632812,206.23666381835938,343.5997009277344,205.0143585205078,41.4947624206543
2021-03-29,118.0226821899414,469.32000732421875,153.7864990234375,33.753143310546875,258.82000732421875,179.22377014160156,101.39045715332031,265.44464111328125,143.3617401123047,133.1695556640625,351.50140380859375,288.2884216308594,225.23898315429688,12.90066146850586,119.4660415649414,233.64651489257812,203.76333618164062,345.954345703125,205.9552459716797,41.95835494995117
2021-03-30,116.57402038574219,465.4599914550781,152.76449584960938,34.35224914550781,258.19000244140625,179.88304138183594,101.42416381835938,267.74591064453125,142.472412109375,134.73953247070312,346.93951416015625,285.4928894042969,221.99307250976562,12.824442863464355,117.62498474121094,234.509033203125,211.8733367919922,340.9346923828125,203.4492950439453,41.78718185424805
2021-03-31,118.76162719726562,475.3699951171875,154.70399475097656,34.08793640136719,255.47000122070312,178.90380859375,102.21958923339844,268.1236877441406,141.90261840820312,132.77706909179688,344.8570251464844,291.966064453125,225.74642944335938,13.29919147491455,117.6076431274414,240.75494384765625,222.64332580566406,339.57476806640625,203.2860870361328,41.47337341308594
2021-04-01,119.58802032470703,483.3399963378906,158.0500030517578,34.79279327392578,258.20001220703125,183.21835327148438,105.55303955078125,270.319580078125,140.5901641845703,134.06793212890625,351.879150390625,296.06011962890625,232.0467071533203,13.760988235473633,116.6089859008789,245.4145965576172,220.5833282470703,335.0115051269531,208.21151733398438,41.58035659790039
2021-04-05,122.40758514404297,491.6199951171875,161.3365020751953,35.06591033935547,262.6600036621094,182.76266479492188,109.97283935546875,277.0391540527344,141.1082305908203,134.77857971191406,356.7413330078125,306.2209167480469,238.48095703125,13.936091423034668,118.493408203125,248.86471557617188,230.35000610351562,337.8498229980469,210.30459594726562,41.986881256103516
2021-04-06,122.7090072631836,491.3399963378906,161.1909942626953,34.968990325927734,263.05999755859375,183.95521545410156,109.49211120605469,275.6162414550781,141.07366943359375,133.8310546875,357.9520568847656,303.593994140625,237.32244873046875,13.810555458068848,118.53683471679688,251.01609802246094,230.5399932861328,332.5472717285156,209.93014526367188,42.158050537109375
2021-04-07,124.35212707519531,493.4100036621094,163.96949768066406,35.28617477416992,263.6199951171875,181.8512725830078,110.967529296875,274.4654541015625,141.26365661621094,135.9279022216797,359.4145202636719,310.364501953125,239.27572631835938,14.091519355773926,118.74526977539062,253.4053955078125,223.6566619873047,333.7063903808594,210.52542114257812,42.07960510253906
2021-04-08,126.7438735961914,499.8399963378906,164.96499633789062,34.97780990600586,263.510009765625,181.61859130859375,111.53251647949219,276.18707275390625,140.71104431152344,136.09466552734375,366.2994689941406,310.2950744628906,242.4832763671875,14.264381408691406,119.1968002319336,262.2289733886719,227.93333435058594,333.0219421386719,211.89840698242188,41.5230712890625
2021-04-09,129.31068420410156,504.0400085449219,168.61000061035156,35.233306884765625,266.010009765625,182.17123413085938,112.53562927246094,280.4033203125,139.22592163085938,137.11231994628906,368.5686340332031,309.7399597167969,244.97276306152344,14.347077369689941,118.4239273071289,264.4794616699219,225.67333984375,343.4353332519531,213.64585876464844,41.44377899169922
2021-04-12,127.5994644165039,506.0299987792969,168.96949768066406,35.294986724853516,267.92999267578125,180.81385803222656,111.24456787109375,281.77362060546875,139.5626983642578,136.82281494140625,368.33587646484375,308.8280029296875,245.03021240234375,15.15310287475586,118.90157318115234,266.7200927734375,233.9933319091797,343.4171447753906,212.63772583007812,41.47982406616211
2021-04-13,130.70094299316406,514.8599853515625,170.0,34.64301300048828,267.1000061035156,179.8442840576172,111.73074340820312,281.4309997558594,137.6977081298828,135.1909637451172,366.6777038574219,307.0635070800781,247.50050354003906,15.62187385559082,117.32975769042969,273.06512451171875,254.10667419433594,341.7925109863281,212.2056427001953,41.53749465942383
2021-04-14,128.3675537109375,510.6300048828125,166.64999389648438,35.136390686035156,267.5299987792969,181.75433349609375,111.11026763916016,281.09722900390625,138.07762145996094,132.66419982910156,366.86199951171875,300.18389892578125,244.72381591796875,15.220850944519043,117.75529479980469,264.9156799316406,244.07666015625,342.8238525390625,213.12734985351562,41.59516525268555
2021-04-15,130.76901245117188,523.25,168.95449829101562,34.13200378417969,269.1400146484375,180.2708740234375,113.25820922851562,283.4864807128906,138.48342895507812,133.5064697265625,374.7845458984375,305.1403503417969,248.467529296875,16.077938079833984,119.17947387695312,271.64739990234375,246.28334045410156,355.947998046875,217.25584411621094,41.59516525268555
2021-04-16,130.4384765625,525.0800170898438,169.9720001220703,34.49321365356445,272.1099853515625,181.56039428710938,113.1343002319336,288.1768493652344,140.0807342529297,134.49783325195312,374.4742431640625,303.5146484375,249.6548614501953,15.85401725769043,119.18814849853516,267.5528869628906,246.5933380126953,356.8606262207031,217.3806610107422,42.013275146484375
2021-04-19,131.09957885742188,516.1699829101562,168.60049438476562,34.51084518432617,270.2799987792969,181.7252197265625,113.48172760009766,287.0965881347656,140.4692840576172,133.92755126953125,370.585693359375,299.6090087890625,247.73985290527344,15.305291175842285,118.63236999511719,265.60968017578125,238.2100067138672,355.7928466796875,216.78541564941406,42.09257888793945
2021-04-20,129.4176025390625,514.2100219726562,166.7344970703125,33.550498962402344,267.8900146484375,177.22642517089844,112.94896697998047,284.5580749511719,143.7416534423828,130.96214294433594,365.2231750488281,300.015380859375,247.28024291992188,15.115492820739746,119.6223373413086,262.1595764160156,239.663330078125,361.8985595703125,214.37550354003906,42.09257888793945
2021-04-21,129.7967529296875,512.3400268554688,168.1009979248047,34.11437225341797,272.2099914550781,177.5366973876953,112.916259765625,286.30596923828125,143.83663940429688,132.0763397216797,371.4971618652344,298.84564208984375,249.50169372558594,15.30404281616211,118.84078979492188,262.6156311035156,248.0399932861328,363.97943115234375,218.3792266845703,41.91234588623047
2021-04-22,128.28005981445312,507.2900085449219,165.45199584960938,33.79719161987305,269.510009765625,177.19737243652344,111.63610076904297,282.3621520996094,142.61923217773438,129.29518127441406,371.7492980957031,293.93878173828125,246.2366180419922,14.795669555664062,117.66093444824219,260.0180969238281,239.89666748046875,361.90765380859375,218.49447631835938,41.292396545410156
2021-04-23,130.59400939941406,515.8400268554688,167.04400634765625,34.51966094970703,271.9800109863281,177.449462890625,113.98576354980469,284.4965515136719,142.91278076171875,131.76931762695312,375.33721923828125,298.50860595703125,250.0474090576172,15.209146499633789,117.05790710449219,263.7458190917969,243.13333129882812,365.34844970703125,220.82752990722656,41.30680465698242
2021-04-26,130.98291015625,515.7000122070312,170.4499969482422,34.7223014831543,270.8599853515625,178.66140747070312,114.48136901855469,281.07086181640625,141.7039794921875,132.09388732910156,375.73486328125,300.40203857421875,250.43043518066406,15.421112060546875,114.71569061279297,269.3869934082031,246.06666564941406,361.28704833984375,221.1539764404297,41.04729461669922
2021-04-27,130.66209411621094,517.3200073242188,170.8715057373047,35.136390686035156,273.6499938964844,179.0201416015625,113.54219818115234,281.5979919433594,140.89234924316406,132.69927978515625,377.2864074707031,300.9273986816406,250.83251953125,15.325218200683594,114.64578247070312,266.5118713378906,234.913330078125,360.0457763671875,220.74111938476562,40.600337982177734
2021-04-28,129.87457275390625,515.47998046875,172.9250030517578,35.268550872802734,272.95001220703125,177.80819702148438,116.91529083251953,280.8249816894531,139.8562774658203,133.55908203125,383.66705322265625,304.4266357421875,243.73756408691406,15.220602035522461,114.83805847167969,268.76239013671875,231.46665954589844,360.12799072265625,224.13992309570312,40.67964553833008
2021-04-29,129.7772979736328,516.0900268554688,173.5655059814453,36.220088958740234,277.6000061035156,179.6891326904297,118.58646392822266,285.7702331542969,141.77304077148438,136.15602111816406,377.1700744628906,326.6416015625,241.77474975585938,15.268426895141602,115.80815124511719,265.5502014160156,225.6666717529297,366.48016357421875,227.41392517089844,41.32123565673828
2021-04-30,127.8133544921875,508.3399963378906,173.37100219726562,35.709075927734375,274.95001220703125,180.35813903808594,116.64073181152344,284.3033752441406,140.5038299560547,134.94525146484375,370.48870849609375,322.2501525878906,241.458740234375,14.954334259033203,116.60343933105469,260.0379638671875,236.47999572753906,363.97027587890625,224.24554443359375,41.66004180908203
2021-05-03,128.8633575439453,503.4599914550781,169.32449340820312,35.735511779785156,279.17999267578125,179.86366271972656,116.12429809570312,290.1005554199219,142.64512634277344,134.55052185058594,367.90924072265625,319.7718811035156,241.15237426757812,14.782220840454102,117.98428344726562,256.86541748046875,228.3000030517578,370.45025634765625,223.3334197998047,41.753761291503906
2021-05-04,124.30348205566406,490.70001220703125,165.593505859375,36.123172760009766,280.260009765625,178.6420135498047,114.32772827148438,292.2964782714844,144.85545349121094,136.4104766845703,364.5249328613281,315.5886535644531,237.25537109375,14.298504829406738,117.5822525024414,248.01210021972656,224.53334045410156,375.4151611328125,222.77655029296875,42.243961334228516
2021-05-05,124.54657745361328,486.69000244140625,163.52699279785156,36.46678161621094,282.760009765625,175.98541259765625,114.72124481201172,291.6640625,144.2510528564453,138.20030212402344,357.9599914550781,312.27764892578125,235.99151611328125,14.405360221862793,116.63841247558594,245.27578735351562,223.64666748046875,376.4737854003906,220.0690460205078,42.30884552001953
2021-05-06,126.1410903930664,483.6099853515625,165.31849670410156,37.013031005859375,289.7099914550781,176.2568817138672,115.8403091430664,296.52142333984375,144.8295440673828,140.98146057128906,364.10797119140625,317.2341613769531,239.1129150390625,14.469625473022461,118.10663604736328,249.8561248779297,221.17999267578125,378.72802734375,222.09487915039062,42.741371154785156
2021-05-07,126.81310272216797,488.7300109863281,164.58050537109375,37.162811279296875,290.92999267578125,179.2140655517578,116.56289672851562,297.98834228515625,145.4857177734375,141.46401977539062,364.0303955078125,316.3023681640625,241.7268829345703,14.757811546325684,118.11539459228516,251.1846160888672,224.1233367919922,381.1739807128906,222.8629608154297,42.33046340942383
2021-05-10,123.54074096679688,479.3800048828125,159.52450561523438,37.04827880859375,292.3299865722656,178.69049072265625,113.58036041259766,299.63092041015625,147.0139923095703,141.44642639160156,355.24481201171875,303.3065185546875,236.6713409423828,14.2133207321167,120.31776428222656,241.53817749023438,209.67999267578125,384.1310729980469,216.95822143554688,42.90718078613281
2021-05-11,122.62528228759766,485.19000244140625,161.19549560546875,36.6253662109375,285.6300048828125,176.1405487060547,112.5053939819336,290.443115234375,145.81385803222656,139.0951690673828,356.4762878417969,303.861572265625,235.76170349121094,14.25367259979248,119.72347259521484,246.4654998779297,205.73333740234375,375.7436828613281,216.48776245117188,42.20071029663086
2021-05-12,119.56716918945312,472.0899963378906,157.5970001220703,36.281761169433594,282.9100036621094,172.4368133544922,109.04556274414062,278.4445495605469,145.2267303466797,138.13888549804688,345.8191223144531,299.9162902832031,228.83909606933594,13.707932472229004,118.45624542236328,237.85009765625,196.6300048828125,369.9664306640625,211.8311767578125,42.10699462890625
2021-05-13,121.70978546142578,474.1600036621094,158.07350158691406,36.86326217651367,286.8999938964844,172.91189575195312,110.4724349975586,285.8404846191406,146.74636840820312,141.692138671875,349.1162109375,302.6026916503906,232.69778442382812,13.61502456665039,120.3614730834961,238.7324676513672,190.56333923339844,372.8779602050781,215.12918090820312,42.39535140991211
2021-05-14,124.12507629394531,486.55999755859375,161.14500427246094,37.3214111328125,290.67999267578125,168.4131317138672,112.91773223876953,284.2680969238281,146.97084045410156,143.894287109375,352.888427734375,313.1897277832031,237.60011291503906,14.190652847290039,120.61489868164062,244.17532348632812,196.5800018310547,374.00958251953125,218.2060546875,42.30884552001953
2021-05-17,122.97589111328125,482.739990234375,163.51950073242188,37.65619659423828,289.2200012207031,164.90330505371094,113.44010162353516,281.08843994140625,147.1176300048828,144.47332763671875,352.2969055175781,312.7138977050781,234.75634765625,14.113439559936523,120.37020111083984,242.26190185546875,192.27667236328125,372.9418029785156,217.7252960205078,41.76816940307617
2021-05-18,121.59292602539062,480.6199951171875,161.61399841308594,37.145198822021484,287.5899963378906,164.51547241210938,112.12921905517578,278.2250061035156,147.1693878173828,142.43792724609375,352.073974609375,307.2617492675781,232.74566650390625,13.96423625946045,119.13793182373047,241.1217803955078,192.6233367919922,374.5389099121094,216.88876342773438,41.22031021118164
2021-05-19,121.43708801269531,480.4700012207031,161.58999633789062,36.9777946472168,286.2200012207031,164.11795043945312,112.57675170898438,276.2047424316406,146.84994506835938,141.3499298095703,350.0470886230469,310.86016845703125,233.32144165039062,14.014054298400879,119.38262939453125,242.52957153320312,187.82000732421875,373.7358093261719,215.94647216796875,41.03287124633789
2021-05-20,123.98873138427734,491.6700134277344,162.38400268554688,36.889686584472656,286.7300109863281,166.1443634033203,114.33367919921875,277.4783020019531,147.70477294921875,141.1042938232422,356.5635681152344,315.83642578125,236.54603576660156,14.558794021606445,120.60614776611328,249.38023376464844,195.5933380126953,372.9509582519531,217.7252960205078,40.93916702270508
2021-05-21,122.15776824951172,488.07000732421875,160.1540069580078,37.356658935546875,287.739990234375,167.1527099609375,113.69830322265625,277.3641357421875,147.60977172851562,142.70986938476562,356.4666748046875,313.4771728515625,235.28883361816406,14.936651229858398,120.60614776611328,248.53753662109375,193.6266632080078,375.67974853515625,218.0425567626953,41.025657653808594
2021-05-24,123.78421020507812,497.8299865722656,162.24949645996094,37.55929183959961,289.7300109863281,169.00454711914062,117.01441955566406,276.5473327636719,148.1744384765625,143.48190307617188,361.1018371582031,321.8040466308594,240.67276000976562,15.5546236038208,120.57120513916016,254.96192932128906,202.14666748046875,375.0592041015625,220.4944610595703,41.076133728027344
2021-05-25,123.58943939208984,505.0799865722656,162.95249938964844,37.013031005859375,287.20001220703125,170.8079376220703,117.1051025390625,278.2250061035156,147.76612854003906,141.99920654296875,356.09814453125,324.93658447265625,241.57485961914062,15.590239524841309,120.98197937011719,256.4291687011719,201.56333923339844,376.9757080078125,220.20599365234375,40.7156867980957
2021-05-26,123.54074096679688,506.9800109863281,163.25799560546875,37.03946304321289,287.3299865722656,171.09881591796875,117.96943664550781,278.7344665527344,146.888671875,141.9816131591797,351.6666259765625,324.8076477050781,241.35414123535156,15.64229679107666,120.7110595703125,259.1258239746094,206.3766632080078,377.1217346191406,218.33106994628906,40.62917709350586
2021-05-27,122.01168823242188,498.2799987792969,161.5054931640625,37.48880386352539,289.29998779296875,173.59056091308594,117.09569549560547,279.9992980957031,146.66273498535156,144.19253540039062,351.0362854003906,329.8533630371094,239.26199340820312,15.43107795715332,117.96681213378906,257.2421569824219,210.28334045410156,376.6563415527344,218.12908935546875,40.57872009277344
2021-05-28,121.35917663574219,504.5799865722656,161.15350341796875,37.34783935546875,289.44000244140625,173.2124481201172,116.80675506591797,280.1222839355469,147.0449981689453,144.0960693359375,349.65924072265625,325.86834716796875,239.6170654296875,16.184797286987305,117.85319519042969,257.78741455078125,208.4066619873047,375.94439697265625,218.55215454101562,40.7228889465332
2021-06-01,121.03778076171875,495.9100036621094,160.9324951171875,37.814796447753906,289.8399963378906,173.3966827392578,118.0125503540039,277.8384704589844,143.81309509277344,145.6840362548828,348.8932189941406,326.2648620605469,237.428955078125,16.20472526550293,116.13148498535156,257.04388427734375,207.96665954589844,371.1986083984375,217.90797424316406,40.64358901977539
2021-06-02,121.79742431640625,495.7699890136719,161.69949340820312,37.8324089050293,290.0199890136719,171.61270141601562,117.48771667480469,276.5758361816406,144.3951416015625,145.69284057617188,355.7394104003906,326.28472900390625,237.33302307128906,16.716585159301758,116.63841247558594,259.9189758300781,201.7066650390625,370.40460205078125,220.8213653564453,40.83823776245117
2021-06-03,120.31708526611328,493.1400146484375,159.35049438476562,38.26594924926758,291.9700012207031,170.87582397460938,116.34732055664062,274.9864807128906,144.25616455078125,145.78932189941406,350.8616638183594,323.2017822265625,235.80711364746094,16.907377243041992,118.72714233398438,255.57659912109375,190.94667053222656,372.330322265625,219.3310089111328,41.076133728027344
2021-06-04,122.60578918457031,504.5,160.31100463867188,38.28363800048828,292.5199890136719,171.7871856689453,118.62661743164062,274.6156311035156,144.19532775878906,146.0261993408203,354.9344787597656,327.4742431640625,240.68234252929688,17.51364517211914,118.81455993652344,260.7815246582031,199.68333435058594,370.2129211425781,221.2828826904297,41.30680465698242
2021-06-07,122.61549377441406,509.4700012207031,159.90049743652344,38.15092849731445,289.4599914550781,171.60299682617188,119.05927276611328,273.6885070800781,143.21360778808594,145.34190368652344,353.0531311035156,333.6500244140625,243.58062744140625,17.554244995117188,119.22532653808594,258.36248779296875,201.7100067138672,365.2936706542969,222.41746520996094,41.23472595214844
2021-06-08,123.43360137939453,509.20001220703125,163.20550537109375,37.93858337402344,289.19000244140625,170.96307373046875,118.86796569824219,274.5184326171875,141.95384216308594,144.76287841796875,354.197509765625,330.7752685546875,242.39060974121094,17.392839431762695,117.84445190429688,260.8905334472656,201.19667053222656,366.65350341796875,223.119384765625,41.19868087768555
2021-06-09,123.81342315673828,514.6799926757812,164.0574951171875,37.443115234375,288.5799865722656,170.68190002441406,119.33880615234375,271.37506103515625,143.865234375,142.95550537109375,352.32598876953125,327.3751525878906,243.36952209472656,17.298419952392578,117.8007583618164,261.33673095703125,199.5933380126953,366.0694885253906,223.36936950683594,41.12659454345703
2021-06-10,122.82003021240234,535.52001953125,167.4824981689453,36.8857307434082,284.9100036621094,171.19578552246094,120.68634796142578,272.2315368652344,145.15968322753906,140.72703552246094,353.26654052734375,329.5658874511719,246.8723907470703,17.364940643310547,118.6747055053711,267.15631103515625,203.3733367919922,366.4253234863281,224.9462890625,41.33564376831055
2021-06-11,124.02769470214844,541.260009765625,167.3415069580078,37.03612518310547,286.82000732421875,171.9811248779297,120.4420166015625,274.4037170410156,143.31785583496094,140.63050842285156,354.43023681640625,328.3763122558594,247.49618530273438,17.763809204101562,117.8619384765625,269.1192932128906,203.29666137695312,363.13983154296875,225.91737365722656,41.32843780517578
2021-06-14,127.07604217529297,556.9500122070312,169.19349670410156,36.593746185302734,283.5299987792969,172.7567596435547,121.36929321289062,273.1234130859375,143.67405700683594,138.24415588378906,355.4193420410156,333.83837890625,249.41561889648438,17.95663833618164,117.9056625366211,272.5694274902344,205.89666748046875,364.29888916015625,225.0712127685547,41.22031021118164
2021-06-15,126.25794219970703,548.4600219726562,169.156494140625,36.62028121948242,283.94000244140625,170.50738525390625,120.3523178100586,270.58917236328125,142.90951538085938,136.14724731445312,356.9708557128906,333.81854248046875,247.94728088378906,17.727182388305664,117.67840576171875,269.5555419921875,199.7866668701172,365.321044921875,224.01358032226562,41.29960250854492
2021-06-16,126.75465393066406,543.3300170898438,170.7624969482422,36.823787689208984,283.1099853515625,169.34390258789062,119.71099090576172,267.3486022949219,142.85739135742188,137.10357666015625,352.8011779785156,328.1979064941406,247.0067596435547,17.748855590820312,116.04410552978516,266.5118713378906,201.6233367919922,362.5556945800781,220.763671875,40.831031799316406
2021-06-17,128.35183715820312,551.3599853515625,174.46200561523438,35.21352005004883,278.69000244140625,169.3341827392578,120.67346954345703,267.64892578125,143.5437469482422,133.14671325683594,356.16607666015625,333.5807189941406,250.38487243652344,18.592937469482422,117.10160064697266,275.72210693359375,205.53334045410156,362.6470031738281,223.2155303955078,40.751731872558594
2021-06-18,127.05654907226562,565.5900268554688,174.34500122070312,34.31106185913086,274.0400085449219,167.17208862304688,119.05531311035156,267.1985168457031,140.72877502441406,129.77772521972656,356.2921447753906,326.7902526855469,248.97413635253906,18.574506759643555,115.38863372802734,280.9468688964844,207.77000427246094,356.66546630859375,221.54251098632812,40.23990249633789
2021-06-21,128.84857177734375,567.3499755859375,172.697998046875,35.16928482055664,277.1000061035156,168.67491149902344,120.74185943603516,271.6046447753906,142.3448028564453,131.97984313964844,361.7903747558594,329.3973693847656,252.0451202392578,18.36372947692871,116.2975845336914,280.6692810058594,206.94332885742188,364.6347351074219,225.30201721191406,40.650794982910156
2021-06-22,130.48472595214844,575.739990234375,175.27200317382812,35.363929748535156,276.9200134277344,168.21922302246094,121.25529479980469,276.1166687011719,142.15362548828125,131.78683471679688,366.5904235839844,336.0787353515625,254.80906677246094,18.821645736694336,116.34123992919922,284.2879333496094,207.90333557128906,365.2026062011719,226.85003662109375,40.63638687133789
2021-06-23,130.2120361328125,574.22998046875,175.1909942626953,35.567420959472656,274.6600036621094,169.99351501464844,121.0535888671875,275.1983947753906,141.29354858398438,132.58522033691406,363.7783508300781,337.6250915527344,254.57870483398438,18.991558074951172,116.17521667480469,285.6461486816406,218.85667419433594,362.3355712890625,225.6481475830078,40.42012023925781
2021-06-24,129.9296112060547,578.260009765625,172.45399475097656,36.12481689453125,275.489990234375,172.51438903808594,121.42332458496094,275.3485107421875,141.93643188476562,133.8047332763672,363.40008544921875,340.1925964355469,255.94149780273438,19.139297485351562,116.25386810302734,290.6924743652344,226.60667419433594,365.3675537109375,227.1481475830078,40.63638687133789
2021-06-25,129.63742065429688,579.6599731445312,170.072998046875,36.823787689208984,278.3800048828125,172.92160034179688,121.43174743652344,276.9289855957031,142.66624450683594,135.15585327148438,368.11285400390625,338.3983154296875,254.33883666992188,18.965402603149414,117.91439819335938,287.11346435546875,223.9566650390625,370.9368591308594,228.1865997314453,40.64358901977539
2021-06-28,131.26385498046875,588.7999877929688,172.1945037841797,36.77070236206055,276.6099853515625,171.19578552246094,121.45899200439453,277.5030212402344,142.50119018554688,135.4015350341797,356.5441589355469,352.5440673828125,257.8896789550781,19.916112899780273,118.26396942138672,291.128662109375,229.57333374023438,367.739990234375,225.0808563232422,40.49940872192383
2021-06-29,132.7733917236328,590.75,172.40699768066406,36.17790985107422,276.2099914550781,168.6361083984375,121.19781494140625,280.9995422363281,142.50987243652344,135.23480224609375,356.8544921875,348.8268127441406,260.46160888671875,19.957721710205078,117.45990753173828,290.246337890625,226.9199981689453,364.6621398925781,226.86932373046875,40.25430679321289
2021-06-30,133.38697814941406,585.6400146484375,172.00799560546875,36.478729248046875,277.9200134277344,170.4201202392578,121.01643371582031,281.57354736328125,143.12672424316406,136.46311950683594,354.03265380859375,344.6831359863281,259.9818115234375,19.933555603027344,117.92311096191406,288.9773254394531,226.56666564941406,366.8055725097656,224.82125854492188,40.39128875732422
2021-07-01,133.68885803222656,584.72998046875,171.64849853515625,36.75300979614258,280.1700134277344,171.86476135253906,121.36830139160156,283.9134521484375,144.18667602539062,137.81423950195312,359.4824523925781,351.3050231933594,260.65362548828125,20.1423282623291,118.19405364990234,286.51861572265625,225.97332763671875,370.8818359375,226.10009765625,40.57872009277344
2021-07-02,136.30873107910156,593.0700073242188,175.5489959716797,36.407955169677734,279.1199951171875,171.71934509277344,124.15657806396484,284.93768310546875,146.8104705810547,137.68186950683594,363.6716003417969,351.6123352050781,266.4597473144531,20.416379928588867,118.77084350585938,287.7479553222656,226.3000030517578,374.97637939453125,229.44615173339844,40.68684387207031
2021-07-06,138.3149871826172,596.9000244140625,183.78700256347656,35.4524040222168,277.32000732421875,168.4034423828125,125.08087158203125,281.90020751953125,145.93295288085938,135.36997985839844,364.72857666015625,349.7089538574219,266.4693908691406,20.627151489257812,118.84078216552734,290.12738037109375,219.86000061035156,375.8008117675781,230.37881469726562,40.66522216796875
2021-07-07,140.7984619140625,605.77001953125,184.82899475097656,35.16928482055664,279.239990234375,167.55992126464844,125.36238098144531,285.62646484375,147.1840362548828,135.52882385253906,362.5952453613281,347.43896484375,268.6478271484375,20.301528930664062,119.73221588134766,294.57879638671875,214.88333129882812,377.083251953125,230.763427734375,40.751731872558594
2021-07-08,139.50314331054688,605.9500122070312,186.57049560546875,34.31106185913086,274.1000061035156,167.54051208496094,123.9449462890625,281.2644348144531,146.89730834960938,133.19046020507812,359.40106201171875,342.6410217285156,266.23907470703125,19.834144592285156,119.7146987915039,292.51666259765625,217.60333251953125,375.5168151855469,227.5038604736328,40.58989334106445
2021-07-09,141.3243865966797,604.5,185.9669952392578,35.425872802734375,280.489990234375,171.6514434814453,124.415283203125,284.3990173339844,147.4794464111328,137.4524383544922,362.0709533691406,347.36956787109375,266.7380676269531,19.981136322021484,119.75843811035156,297.6323547363281,218.98333740234375,377.4953918457031,229.29226684570312,40.87419509887695
2021-07-12,140.73028564453125,600.2000122070312,185.92750549316406,35.9478759765625,280.1099853515625,178.76806640625,125.8594741821289,284.0899963378906,147.24485778808594,139.4202117919922,364.61456298828125,350.085693359375,266.1430969238281,20.441795349121094,119.85456085205078,300.3686828613281,228.56666564941406,381.0953369140625,228.71536254882812,40.932518005371094
2021-07-13,141.84051513671875,605.010009765625,183.8679962158203,35.266605377197266,279.2099914550781,178.06027221679688,126.22225189208984,279.9488220214844,147.06243896484375,137.34654235839844,372.5270690917969,349.02496337890625,269.6555480957031,20.180200576782227,119.70600128173828,298.60394287109375,222.84666442871094,383.3852844238281,233.0229949951172,40.88877487182617
2021-07-14,145.2589569091797,608.8300170898438,184.08399963378906,34.381839752197266,278.30999755859375,177.83729553222656,127.1098861694336,281.8648681640625,148.0615234375,136.87890625,379.410400390625,344.6038513183594,271.1239318847656,19.77310562133789,120.58866882324219,298.167724609375,217.7933349609375,379.9044494628906,236.52288818359375,41.05644989013672
2021-07-15,144.6064453125,606.1699829101562,181.55999755859375,34.35530471801758,279.7200012207031,178.54507446289062,125.88871765136719,284.946533203125,146.28048706054688,137.17892456054688,378.8570556640625,341.46136474609375,269.7035827636719,18.900869369506836,121.61998748779297,293.9641418457031,216.86666870117188,384.76849365234375,238.984375,41.2241096496582
2021-07-16,142.57098388671875,606.0999755859375,178.68150329589844,33.5501708984375,277.8999938964844,173.8523712158203,125.85403442382812,283.9134521484375,146.04591369628906,134.04638671875,375.83770751953125,338.1901550292969,269.43487548828125,18.098400115966797,122.79979705810547,292.10028076171875,214.74000549316406,384.4479064941406,238.57089233398438,41.158504486083984
2021-07-19,138.73374938964844,602.0499877929688,177.47950744628906,32.674251556396484,272.6600036621094,167.6859588623047,123.48303985595703,281.5558166503906,144.9859619140625,129.68727111816406,354.7992858886719,334.0168151855469,265.8455505371094,18.715017318725586,122.73863983154297,292.31842041015625,215.4066619873047,374.7015075683594,231.15768432617188,40.7065315246582
2021-07-20,142.33726501464844,608.719970703125,178.6595001220703,33.34666061401367,276.8900146484375,171.37030029296875,125.10023498535156,287.277587890625,146.34999084472656,132.10508728027344,363.4787292480469,338.685791015625,268.0625305175781,18.5478458404541,122.08313751220703,295.5107421875,220.1666717529297,378.2832336425781,233.35948181152344,40.516998291015625
2021-07-21,141.60678100585938,612.260009765625,179.25999450683594,34.027931213378906,279.8800048828125,171.5060272216797,126.42794036865234,288.16937255859375,147.25355529785156,134.88461303710938,368.98345947265625,343.2160339355469,270.05865478515625,19.34309196472168,121.65494537353516,299.178955078125,218.42999267578125,379.8128662109375,234.28256225585938,40.78672790527344
2021-07-22,142.9702606201172,623.6799926757812,181.90150451660156,33.58555603027344,277.70001220703125,169.7996063232422,127.29277038574219,288.4342346191406,147.6792449951172,133.18157958984375,371.0222473144531,348.1328125,274.607666015625,19.526458740234375,121.18880462646484,301.0824890136719,216.4199981689453,380.8480224609375,234.74407958984375,40.78672790527344
2021-07-23,144.68435668945312,625.8699951171875,182.83200073242188,33.35551834106445,278.489990234375,170.7788543701172,131.8459014892578,293.8909912109375,149.25180053710938,132.92568969726562,381.7987060546875,366.5709533691406,277.9953918457031,19.490589141845703,122.93893432617188,305.88092041015625,214.4600067138672,382.61590576171875,239.436279296875,40.73569107055664
2021-07-26,145.1031494140625,620.7999877929688,184.99099731445312,33.7359733581543,278.79998779296875,173.29974365234375,132.85691833496094,292.4252624511719,149.32131958007812,133.81692504882812,381.3521423339844,369.2176513671875,277.4002990722656,19.227493286132812,123.36986541748047,304.165771484375,219.2066650390625,378.8053283691406,240.61892700195312,40.66278839111328
2021-07-27,142.94107055664062,618.280029296875,181.3195037841797,33.60325241088867,280.7799987792969,174.03659057617188,130.74069213867188,288.9639892578125,150.00767517089844,133.6404266357422,378.8958435058594,364.6081848144531,274.9914855957031,19.14179229736328,123.87113952636719,297.9000549316406,214.92666625976562,380.2342834472656,241.2727813720703,40.96896743774414
2021-07-28,141.19776916503906,620.9199829101562,181.51600646972656,33.7359733581543,278.1000061035156,173.6487579345703,134.8978271484375,287.4276428222656,149.5906219482422,133.86106872558594,372.26495361328125,370.0305480957031,274.6844482421875,19.435771942138672,122.03308868408203,299.3871765136719,215.66000366210938,374.8023681640625,237.43629455566406,40.61905288696289
2021-07-29,141.84051513671875,621.7000122070312,179.99600219726562,34.22258758544922,279.760009765625,172.92160034179688,134.5841064453125,289.1141052246094,149.5906219482422,135.0081787109375,377.4784851074219,355.2007751464844,274.9531555175781,19.59422492980957,122.66632080078125,280.7386779785156,225.78334045410156,377.4679260253906,238.37863159179688,40.808589935302734
2021-07-30,142.0547637939453,621.6300048828125,166.37950134277344,33.93946075439453,278.2900085449219,170.6625213623047,133.5423583984375,289.78515625,149.60801696777344,133.93165588378906,374.6921081542969,353.1983642578125,273.42718505859375,19.431787490844727,125.08479309082031,273.1642761230469,229.06666564941406,377.5961608886719,236.90748596191406,40.66278839111328
2021-08-02,141.72366333007812,618.75,166.57400512695312,33.58555603027344,278.1400146484375,170.20681762695312,133.66920471191406,288.9286804199219,149.6687774658203,133.3933868408203,364.3233337402344,348.8862609863281,273.34088134765625,19.681926727294922,124.77701568603516,268.66326904296875,236.55667114257812,380.664794921875,230.55189514160156,40.648216247558594
2021-08-03,143.5156707763672,621.280029296875,168.31199645996094,34.107566833496094,281.79998779296875,167.72474670410156,134.43788146972656,293.0964660644531,151.51068115234375,134.91110229492188,356.8865661621094,348.18243408203125,275.54815673828125,19.746700286865234,126.59744262695312,271.1517028808594,236.5800018310547,386.4631042480469,227.9654083251953,40.626338958740234
2021-08-04,143.11634826660156,625.6799926757812,167.73599243164062,33.859832763671875,278.7799987792969,167.3272247314453,133.93785095214844,291.6571044921875,150.6157989501953,133.45516967773438,357.28466796875,355.7955627441406,274.96270751953125,20.204116821289062,125.26067352294922,273.1345520019531,236.97332763671875,386.1333923339844,227.56155395507812,40.36391067504883
2021-08-05,143.22348022460938,632.0800170898438,168.79949951171875,34.523406982421875,280.2099914550781,171.3314971923828,135.05393981933594,294.12945556640625,150.90252685546875,135.1405487060547,361.10003662109375,359.810302734375,277.8514099121094,20.56586265563965,125.32225799560547,278.2601623535156,238.2100067138672,376.6527099609375,230.96533203125,40.312870025634766
2021-08-06,142.54074096679688,631.3800048828125,167.2469940185547,35.523189544677734,285.6300048828125,171.7387237548828,134.54544067382812,291.2421569824219,150.3986053466797,138.97900390625,363.6146545410156,360.34564208984375,277.7937927246094,20.295799255371094,124.36363220214844,277.13983154296875,233.03334045410156,380.2525939941406,232.10951232910156,40.25455856323242
2021-08-09,142.49195861816406,629.219970703125,167.093505859375,35.98326110839844,287.2300109863281,171.34120178222656,135.70962524414062,290.28851318359375,150.91990661621094,138.82901000976562,359.8768005371094,358.4620666503906,276.7093200683594,20.225046157836914,125.04081726074219,275.76177978515625,237.9199981689453,376.35955810546875,230.763427734375,40.18165969848633
2021-08-10,142.01405334472656,621.739990234375,166.03399658203125,36.65568542480469,288.94000244140625,171.68055725097656,135.6045684814453,292.69024658203125,150.97201538085938,140.53204345703125,357.1195983886719,357.986328125,274.8954772949219,19.867284774780273,125.11995697021484,272.01422119140625,236.663330078125,377.193115234375,228.90765380859375,40.44409942626953
2021-08-11,142.26763916015625,626.030029296875,164.60549926757812,37.11576461791992,291.2799987792969,172.6695098876953,135.0812225341797,297.5642395019531,150.9980926513672,142.20860290527344,353.6244812011719,356.8264465332031,275.38494873046875,19.6310977935791,125.42776489257812,274.0367126464844,235.94000244140625,373.492431640625,226.01353454589844,40.50970458984375
2021-08-12,145.22300720214844,634.3499755859375,165.1750030517578,37.29270553588867,290.239990234375,173.83297729492188,135.98812866210938,294.93292236328125,152.2144012451172,142.76451110839844,351.43035888671875,359.4930725097656,278.1297302246094,19.83638572692871,125.71803283691406,272.2323303222656,240.75,371.8619079589844,223.17320251464844,40.56072998046875
2021-08-13,145.42782592773438,637.3099975585938,164.69850158691406,36.8326301574707,287.8900146484375,175.56851196289062,136.51695251464844,292.5489807128906,153.12669372558594,141.1674041748047,352.1779479980469,360.0185241699219,281.0472106933594,20.118417739868164,126.32484436035156,272.5495910644531,239.05667114257812,375.26031494140625,224.001220703125,40.7283935546875
2021-08-16,147.3980712890625,636.9400024414062,164.94949340820312,36.53181076049805,289.45001220703125,173.6390838623047,137.0938720703125,295.84246826171875,154.50804138183594,140.24082946777344,352.96435546875,363.3691101074219,282.7266540527344,19.881237030029297,127.20428466796875,275.8906555175781,228.72332763671875,382.1669921875,226.61048889160156,40.808589935302734
2021-08-17,146.49098205566406,635.010009765625,162.09800720214844,36.35486602783203,289.1000061035156,170.4783172607422,135.4603271484375,283.2158508300781,155.92417907714844,138.54660034179688,352.6438903808594,355.32965087890625,281.2679138183594,19.39093017578125,127.41536712646484,268.7723083496094,221.90333557128906,386.35321044921875,225.81134033203125,40.95438003540039
2021-08-18,142.7553253173828,626.77001953125,160.06100463867188,36.08943557739258,286.3599853515625,169.42147827148438,134.25851440429688,283.9222717285156,153.94332885742188,137.28480529785156,350.43035888671875,352.3557434082031,279.5467834472656,18.9743709564209,126.02583312988281,266.53167724609375,229.663330078125,382.2677917480469,223.01919555664062,40.43680953979492
2021-08-19,143.0869598388672,637.6599731445312,159.3874969482422,35.55857849121094,285.1300048828125,167.976806640625,134.48745727539062,285.1141357421875,155.14227294921875,136.1376190185547,346.896484375,352.02862548828125,285.3544616699219,19.729759216308594,127.51209259033203,268.2567443847656,224.49000549316406,391.9499816894531,222.9613800048828,40.36391067504883
2021-08-20,144.54025268554688,647.3400268554688,159.99749755859375,35.71783447265625,285.2699890136719,169.78990173339844,136.2216033935547,290.7123718261719,155.89816284179688,136.52590942382812,344.6440734863281,356.24163818359375,292.65240478515625,20.744247436523438,127.60001373291016,270.6163330078125,226.75332641601562,393.6170654296875,222.75921630859375,40.47325134277344
2021-08-23,146.0228271484375,656.8599853515625,163.2935028076172,36.19560623168945,285.6199951171875,172.2526092529297,138.81065368652344,289.3877868652344,155.22518920898438,138.27308654785156,350.4886779785156,360.1869812011719,292.931396484375,21.882312774658203,126.94923400878906,274.6018371582031,235.43333435058594,389.6324462890625,225.4358367919922,40.40036392211914
2021-08-24,145.93502807617188,657.239990234375,165.28900146484375,36.699920654296875,286.0199890136719,173.03793334960938,140.01991271972656,286.8802185058594,153.28492736816406,139.12899780273438,351.2362060546875,362.32818603515625,290.9793701171875,21.717884063720703,125.9202651977539,277.110107421875,236.163330078125,387.8463439941406,225.53213500976562,40.101470947265625
2021-08-25,144.70603942871094,656.7999877929688,164.95899963378906,37.29270553588867,287.29998779296875,172.88279724121094,140.83023071289062,285.9795837402344,152.27117919921875,141.99685668945312,348.6343078613281,365.18310546875,290.392822265625,22.136428833007812,125.47175598144531,275.30572509765625,237.06666564941406,384.48455810546875,223.94346618652344,40.04315948486328
2021-08-26,143.90625,652.3900146484375,165.8000030517578,37.19538116455078,285.2699890136719,171.1860809326172,140.19732666015625,283.8604736328125,151.45835876464844,142.72923278808594,342.5762023925781,361.2080383300781,287.5851745605469,21.991931915283203,125.25190734863281,271.2706604003906,233.72000122070312,381.8372802734375,221.950439453125,39.80259323120117
2021-08-27,144.9401397705078,658.52001953125,167.48150634765625,37.59353256225586,286.6000061035156,174.65713500976562,142.73831176757812,285.5380859375,151.13504028320312,143.87637329101562,345.36248779296875,369.3861999511719,288.19091796875,22.5579776763916,125.1551513671875,275.9402160644531,237.30667114257812,383.5869445800781,224.0397491455078,39.926517486572266
2021-08-30,149.34886169433594,665.989990234375,171.07850646972656,36.85917282104492,285.6600036621094,174.50198364257812,143.31964111328125,288.82281494140625,151.77301025390625,141.57330322265625,342.7605895996094,377.3462829589844,291.912109375,22.60979461669922,125.70040130615234,285.9931640625,243.6366729736328,383.1654968261719,222.63400268554688,39.926517486572266
2021-08-31,148.09056091308594,663.7000122070312,173.5395050048828,36.938804626464844,285.7699890136719,175.78179931640625,143.4257049560547,288.01043701171875,151.30979919433594,141.14088439941406,336.1394348144531,376.0774230957031,290.2678527832031,22.311771392822266,125.22552490234375,286.1815185546875,245.24000549316406,381.3059387207031,220.58323669433594,40.09418487548828
2021-09-01,148.75384521484375,665.8900146484375,173.9499969482422,36.44334030151367,285.260009765625,177.89544677734375,143.9391632080078,287.2205505371094,151.84292602539062,140.93800354003906,339.382080078125,378.7242126464844,290.2198181152344,22.367589950561523,126.50071716308594,284.2879333496094,244.69667053222656,382.2952575683594,221.56527709960938,40.05044937133789
2021-09-02,149.8657684326172,664.6400146484375,173.156005859375,36.478912353515625,285.04998779296875,176.3247528076172,142.02760314941406,290.8591003417969,152.88296508789062,141.59092712402344,331.3337097167969,372.0131530761719,289.5659484863281,22.322738647460938,126.59744262695312,283.07843017578125,244.1300048828125,388.1210632324219,215.84613037109375,40.30559158325195
2021-09-03,150.4998016357422,666.5900268554688,173.90249633789062,36.505584716796875,281.8900146484375,175.49093627929688,142.4761505126953,293.16656494140625,152.97906494140625,140.7350311279297,330.3143005371094,372.984619140625,289.55633544921875,22.768274307250977,126.68540954589844,286.64752197265625,244.52333068847656,387.3424987792969,216.74156188964844,40.40764617919922
2021-09-07,152.83090209960938,661.3900146484375,175.46449279785156,36.74570083618164,278.8999938964844,178.7292938232422,143.01239013671875,291.9330139160156,150.60191345214844,140.48793029785156,334.66363525390625,378.8530578613281,288.6332702636719,22.587867736816406,126.21049499511719,290.7420349121094,250.97332763671875,385.8585205078125,217.8584442138672,39.96297073364258
2021-09-08,151.289794921875,663.219970703125,176.27499389648438,36.265480041503906,279.3399963378906,179.51461791992188,142.4280548095703,294.2669982910156,150.2348175048828,139.8614044189453,340.8092346191406,374.2831726074219,288.662109375,22.26592254638672,127.16910552978516,282.7809753417969,251.2899932861328,380.4999694824219,220.5735626220703,40.02857208251953
2021-09-09,150.27545166015625,661.6799926757812,174.20799255371094,36.39886474609375,278.6099853515625,180.25149536132812,142.27935791015625,294.4356689453125,146.8875274658203,140.4702606201172,341.1684265136719,374.7095031738281,285.8159484863281,22.104454040527344,126.63265991210938,284.41680908203125,251.6199951171875,379.7304382324219,219.0330352783203,39.685951232910156
2021-09-10,145.30104064941406,658.9400024414062,173.45750427246094,35.811946868896484,277.6000061035156,178.51597595214844,139.63780212402344,294.59539794921875,145.92616271972656,138.85543823242188,337.265625,375.39349365234375,284.335205078125,22.404464721679688,126.75578308105469,281.8787841796875,245.42333984375,371.2828063964844,216.5489959716797,39.53286361694336
2021-09-13,145.8667449951172,645.1500244140625,172.85850524902344,36.407752990722656,279.9200134277344,179.34979248046875,141.08151245117188,297.7016296386719,144.9036407470703,141.06149291992188,337.6830139160156,373.232421875,285.5659484863281,22.07953643798828,128.118896484375,278.0816650390625,247.6666717529297,381.0357971191406,216.27940368652344,39.817176818847656
2021-09-14,144.47198486328125,645.010009765625,172.5,35.42953872680664,277.20001220703125,176.84832763671875,141.2916259765625,295.6337890625,144.02964782714844,138.59954833984375,335.7218933105469,373.25225830078125,288.25823974609375,22.169240951538086,127.8990249633789,279.816650390625,248.163330078125,379.2156982421875,214.7388916015625,39.66408920288086
2021-09-15,145.35952758789062,661.0800170898438,173.7895050048828,35.69632339477539,278.17999267578125,178.79713439941406,143.1600799560547,295.85565185546875,144.57151794433594,139.56138610839844,334.70245361328125,370.66497802734375,293.09478759765625,22.267913818359375,127.62642669677734,280.0050048828125,251.94332885742188,383.7933654785156,215.4898681640625,39.780723571777344
2021-09-16,145.1254425048828,665.1099853515625,174.41200256347656,35.972015380859375,277.510009765625,177.7597198486328,142.3477783203125,298.53582763671875,144.396728515625,139.49961853027344,336.21710205078125,369.8124694824219,293.4794616699219,22.169240951538086,126.7381591796875,280.5404052734375,252.3300018310547,383.1683654785156,215.9905242919922,39.67866134643555
2021-09-17,142.46270751953125,654.47998046875,173.12600708007812,36.0164794921875,276.760009765625,177.88575744628906,139.56243896484375,297.8968505859375,143.9859619140625,139.13778686523438,333.0423889160156,361.54510498046875,288.3351135253906,21.828359603881836,126.9404296875,273.9673156738281,253.163330078125,386.2202453613281,213.5064697265625,39.56932067871094
2021-09-20,139.4195098876953,641.2899780273438,167.7864990234375,34.780357360839844,274.20001220703125,173.1736602783203,137.50027465820312,293.938720703125,143.16441345214844,134.97286987304688,329.7900390625,352.6036376953125,282.9794616699219,21.043935775756836,125.66522979736328,267.5925598144531,243.38999938964844,379.3627624511719,211.86964416503906,39.55473327636719
2021-09-21,139.8975067138672,645.8900146484375,167.18150329589844,34.79814910888672,273.17999267578125,165.96014404296875,137.81100463867188,296.61004638671875,143.793701171875,134.99050903320312,327.54730224609375,354.36810302734375,283.460205078125,21.17650032043457,125.85872650146484,267.1761169433594,246.4600067138672,379.0318298339844,211.98519897460938,39.3870735168457
2021-09-22,142.25790405273438,626.0800170898438,169.00250244140625,35.69632339477539,274.07000732421875,168.36465454101562,139.05050659179688,298.12750244140625,143.26930236816406,137.5760040283203,333.40155029296875,340.2223205566406,287.0947570800781,21.86922836303711,126.28968048095703,270.00164794921875,250.64666748046875,375.6859130859375,214.46925354003906,39.408935546875
2021-09-23,143.21376037597656,630.8400268554688,170.8000030517578,37.07474136352539,278.1199951171875,170.88551330566406,139.9748077392578,298.1098327636719,144.0821075439453,142.2262420654297,343.7509765625,342.9483337402344,288.03704833984375,22.40845489501953,126.80852508544922,276.70361328125,251.2133331298828,375.0700378417969,219.82260131835938,39.67137145996094
2021-09-24,143.30154418945312,622.7100219726562,171.2760009765625,37.47492980957031,277.8699951171875,170.64312744140625,140.96502685546875,299.5119934082031,143.64512634277344,143.8675537109375,347.7217712402344,349.8874206542969,287.835205078125,22.008764266967773,126.24565887451172,275.72210693359375,258.1300048828125,374.1967468261719,222.9806365966797,39.63492202758789
2021-09-27,141.78968811035156,603.6500244140625,170.2899932861328,38.47093200683594,279.7200012207031,172.83433532714844,139.83209228515625,302.99090576171875,142.60511779785156,147.34420776367188,346.3721618652344,350.50201416015625,282.8545227050781,21.589149475097656,124.58351135253906,271.0426330566406,263.78668212890625,372.53289794921875,221.06459045410156,39.707820892333984
2021-09-28,138.41490173339844,578.77001953125,165.79800415039062,38.38199996948242,276.7900085449219,169.20816040039062,134.63613891601562,296.2372741699219,142.29049682617188,146.5500946044922,340.945068359375,337.6845397949219,272.61407470703125,20.631284713745117,123.64249420166016,259.93878173828125,259.1866760253906,366.4201965332031,217.17478942871094,39.48183822631836
2021-09-29,139.31228637695312,577.7000122070312,165.05599975585938,38.30196762084961,277.2900085449219,167.42416381835938,133.17263793945312,299.0150451660156,143.3479766845703,146.43531799316406,342.8966064453125,336.65362548828125,273.0756530761719,20.44988441467285,124.90010070800781,256.7762145996094,260.4366760253906,368.0655517578125,218.2531280517578,39.642215728759766
2021-09-30,138.0150146484375,575.719970703125,164.2519989013672,37.75060272216797,272.94000244140625,164.02102661132812,132.50106811523438,291.3206481933594,141.14553833007812,144.44105529785156,337.5471496582031,336.4356384277344,271.07568359375,20.648231506347656,122.94770050048828,257.9757995605469,258.49334716796875,359.1766357421875,214.46925354003906,39.37248611450195
2021-10-01,139.13668823242188,577.469970703125,164.16299438476562,38.310855865478516,275.7099914550781,170.65281677246094,135.3428955078125,292.74053955078125,140.24537658691406,147.47659301757812,349.6828918457031,340.0240478515625,277.9795227050781,20.674148559570312,122.7542495727539,262.377685546875,258.40667724609375,360.73016357421875,221.89263916015625,39.583892822265625
2021-10-04,135.71310424804688,558.489990234375,159.48899841308594,38.542076110839844,273.6400146484375,168.18043518066406,132.48471069335938,289.73211669921875,139.15298461914062,147.31776428222656,334.1685791015625,323.3901062011719,272.2198791503906,19.667448043823242,122.05941772460938,252.82044982910156,260.510009765625,355.74798583984375,216.37562561035156,39.72969436645508
2021-10-05,137.63461303710938,566.7000122070312,161.0500030517578,39.32466506958008,278.04998779296875,169.29544067382812,134.8274688720703,292.40338134765625,139.4676055908203,149.72349548339844,333.2073974609375,330.0615234375,277.65252685546875,20.38409996032715,122.53437805175781,257.91632080078125,260.1966552734375,361.6494445800781,215.94241333007812,39.73698043823242
2021-10-06,138.50270080566406,570.3099975585938,163.10049438476562,39.342445373535156,280.2200012207031,170.1389617919922,136.35592651367188,293.1842956542969,139.7559814453125,150.04302978515625,338.52777099609375,330.73565673828125,281.8352355957031,20.63228416442871,124.17019653320312,261.7927551269531,260.9166564941406,362.40313720703125,218.08949279785156,39.751564025878906
2021-10-07,139.76087951660156,578.9600219726562,165.1215057373047,39.235721588134766,282.95001220703125,172.30108642578125,138.00132751464844,299.50311279296875,141.0057373046875,150.992919921875,344.02972412109375,326.3541259765625,283.50830078125,21.006059646606445,125.1639404296875,261.2772216796875,264.53668212890625,372.009033203125,221.97930908203125,39.75894546508789
2021-10-08,139.38055419921875,576.8599853515625,164.43099975585938,39.431365966796875,284.1400146484375,171.36061096191406,138.55690002441406,296.7164001464844,140.64739990234375,151.1083221435547,345.0503845214844,327.1769104003906,283.50830078125,20.76285743713379,124.64505004882812,257.82708740234375,261.8299865722656,375.46527099609375,221.70973205566406,39.27208709716797
2021-10-11,139.2927703857422,573.0700073242188,162.31500244140625,38.93336868286133,280.92999267578125,168.23858642578125,137.6930389404297,299.0505676269531,140.05308532714844,147.93026733398438,337.4584045410156,322.616943359375,282.9122009277344,20.627302169799805,125.1639404296875,252.860107421875,263.9800109863281,372.275634765625,216.74156188964844,38.49019241333008
2021-10-12,138.02476501464844,580.6900024414062,162.3665008544922,38.71992492675781,278.6199951171875,167.8604736328125,135.2497100830078,299.7870788574219,137.8157958984375,146.79397583007812,335.69891357421875,320.9515380859375,281.61407470703125,20.603376388549805,124.97925567626953,253.65325927734375,268.5733337402344,370.6669616699219,215.72091674804688,37.86319351196289
2021-10-13,137.4395294189453,591.1199951171875,164.21400451660156,38.364227294921875,277.8999938964844,167.69566345214844,136.3727569580078,300.213134765625,139.13543701171875,142.9235076904297,332.79241943359375,321.71478271484375,284.912109375,20.870500564575195,125.26947021484375,254.15884399414062,270.3599853515625,370.9519348144531,214.19003295898438,37.87794876098633
2021-10-14,140.2193603515625,607.510009765625,164.9929962158203,40.0805549621582,281.6400146484375,169.1015167236328,139.91038513183594,305.333740234375,139.93075561523438,145.1161651611328,334.9601135253906,325.6700744628906,291.1043701171875,21.67486572265625,126.68540954589844,264.1622314453125,272.7733459472656,386.4040222167969,216.80894470214844,38.29840087890625
2021-10-15,141.27276611328125,610.0900268554688,170.4510040283203,41.23664093017578,284.2099914550781,171.08912658691406,140.12547302246094,310.9781188964844,140.97079467773438,147.90362548828125,346.06134033203125,321.93292236328125,292.5082092285156,21.790491104125977,127.01078796386719,266.0459289550781,281.010009765625,393.4912109375,222.40293884277344,38.556583404541016
2021-10-18,142.94064331054688,622.8300170898438,172.33700561523438,41.15660858154297,282.5899963378906,165.93106079101562,141.52308654785156,315.0604553222656,139.93951416015625,147.85040283203125,348.43328857421875,332.4208068847656,295.4698181152344,22.149307250976562,125.1815414428711,268.0089111328125,290.03668212890625,390.31988525390625,222.0755615234375,38.2910270690918
2021-10-19,145.09619140625,636.0700073242188,172.20750427246094,41.33445739746094,284.8299865722656,165.9698028564453,141.97805786132812,317.7051696777344,143.2168731689453,149.64361572265625,351.99102783203125,337.03033447265625,296.3736267089844,22.217082977294922,123.70404815673828,269.3671875,288.0899963378906,390.0993347167969,224.83889770507812,38.6155891418457
2021-10-20,145.58389282226562,632.3699951171875,170.7530059814453,41.876930236816406,287.489990234375,165.3590087890625,140.52296447753906,317.91815185546875,143.13819885253906,151.65872192382812,346.8097839355469,337.8135070800781,295.58514404296875,22.03069305419922,124.187744140625,256.14166259765625,288.6000061035156,399.94415283203125,222.8169403076172,39.54501724243164
2021-10-21,145.79849243164062,638.6599731445312,171.75050354003906,41.645729064941406,286.82000732421875,166.1249542236328,140.63894653320312,323.5890197753906,142.80609130859375,150.46914672851562,346.2655029296875,338.9039001464844,298.8062744140625,22.617767333984375,123.29399871826172,241.1217803955078,298.0,406.5533752441406,221.6808319091797,39.38273239135742
2021-10-22,145.02796936035156,643.5800170898438,166.77749633789062,42.30379867553711,289.239990234375,164.26341247558594,136.35740661621094,324.80487060546875,143.08580017089844,152.49314880371094,348.6568603515625,321.7842102050781,297.267822265625,22.651657104492188,124.621337890625,238.3358917236328,303.2266540527344,412.87762451171875,222.63400268554688,39.04341506958008
2021-10-25,144.97915649414062,646.969970703125,166.01849365234375,42.25044250488281,290.260009765625,166.77455139160156,136.2389373779297,329.48187255859375,143.40042114257812,151.74746704101562,350.78558349609375,325.8287353515625,296.2774963378906,23.090221405029297,124.6390380859375,244.76025390625,341.6199951171875,413.1809387207031,225.1855010986328,38.78525161743164
2021-10-26,145.64242553710938,642.5,168.80349731445312,42.65061950683594,290.8500061035156,166.80364990234375,138.0841064453125,327.6536560058594,144.8599090576172,152.1558380126953,347.3445129394531,313.060791015625,298.1812744140625,24.636140823364258,126.40888214111328,240.91357421875,339.4766540527344,417.9149169921875,223.20208740234375,39.15406799316406
2021-10-27,145.18399047851562,640.0800170898438,169.62449645996094,41.83246612548828,287.7799987792969,164.3894500732422,144.93235778808594,330.4225769042969,143.103271484375,148.98666381835938,326.34747314453125,309.50201416015625,310.7389221191406,24.371015548706055,125.50627136230469,232.9227752685547,345.9533386230469,416.8486633300781,207.75836181640625,38.82212829589844
2021-10-28,148.8123779296875,639.280029296875,172.32850646972656,42.490543365478516,289.7200012207031,164.51547241210938,144.5670928955078,329.7569885253906,142.32545471191406,151.2326202392578,323.7325134277344,314.1611633300781,311.87353515625,24.859411239624023,126.25843048095703,234.7965545654297,359.0133361816406,418.650390625,202.0391845703125,38.9475212097168
2021-10-29,146.1105499267578,650.3599853515625,168.6215057373047,42.490543365478516,287.010009765625,163.92405700683594,146.7447967529297,329.9078063964844,142.3516387939453,150.8153839111328,326.1531066894531,320.7532653808594,318.8638916015625,25.483362197875977,126.53278350830078,230.59295654296875,371.3333435058594,423.2740173339844,203.89747619628906,39.087684631347656
2021-11-01,145.29127502441406,640.2000122070312,165.90550231933594,42.55280685424805,286.239990234375,165.00994873046875,142.2357635498047,325.23974609375,142.47398376464844,150.73544311523438,324.72412109375,327.10748291015625,316.700439453125,25.742511749267578,126.22305297851562,229.29420471191406,402.86334228515625,417.4277648925781,204.5618133544922,39.058170318603516
2021-11-02,146.3251190185547,640.4000244140625,165.6374969482422,42.57948684692383,287.92999267578125,164.66090393066406,144.15423583984375,325.9586486816406,144.72012329101562,151.33023071289062,319.3096923828125,325.2239990234375,320.31585693359375,26.314632415771484,127.47959899902344,227.48983764648438,390.6666564941406,415.5249328613281,201.3651885986328,38.777870178222656
2021-11-03,147.75894165039062,655.1799926757812,169.1999969482422,43.015235900878906,288.7200012207031,164.90330505371094,145.30950927734375,327.4495544433594,144.25686645507812,151.38351440429688,320.2331237792969,328.7331848144531,321.15234375,26.5109920501709,128.3556365966797,228.4019317626953,404.6199951171875,420.3876037597656,200.36390686035156,39.05079650878906
2021-11-04,147.24203491210938,674.0800170898438,173.85000610351562,42.090370178222656,287.69000244140625,165.09722900390625,146.96434020996094,330.29833984375,143.85488891601562,149.39501953125,326.06561279296875,332.9263916015625,323.49853515625,29.70351791381836,128.59461975097656,226.26048278808594,409.9700012207031,419.8636779785156,201.0186004638672,38.246761322021484
2021-11-05,147.76950073242188,662.719970703125,175.94949340820312,41.77022171020508,287.8800048828125,170.2843780517578,147.54368591308594,326.9436340332031,142.83229064941406,149.18197631835938,339.0526123046875,338.16046142578125,323.13311767578125,29.654672622680664,129.23170471191406,223.8414306640625,407.36334228515625,418.99041748046875,208.61529541015625,38.534454345703125
2021-11-08,146.94898986816406,666.02001953125,174.44900512695312,42.09926223754883,288.79998779296875,171.48663330078125,147.7211151123047,327.11236572265625,142.34291076660156,150.07858276367188,339.9080505371094,335.6722717285156,324.0273132324219,30.70323371887207,128.26715087890625,227.45016479492188,387.64666748046875,425.25030517578125,212.29330444335938,38.60083770751953
2021-11-09,147.3104248046875,667.9199829101562,178.81149291992188,41.690181732177734,286.3500061035156,169.7801971435547,147.609619140625,328.94049072265625,142.02828979492188,148.94227600097656,335.02813720703125,332.4505920410156,323.0273742675781,30.556711196899414,128.6565399169922,203.65625,341.1666564941406,426.840576171875,205.45721435546875,38.534454345703125
2021-11-10,144.48745727539062,647.5,174.1024932861328,42.00144577026367,285.32000732421875,169.1403045654297,144.61119079589844,327.1033630371094,143.5664825439453,148.80023193359375,347.94720458984375,324.7878723144531,318.0754089355469,29.362632751464844,129.92196655273438,202.8829345703125,355.98333740234375,422.75,207.91188049316406,38.79999923706055
2021-11-11,144.4385986328125,643.1699829101562,173.625,42.23265838623047,284.6499938964844,157.17587280273438,144.4853057861328,326.2603759765625,142.5089874267578,148.79136657714844,344.4477233886719,324.8869934082031,319.6427917480469,30.29058837890625,129.55027770996094,200.29534912109375,354.5033264160156,420.44281005859375,202.95428466796875,38.68935775756836
2021-11-12,146.5094451904297,657.5999755859375,176.25750732421875,41.71685791015625,285.989990234375,154.77137756347656,147.3712158203125,330.6976623535156,144.21316528320312,148.12554931640625,353.35205078125,337.92254638671875,323.7677307128906,30.29058837890625,129.69189453125,206.51150512695312,344.47332763671875,421.91351318359375,204.5650177001953,38.60821533203125
2021-11-15,146.51918029785156,659.72998046875,177.28399658203125,41.84135818481445,284.6700134277344,153.60787963867188,147.147216796875,329.3221130371094,142.91098022460938,147.85926818847656,351.271728515625,344.534423828125,323.14276123046875,29.926782608032227,130.43519592285156,210.715087890625,337.7966613769531,414.38507080078125,204.767578125,38.652469635009766
2021-11-16,147.49598693847656,671.030029296875,177.03500366210938,41.86803436279297,283.3599853515625,153.99574279785156,146.57627868652344,348.1807861328125,142.16815185546875,146.79397583007812,359.2427978515625,339.9745178222656,326.450439453125,30.104198455810547,130.24937438964844,213.81822204589844,351.57666015625,413.3005065917969,207.54539489746094,38.401668548583984
2021-11-17,149.92820739746094,670.6699829101562,177.4499969482422,41.361141204833984,281.5899963378906,152.5413818359375,146.74575805664062,350.4172058105469,142.70123291015625,146.00390625,349.14288330078125,337.8035583496094,326.67193603515625,29.165281295776367,130.16970825195312,204.4989471435547,363.0033264160156,412.6846008300781,197.7844696044922,38.15825653076172
2021-11-18,154.20657348632812,670.9600219726562,184.80299377441406,41.19218444824219,280.6300048828125,150.8446502685547,148.52151489257812,360.1794128417969,141.93214416503906,144.74334716796875,338.4985656738281,335.74163818359375,328.7430419921875,31.571380615234375,130.1874237060547,198.7784881591797,365.4599914550781,413.16259765625,196.1158447265625,37.796810150146484
2021-11-19,156.82440185546875,688.3699951171875,183.82850646972656,40.374027252197266,279.989990234375,149.31271362304688,147.61753845214844,362.6998291015625,142.36038208007812,142.85250854492188,330.2358093261719,342.29412841796875,330.5155029296875,32.877098083496094,129.92196655273438,191.94764709472656,379.0199890136719,404.45751953125,193.7334747314453,37.516502380371094
2021-11-22,157.28346252441406,673.5700073242188,178.6284942626953,41.15660858154297,284.9700012207031,149.46786499023438,145.01611328125,362.78863525390625,140.4866180419922,145.8973846435547,312.3301086425781,338.0414733886719,327.35589599609375,31.851465225219727,130.78915405273438,187.8531036376953,385.6233215332031,402.1962890625,188.64077758789062,38.01810073852539
2021-11-23,157.66441345214844,665.1599731445312,179.0019989013672,42.241546630859375,288.55999755859375,146.4331512451172,144.50067138671875,362.41583251953125,141.3575439453125,149.3861083984375,319.81512451171875,334.31414794921875,325.2847900390625,31.642154693603516,132.24038696289062,186.43539428710938,369.6766662597656,411.0115966796875,191.44757080078125,38.173011779785156
2021-11-24,158.18209838867188,668.3200073242188,179.02049255371094,42.35715103149414,287.2799987792969,146.73367309570312,144.83570861816406,365.7349548339844,140.9617156982422,148.21432495117188,330.508056640625,338.0910339355469,325.50634765625,32.56711959838867,131.55018615722656,187.08973693847656,372.0,413.79681396484375,196.03868103027344,38.10661315917969
2021-11-26,153.17120361328125,662.0999755859375,175.22799682617188,40.69417190551758,283.0899963378906,143.6020050048828,140.9333038330078,357.3839416503906,140.0467987060547,143.74908447265625,315.1200256347656,330.2201232910156,317.5784606933594,31.399951934814453,130.4971160888672,186.1776123046875,360.6400146484375,404.374755859375,190.63735961914062,38.20988082885742
2021-11-29,156.52159118652344,687.489990234375,178.07850646972656,40.54298782348633,282.1199951171875,143.31114196777344,144.25140380859375,361.040283203125,140.53070068359375,143.1276397705078,313.99237060546875,335.08746337890625,324.2733459472656,33.266807556152344,131.86874389648438,185.63232421875,378.9966735839844,415.4881591796875,189.32562255859375,38.10661315917969
2021-11-30,161.4641571044922,669.8499755859375,175.35350036621094,39.54697799682617,276.69000244140625,140.4897003173828,140.65032958984375,355.5290222167969,137.1702117919922,140.99716186523438,306.12823486328125,321.635498046875,318.4550476074219,32.56910705566406,127.93980407714844,183.30250549316406,381.586669921875,408.336669921875,186.89501953125,37.0812873840332
2021-12-01,160.9464569091797,657.4099731445312,172.18600463867188,38.986724853515625,275.0,137.8234100341797,139.811767578125,356.83013916015625,139.06150817871094,140.16270446777344,297.7294921875,307.89617919921875,317.96380615234375,31.33600425720215,129.55027770996094,177.7803497314453,365.0,408.4468688964844,183.41310119628906,36.71247100830078
2021-12-02,159.9599151611328,671.8800048828125,171.8679962158203,40.11262893676758,279.0899963378906,142.71969604492188,141.7094268798828,363.3800048828125,138.19064331054688,143.10992431640625,311.2607727050781,307.6880798339844,317.39544677734375,32.02482604980469,130.311279296875,185.54310607910156,361.5333251953125,409.9912414550781,191.25466918945312,37.42061233520508
2021-12-03,158.08444213867188,616.530029296875,169.489501953125,39.2011833190918,277.42999267578125,141.76953125,140.7533721923828,363.4156188964844,140.20513916015625,140.51776123046875,313.1174621582031,304.1689147949219,311.1532897949219,30.596345901489258,132.6297607421875,182.3507537841797,338.3233337402344,414.3717956542969,189.3545379638672,37.929588317871094
2021-12-06,161.4836883544922,622.0399780273438,171.36849975585938,39.45138931274414,281.3800048828125,145.79319763183594,141.89675903320312,370.44671630859375,143.3368682861328,142.17784118652344,324.0242614746094,315.1029357910156,314.2165832519531,29.94240951538086,134.63845825195312,183.27276611328125,336.336669921875,424.322509765625,195.4888916015625,37.67140197753906
2021-12-07,167.20765686035156,649.9600219726562,176.1645050048828,39.951786041259766,284.9700012207031,146.2198486328125,145.97511291503906,370.8744812011719,143.706298828125,144.3172607421875,330.0317687988281,319.9999084472656,322.6261291503906,32.32487106323242,134.28453063964844,189.37989807128906,350.5833435058594,428.58319091796875,200.0124969482422,37.46487045288086
2021-12-08,171.01718139648438,653.0999755859375,176.1580047607422,39.46031188964844,283.7200012207031,148.67282104492188,146.884033203125,366.4811706542969,144.56842041015625,142.66607666015625,332.78271484375,327.6824645996094,322.67431640625,31.72577667236328,134.88626098632812,195.65553283691406,356.32000732421875,432.3919677734375,201.5750274658203,37.24357223510742
2021-12-09,170.50930786132812,632.5700073242188,174.17100524902344,39.75519943237305,284.5199890136719,148.2849884033203,146.34085083007812,366.5614013671875,145.9407196044922,142.44412231445312,334.90179443359375,326.9488525390625,320.8729553222656,30.393980026245117,135.67384338378906,190.10360717773438,334.6000061035156,436.505126953125,203.88990783691406,37.000152587890625
2021-12-10,175.2858123779297,654.4500122070312,172.21200561523438,39.78200149536133,288.2300109863281,148.06199645996094,146.70065307617188,370.1793518066406,145.58006286621094,141.87599182128906,340.1511535644531,326.8794250488281,329.9664611816406,30.10289764404297,137.5675506591797,186.8914337158203,339.010009765625,441.0331726074219,205.82855224609375,37.022281646728516
2021-12-13,171.661865234375,658.2999877929688,169.5675048828125,38.94205093383789,290.010009765625,145.8513946533203,144.54478454589844,361.1254577636719,148.1839599609375,140.18931579589844,335.66986083984375,331.5782470703125,326.941650390625,28.07231903076172,139.52317810058594,184.7797393798828,322.13665771484375,440.9501953125,203.5330047607422,37.08866882324219
2021-12-14,170.2846221923828,614.8599853515625,169.0915069580078,39.43352127075195,295.0299987792969,144.56187438964844,142.6421661376953,358.4163818359375,149.80255126953125,141.2634735107422,331.0426940917969,330.83477783203125,316.2876892089844,28.247758865356445,140.0364227294922,185.19610595703125,319.5033264160156,442.1674499511719,202.52989196777344,37.36159896850586
2021-12-15,175.13926696777344,630.3300170898438,173.31500244140625,39.263736724853516,294.5799865722656,145.82229614257812,145.15386962890625,363.4156188964844,150.55032348632812,140.2071075439453,336.68072509765625,338.685791015625,322.36602783203125,30.363075256347656,140.5762481689453,189.02297973632812,325.3299865722656,455.9269714355469,204.77723693847656,37.2878303527832
2021-12-16,168.2626495361328,566.0900268554688,168.87100219726562,40.2109260559082,300.1700134277344,144.22251892089844,143.17543029785156,356.03704833984375,152.19534301757812,142.39976501464844,343.06732177734375,331.98468017578125,312.9739074707031,28.2976016998291,142.56723022460938,187.12937927246094,308.97332763671875,454.5251770019531,206.76412963867188,38.910648345947266
2021-12-17,167.1686553955078,556.6400146484375,170.0175018310547,39.21011734008789,293.6600036621094,144.23220825195312,140.4793243408203,345.7443542480469,147.99038696289062,139.1595458984375,339.5580749511719,330.8843078613281,311.9142761230469,27.713449478149414,139.33734130859375,184.6012725830078,310.8566589355469,449.2316589355469,204.36245727539062,39.220458984375
2021-12-20,165.81089782714844,549.77001953125,167.07899475097656,38.566741943359375,289.6099853515625,142.01194763183594,140.3623809814453,347.0097351074219,147.5681610107422,136.65618896484375,327.61114501953125,322.616943359375,308.16717529296875,27.6317081451416,139.69131469726562,181.11146545410156,299.9800109863281,446.1053771972656,201.33387756347656,39.161441802978516
2021-12-21,168.97572326660156,557.52001953125,170.41700744628906,39.48712921142578,293.239990234375,146.45252990722656,142.21148681640625,347.9632568359375,147.0931396484375,138.56478881835938,340.9481201171875,331.2907409667969,315.2762756347656,28.983436584472656,139.6028289794922,187.5160369873047,312.84332275390625,449.31463623046875,207.7383575439453,38.932777404785156
2021-12-22,171.56423950195312,563.97998046875,171.03700256347656,39.56755065917969,294.4100036621094,147.25726318359375,145.1281280517578,352.57049560546875,147.7264862060547,139.10630798339844,347.5,327.573486328125,320.9692687988281,29.30741310119629,140.9832763671875,190.03419494628906,336.2900085449219,455.6964416503906,210.22674560546875,38.92539596557617
2021-12-23,172.1893768310547,569.6199951171875,171.06849670410156,39.69264602661133,294.489990234375,148.95399475097656,145.62521362304688,353.8448181152344,148.00804138183594,139.60345458984375,350.51348876953125,332.3216857910156,322.4045715332031,29.546655654907227,141.6735382080078,190.3613739013672,355.6666564941406,456.8492126464844,208.93434143066406,38.8590087890625
2021-12-27,176.14537048339844,577.6799926757812,169.66949462890625,39.88923645019531,296.6700134277344,148.14926147460938,146.6065216064453,360.10064697265625,149.2571563720703,140.4023895263672,350.2510070800781,343.16644287109375,329.8797912597656,30.84754753112793,143.32827758789062,190.3613739013672,364.64666748046875,460.64874267578125,209.9084930419922,38.8590087890625
2021-12-28,175.12945556640625,569.3599853515625,170.66099548339844,39.94285202026367,298.2900085449219,150.47621154785156,145.39772033691406,361.9987487792969,149.85536193847656,140.82847595214844,350.70794677734375,343.20611572265625,328.7237854003906,30.226511001586914,144.09812927246094,188.46778869628906,362.8233337402344,463.8212585449219,210.3135986328125,38.88852310180664
2021-12-29,175.2174072265625,569.2899780273438,169.2010040283203,39.88029861450195,299.4599914550781,150.15623474121094,145.3660125732422,366.1158447265625,150.91099548339844,140.75746154785156,351.20367431640625,339.95465087890625,329.3981018066406,29.906518936157227,145.29278564453125,188.33888244628906,362.0633239746094,466.2558898925781,210.42930603027344,38.622962951660156
2021-12-30,174.06478881835938,570.530029296875,168.64450073242188,39.790931701660156,299.9800109863281,151.18397521972656,144.91549682617188,365.3138122558594,151.57955932617188,140.68646240234375,350.9120178222656,341.36224365234375,326.8646545410156,29.49282455444336,144.03619384765625,190.23248291015625,356.7799987792969,465.19525146484375,210.13992309570312,38.54182815551758
2021-12-31,173.4494171142578,567.0599975585938,166.7169952392578,39.75519943237305,299.0,150.17562866210938,143.57887268066406,369.8319396972656,150.48873901367188,140.57106018066406,349.2887268066406,333.4219970703125,323.9747619628906,29.318378448486328,144.75294494628906,186.96083068847656,352.260009765625,463.08343505859375,209.0211181640625,38.32790756225586
2022-01-03,177.786376953125,564.3699951171875,170.4044952392578,41.265342712402344,300.7900085449219,151.9887237548828,143.71713256835938,364.1552734375,150.9022216796875,143.54493713378906,360.593994140625,335.59295654296875,322.4623107910156,30.026142120361328,144.15121459960938,193.26622009277344,399.9266662597656,463.2125549316406,213.5736541748047,38.68197250366211
2022-01-04,175.5299530029297,554.0,167.52200317382812,42.88271713256836,308.5299987792969,150.99008178710938,143.13034057617188,367.8980407714844,150.49752807617188,148.98666381835938,364.9101257324219,333.6004638671875,316.9330749511719,29.197763442993164,144.65565490722656,189.4988555908203,383.1966552734375,452.7176818847656,214.56710815429688,39.44175338745117
2022-01-05,170.8609161376953,514.4299926757812,164.35699462890625,42.1589241027832,309.9200134277344,150.4665069580078,136.56402587890625,362.9076843261719,151.50038146972656,146.26287841796875,363.46160888671875,321.3480529785156,304.7666931152344,27.51706886291504,145.31045532226562,185.5530242919922,362.7066650390625,451.6017761230469,212.19439697265625,39.847450256347656
2022-01-06,168.0087127685547,514.1199951171875,163.25399780273438,43.0078125,313.2200012207031,152.1244659423828,136.53680419921875,361.58880615234375,150.9813690185547,147.81678771972656,360.14251708984375,329.5658874511719,302.35845947265625,28.089258193969727,144.08932495117188,190.61915588378906,354.8999938964844,433.1204528808594,211.95326232910156,39.65566635131836
2022-01-07,168.17474365234375,510.70001220703125,162.5540008544922,43.94607162475586,319.7799987792969,153.0261688232422,135.81272888183594,350.7614440917969,153.02224731445312,149.2813720703125,359.80181884765625,328.90167236328125,302.51263427734375,27.16119384765625,144.00965881347656,185.98924255371094,342.32000732421875,422.92999267578125,209.26222229003906,40.491783142089844
2022-01-10,168.1942901611328,525.8300170898438,161.48599243164062,43.722679138183594,318.92999267578125,151.83360290527344,137.45068359375,345.281005859375,152.26571655273438,149.4242706298828,354.2147216796875,325.214111328125,302.734130859375,27.3137149810791,142.045166015625,181.37916564941406,352.7066650390625,428.83221435546875,204.44927978515625,40.21555709838867
2022-01-11,171.01718139648438,529.8900146484375,165.36199951171875,43.972877502441406,319.79998779296875,153.08433532714844,138.50782775878906,344.57696533203125,150.6470947265625,149.57606506347656,356.5313720703125,331.4592590332031,303.41802978515625,27.729400634765625,140.3992462158203,189.8756103515625,354.79998779296875,432.52105712890625,206.7738037109375,40.00654220581055
2022-01-12,171.45677185058594,532.3699951171875,165.20700073242188,43.66012954711914,320.3900146484375,152.99708557128906,140.1874237060547,347.0097351074219,149.3627471923828,150.42446899414062,357.5240783691406,330.3589172363281,306.58721923828125,27.91082191467285,140.70896911621094,185.59266662597656,368.739990234375,436.8739929199219,208.05661010742188,39.902015686035156
2022-01-13,168.1942901611328,516.9000244140625,161.21400451660156,43.570770263671875,321.260009765625,150.70889282226562,137.36892700195312,344.8531799316406,148.45663452148438,150.2369384765625,359.6752624511719,323.6379699707031,293.6117248535156,26.491310119628906,140.0718231201172,179.45582580566406,343.85333251953125,431.0731506347656,207.37179565429688,39.954280853271484
2022-01-14,169.0538787841797,520.5999755859375,162.13800048828125,42.81122589111328,324.1300048828125,147.3154296875,138.25457763671875,331.5039367675781,147.6472930908203,141.00283813476562,362.2254943847656,329.0107727050781,298.81353759765625,26.857152938842773,141.4168701171875,176.8880615234375,349.8699951171875,432.23516845703125,207.05348205566406,39.77511978149414
2022-01-18,165.8597412109375,513.3400268554688,158.91749572753906,41.336822509765625,320.2900085449219,147.63539123535156,134.8026885986328,326.7987060546875,146.99636840820312,135.0908966064453,356.541015625,315.3804626464844,291.5406494140625,25.82142448425293,138.69137573242188,172.9620819091797,343.5033264160156,425.1340637207031,208.05661010742188,39.88709259033203
2022-01-19,162.37252807617188,516.5800170898438,156.2989959716797,41.497676849365234,314.75,145.54115295410156,133.92892456054688,320.5340270996094,146.53892517089844,133.0011444091797,351.1194763183594,316.80792236328125,292.1956787109375,24.988059997558594,143.35484313964844,172.0598907470703,331.8833312988281,426.54510498046875,207.0631561279297,39.93934631347656
2022-01-20,160.6924591064453,510.8500061035156,151.66749572753906,40.88111114501953,311.010009765625,143.12692260742188,132.13583374023438,311.5245666503906,145.3689422607422,131.86705017089844,354.3023376464844,313.8043212890625,290.5292663574219,24.07394790649414,144.12884521484375,171.7921905517578,332.0899963378906,426.98773193359375,206.74485778808594,39.86470413208008
2022-01-21,158.6412353515625,499.9100036621094,142.64300537109375,40.139434814453125,305.2200012207031,133.19859313964844,129.20582580566406,311.0968017578125,145.03463745117188,129.5629425048828,345.6199035644531,300.5309143066406,285.1636657714844,23.300392150878906,144.68045043945312,162.1358184814453,314.6333312988281,425.300048828125,198.62359619140625,39.68553161621094
2022-01-24,157.86953735351562,519.6599731445312,144.54400634765625,39.80881118774414,303.7300109863281,133.27615356445312,129.6543426513672,324.2055358886719,143.36328125,129.4468536376953,340.11083984375,306.02264404296875,285.49114990234375,23.298397064208984,143.50604248046875,160.777587890625,310.0,426.3145751953125,194.68833923339844,39.536224365234375
2022-01-25,156.07228088378906,502.7200012207031,139.98599243164062,40.59516525268555,307.19000244140625,132.3550567626953,125.8193359375,319.90130615234375,147.46258544921875,130.8578643798828,329.73480224609375,297.537109375,277.9004211425781,22.253698348999023,141.9402313232422,156.8416748046875,306.1333312988281,421.30682373046875,194.8330535888672,39.491432189941406
2022-01-26,155.9843292236328,500.80999755859375,138.87249755859375,41.01513671875,309.260009765625,129.5336456298828,128.09713745117188,318.38641357421875,148.1223907470703,132.0991668701172,335.47760009765625,292.0652770996094,285.8186950683594,22.70029067993164,140.70355224609375,155.63214111328125,312.4700012207031,422.7732238769531,198.5657196044922,38.08795928955078
2022-01-27,155.52523803710938,493.04998779296875,139.6374969482422,40.630916595458984,307.6700134277344,131.29824829101562,127.8711166381836,317.6289367675781,150.0664520263672,129.76832580566406,341.191162109375,292.07513427734375,288.8337707519531,21.874895095825195,141.57546997070312,156.75245666503906,276.3666687011719,425.69671630859375,198.83578491210938,38.214866638183594
2022-01-28,166.37745666503906,518.1599731445312,143.97799682617188,40.98833465576172,312.8999938964844,134.41055297851562,132.17892456054688,326.6383361816406,151.12210083007812,130.92929077148438,372.3192138671875,299.08355712890625,296.9447937011719,22.76807403564453,142.79434204101562,162.11599731445312,282.1166687011719,429.80975341796875,219.91053771972656,39.491432189941406
2022-01-31,170.72418212890625,534.2999877929688,149.57350158691406,41.22959899902344,313.0199890136719,138.6184539794922,134.11427307128906,327.03045654296875,151.56195068359375,132.70648193359375,376.08612060546875,310.53302001953125,299.5648193359375,24.40888786315918,142.74984741210938,170.4636993408203,312.239990234375,435.8133850097656,218.14549255371094,39.737789154052734
2022-02-01,170.55810546875,535.97998046875,151.19349670410156,41.944461822509766,313.9599914550781,140.09219360351562,136.43421936035156,328.5631408691406,150.32162475585938,134.98370361328125,381.61474609375,316.22308349609375,297.42645263671875,24.560409545898438,142.11814880371094,174.2905731201172,310.4166564941406,431.9769592285156,224.11590576171875,39.715389251708984
2022-02-02,171.7595672607422,533.0900268554688,150.6125030517578,41.8997802734375,319.6000061035156,138.2790985107422,146.6991729736328,333.0456237792969,151.98422241210938,133.90313720703125,386.1797790527344,320.1882629394531,301.9538269042969,25.162511825561523,144.66265869140625,131.43174743652344,301.88665771484375,442.4625549316406,227.06727600097656,40.16331100463867
2022-02-03,168.8877716064453,510.8299865722656,138.8455047607422,41.488739013671875,315.2300109863281,135.7679443359375,141.83233642578125,325.0966796875,151.9754180908203,132.79574584960938,379.67779541015625,235.6902618408203,290.19207763671875,23.872583389282227,146.0327911376953,123.23274993896484,297.0466613769531,450.75335693359375,223.32493591308594,40.155845642089844
2022-02-04,168.6042022705078,513.5399780273438,157.63949584960938,43.141849517822266,314.989990234375,137.69735717773438,142.0335693359375,320.5162353515625,150.9813690185547,136.242919921875,372.0174560546875,235.02609252929688,294.70989990234375,24.242414474487305,143.71070861816406,124.99746704101562,307.7733459472656,445.5888977050781,220.2867431640625,39.79750442504883
2022-02-07,167.8902130126953,507.1000061035156,157.9355010986328,43.34737014770508,316.510009765625,138.17245483398438,137.9775390625,318.4487609863281,150.4799346923828,136.69839477539062,366.10919189453125,222.95213317871094,289.9030456542969,24.650129318237305,142.6342010498047,120.36756134033203,302.4466552734375,446.0777282714844,219.10037231445312,39.56608200073242
2022-02-08,170.9906005859375,511.30999755859375,161.4134979248047,44.12477493286133,321.44000244140625,138.1433563232422,138.1737823486328,322.09344482421875,150.8757781982422,139.2703399658203,364.3960876464844,218.2633056640625,293.3804931640625,25.028934478759766,142.3138885498047,119.2274398803711,307.3333435058594,455.0325012207031,219.85269165039062,39.43170928955078
2022-02-09,172.4087677001953,521.75,161.1894989013672,44.03543472290039,322.3800048828125,142.74880981445312,140.34750366210938,324.70452880859375,150.8582305908203,139.850830078125,371.20953369140625,229.98043823242188,299.78643798828125,26.62090301513672,141.99362182617188,121.88442993164062,310.6666564941406,459.3576354980469,222.67874145507812,39.93934631347656
2022-02-10,168.34011840820312,495.0199890136719,159.0034942626953,43.82991027832031,319.8500061035156,147.5287322998047,137.401611328125,316.4347839355469,149.0372314453125,139.2703399658203,364.41558837890625,226.0846405029297,291.2806091308594,25.742673873901367,139.8316650390625,117.99807739257812,301.51666259765625,448.86279296875,217.94004821777344,39.59593963623047
2022-02-11,164.93649291992188,473.9700012207031,153.2935028076172,42.820152282714844,319.1400146484375,144.9206085205078,133.10226440429688,312.15728759765625,147.5330047607422,137.45745849609375,359.9185791015625,217.6387939453125,284.2099609375,23.873577117919922,139.0487823486328,114.30010986328125,286.6666564941406,440.94091796875,217.070556640625,39.80497360229492
2022-02-14,165.17124938964844,474.010009765625,155.16700744628906,42.373382568359375,314.2799987792969,146.25860595703125,134.33482360839844,313.2890625,145.67681884765625,136.180419921875,364.1916198730469,215.80490112304688,284.1714782714844,24.190580368041992,139.44908142089844,113.1401596069336,291.9200134277344,437.5010070800781,217.69854736328125,39.767642974853516
2022-02-15,168.995361328125,479.5,156.510498046875,42.70399856567383,316.20001220703125,150.0108184814453,135.40782165527344,314.80401611328125,147.1810760498047,138.17190551757812,371.3749694824219,219.076171875,289.440673828125,26.411561965942383,139.52029418945312,114.46864318847656,307.4766540527344,441.0331726074219,220.09445190429688,39.834835052490234
2022-02-16,168.76063537597656,477.70001220703125,158.10049438476562,42.605709075927734,315.6499938964844,151.59120178222656,136.5273895263672,311.9790954589844,147.0931396484375,138.4219207763672,372.72796630859375,214.6549835205078,289.10284423828125,26.42751121520996,140.57901000976562,109.59089660644531,307.7966613769531,442.7115478515625,221.060546875,39.86470413208008
2022-02-17,165.17124938964844,457.7099914550781,154.65249633789062,41.16704559326172,313.54998779296875,148.294677734375,131.3740692138672,310.0631103515625,146.1958465576172,135.23374938964844,363.743896484375,205.90187072753906,280.6372985839844,24.429824829101562,142.18931579589844,104.29674530029297,292.1166687011719,433.75677490234375,216.99330139160156,39.99907684326172
2022-02-18,163.62594604492188,442.55999755859375,152.60150146484375,41.068756103515625,314.79998779296875,146.7530975341797,129.2568817138672,309.1095886230469,144.6287841796875,135.8678436279297,360.0938415527344,204.36538696289062,277.93450927734375,23.567546844482422,142.26051330566406,102.76004791259766,285.6600036621094,431.42364501953125,215.13841247558594,40.18570327758789
2022-02-22,160.71141052246094,438.3999938964844,150.19749450683594,40.71132278442383,314.1600036621094,143.58261108398438,128.6725311279297,281.7516174316406,142.66334533691406,135.62673950195312,358.4780578613281,200.3208770751953,277.7317810058594,23.31633758544922,140.5078125,102.28417205810547,273.84332275390625,426.53594970703125,213.81488037109375,40.23796844482422
2022-02-23,156.55474853515625,429.45001220703125,144.82699584960938,40.014339447021484,309.989990234375,141.43017578125,126.46658325195312,274.87200927734375,142.73419189453125,132.78684997558594,351.606201171875,196.72247314453125,270.5404052734375,22.31650161743164,138.755126953125,99.85520935058594,254.67999267578125,423.8706359863281,208.62696838378906,39.872161865234375
2022-02-24,159.16607666015625,463.82000732421875,151.35800170898438,38.95991516113281,308.2799987792969,144.8527374267578,131.5247344970703,279.14056396484375,140.00730895996094,129.08963012695312,359.5390930175781,205.79281616210938,284.36328125,23.6732120513916,135.0184783935547,104.1182861328125,266.92333984375,420.4307556152344,209.93116760253906,39.260005950927734
2022-02-25,161.2297821044922,465.5400085449219,153.7884979248047,40.228790283203125,319.239990234375,144.97879028320312,133.27769470214844,282.1793518066406,146.966064453125,132.14382934570312,359.2567443847656,208.6477508544922,286.98883056640625,24.080928802490234,140.7836456298828,109.98745727539062,269.9566650390625,438.7460632324219,211.83438110351562,40.402191162109375
2022-02-28,161.4938507080078,467.67999267578125,153.56300354003906,39.49606704711914,321.45001220703125,143.9413604736328,133.86996459960938,281.4485778808594,145.7000732421875,126.63372802734375,351.2070617675781,209.1929473876953,288.4175109863281,24.308208465576172,138.69288635253906,110.96895599365234,290.1433410644531,438.856689453125,208.7911834716797,40.066261291503906
2022-03-01,159.61599731445312,466.67999267578125,151.14199829101562,37.95018005371094,316.8399963378906,141.2653350830078,132.8831787109375,285.3874816894531,145.1954345703125,121.85594940185547,335.3023681640625,201.71861267089844,284.7108154296875,23.40306282043457,136.3974609375,105.59548950195312,288.1233215332031,439.2071838378906,201.88365173339844,40.02146530151367
2022-03-02,162.90219116210938,471.17999267578125,152.05250549316406,38.566741943359375,323.6400146484375,142.85543823242188,133.3887176513672,291.732421875,147.00149536132812,124.38330078125,334.9228210449219,206.29837036132812,289.7689208984375,24.14784049987793,136.82452392578125,105.69463348388672,293.2966613769531,447.6270446777344,201.41024780273438,40.4171257019043
2022-03-03,162.5793914794922,459.0799865722656,147.89849853515625,38.153690338134766,327.739990234375,141.1393280029297,132.72264099121094,289.0500793457031,149.1616973876953,123.4991683959961,331.9053649902344,201.203125,285.6470947265625,23.64335060119629,137.3316650390625,100.46987915039062,279.7633361816406,448.7428894042969,200.20263671875,40.805320739746094
2022-03-04,159.586669921875,452.1300048828125,145.64100646972656,36.770851135253906,325.3399963378906,136.4369354248047,130.74713134765625,288.96099853515625,150.04705810546875,120.02521514892578,321.9479064941406,198.3184814453125,279.79742431640625,22.867666244506836,138.02565002441406,99.05216979980469,279.42999267578125,459.86492919921875,193.4979705810547,41.14126205444336
2022-03-07,155.80165100097656,437.9700012207031,137.4530029296875,34.42721939086914,322.7200012207031,129.43667602539062,125.2677230834961,287.6330871582031,152.46401977539062,115.39032745361328,304.5831604003906,185.8380584716797,269.2276916503906,21.288381576538086,135.97935485839844,92.8062515258789,268.1933288574219,449.0011291503906,184.2332305908203,40.820255279541016
2022-03-08,153.98248291015625,431.5299987792969,136.01449584960938,34.651702880859375,318.5199890136719,127.73994445800781,125.98735046386719,282.259521484375,149.3742218017578,114.57766723632812,305.95562744140625,188.63351440429688,266.2738952636719,21.44990348815918,130.5967559814453,94.0851821899414,274.79998779296875,436.6341857910156,185.20895385742188,39.75271987915039
2022-03-09,159.3714599609375,450.8699951171875,139.2790069580078,36.8516731262207,325.3999938964844,129.58209228515625,132.24732971191406,284.3753967285156,149.94081115722656,119.16788482666016,319.38800048828125,196.7720184326172,278.48468017578125,22.945432662963867,132.35830688476562,99.35950469970703,286.3233337402344,447.8022766113281,192.98594665527344,39.62580490112305
2022-03-10,155.0387725830078,438.95001220703125,146.8175048828125,36.51942443847656,325.29998779296875,129.57241821289062,131.26553344726562,285.0387878417969,150.20640563964844,117.75690460205078,315.9422607421875,193.5106964111328,275.6756896972656,22.590496063232422,128.95083618164062,97.70384216308594,279.4333190917969,453.2156677246094,191.2566680908203,39.737789154052734
2022-03-11,151.3319854736328,416.3800048828125,145.52450561523438,36.214134216308594,326.6000061035156,127.73994445800781,128.72901916503906,284.0078125,149.9319610595703,115.10453796386719,316.1369934082031,185.97683715820312,270.3473205566406,22.034154891967773,127.42060089111328,95.74083709716797,265.1166687011719,446.6300048828125,190.03941345214844,39.59593963623047
2022-03-14,147.31224060058594,411.5,141.85299682617188,36.99533462524414,329.9800109863281,125.10273742675781,124.8439712524414,285.4153137207031,152.003662109375,116.24762725830078,319.8357238769531,185.00535583496094,266.84332275390625,21.266450881958008,129.04869079589844,96.03826904296875,255.4566650390625,451.3009948730469,193.53663635253906,39.19282150268555
2022-03-15,151.68408203125,421.6600036621094,147.3665008544922,37.26471710205078,332.54998779296875,130.11537170410156,128.0624237060547,294.54193115234375,155.9434051513672,118.3105697631836,326.0749816894531,190.3583526611328,277.18157958984375,22.904556274414062,133.69284057617188,99.59744262695312,267.2966613769531,460.54132080078125,199.1496124267578,39.38691711425781
2022-03-16,156.08529663085938,442.3599853515625,153.10400390625,38.43204116821289,336.1099853515625,133.93545532226562,132.10906982421875,296.6666259765625,154.5091552734375,123.59739685058594,335.4970397949219,201.85739135742188,284.17022705078125,24.42301368713379,133.2391357421875,106.99339294433594,280.07666015625,460.8650207519531,204.68533325195312,39.18534851074219
2022-03-17,157.0926055908203,444.3599853515625,157.23899841308594,38.638572692871094,344.9700012207031,135.22499084472656,132.66265869140625,301.5526428222656,156.52774047851562,125.16024017333984,337.2102355957031,206.03073120117188,284.9714660644531,24.692214965820312,133.6573028564453,111.19698333740234,290.5333251953125,468.9674987792969,206.2117156982422,39.08829879760742
2022-03-18,160.3788299560547,453.3299865722656,161.25050354003906,38.521846771240234,342.4100036621094,136.02972412109375,134.92906188964844,305.4793701171875,154.79246520996094,125.11560821533203,340.76287841796875,214.6054229736328,290.00054931640625,26.374189376831055,133.58607482910156,117.7502212524414,301.7966613769531,468.13507080078125,211.67979431152344,37.9237174987793
2022-03-21,161.74815368652344,453.5899963378906,161.4915008544922,38.46797180175781,349.6600036621094,134.40084838867188,134.9052734375,295.2859802246094,155.66897583007812,124.71369171142578,336.3731384277344,209.64894104003906,288.774658203125,26.654346466064453,134.09320068359375,113.66560363769531,307.0533447265625,469.5595397949219,209.67996215820312,38.14767074584961
2022-03-22,165.1125946044922,466.45001220703125,164.88900756835938,39.67121124267578,349.92999267578125,135.84548950195312,138.638671875,295.60870361328125,154.93414306640625,127.36603546142578,340.21783447265625,214.76402282714844,293.5045471191406,26.444974899291992,135.12525939941406,116.85796356201172,331.32666015625,467.3951416015625,211.0614776611328,38.073028564453125
2022-03-23,166.4720458984375,422.8999938964844,163.4080047607422,38.69245910644531,348.1600036621094,133.45068359375,137.06015014648438,284.2408752441406,154.34979248046875,124.8298110961914,333.0636901855469,211.60182189941406,289.09320068359375,25.557628631591797,134.18218994140625,113.66560363769531,333.03668212890625,465.4620361328125,207.4000244140625,38.05062484741211
2022-03-24,170.24729919433594,432.1400146484375,163.64950561523438,38.67449188232422,352.3699951171875,134.7305145263672,140.32766723632812,283.1022644042969,155.14662170410156,125.64249420166016,340.0426025390625,217.65863037109375,293.5431823730469,28.066131591796875,134.41348266601562,115.05358123779297,337.97332763671875,474.92425537109375,209.94085693359375,38.073028564453125
2022-03-25,170.88299560546875,431.6199951171875,164.77349853515625,39.26713943481445,358.760009765625,134.90501403808594,140.42779541015625,278.5299987792969,156.6339569091797,126.74087524414062,339.72137451171875,219.8890380859375,293.1377868652344,27.6094913482666,135.97047424316406,112.78324127197266,336.8800048828125,474.5265197753906,211.02284240722656,38.28204345703125
2022-03-28,171.74366760253906,450.010009765625,168.99049377441406,39.10551452636719,359.57000732421875,134.497802734375,140.2122039794922,281.75750732421875,157.4396209716797,125.80321502685547,341.15228271484375,221.6436004638672,299.9139709472656,28.134925842285156,136.90463256835938,115.17255401611328,363.9466552734375,474.6837463378906,213.28350830078125,38.19993209838867
2022-03-29,175.02987670898438,466.3299865722656,169.31500244140625,39.00672912597656,355.1199951171875,138.04641723632812,141.2530059814453,284.8325500488281,157.35995483398438,126.080078125,357.7577819824219,227.8590545654297,304.4605407714844,28.570627212524414,138.31033325195312,120.13953399658203,366.5233459472656,472.39910888671875,220.38424682617188,38.25965881347656
2022-03-30,173.86602783203125,460.05999755859375,166.30099487304688,38.61163330078125,357.6099853515625,136.6696319580078,140.6909637451172,276.5398254394531,158.997802734375,125.50847625732422,352.5892028808594,225.86654663085938,302.96429443359375,27.607498168945312,137.3583526611328,117.47262573242188,364.663330078125,481.7318115234375,216.3556365966797,38.52840805053711
2022-03-31,170.77540588378906,455.6199951171875,162.99749755859375,37.0132942199707,352.9100036621094,132.98529052734375,137.84521484375,268.3544921875,156.90841674804688,121.7398910522461,347.858642578125,220.42431640625,297.6070556640625,27.204702377319336,135.94374084472656,114.65702056884766,359.20001220703125,471.69610595703125,214.2496337890625,38.028228759765625
2022-04-01,170.48204040527344,458.19000244140625,163.55999755859375,36.725955963134766,351.8800048828125,132.83016967773438,138.91867065429688,270.6496887207031,157.7583770751953,120.83789825439453,354.27313232421875,222.8926544189453,298.6784362792969,26.632415771484375,137.9810791015625,115.66825866699219,361.5299987792969,474.11956787109375,218.68394470214844,38.90913772583008
2022-04-04,174.52127075195312,468.80999755859375,168.34649658203125,36.66310119628906,345.42999267578125,134.362060546875,141.71490478515625,273.9577941894531,156.23558044433594,121.37373352050781,357.13482666015625,231.85397338867188,304.0357666015625,27.278484344482422,137.08255004882812,120.8136978149414,381.8166809082031,471.74237060546875,220.01718139648438,39.16295623779297
2022-04-05,171.2155303955078,458.5799865722656,164.05499267578125,36.04351806640625,344.79998779296875,131.49215698242188,139.3553009033203,273.31231689453125,157.24485778808594,119.96124267578125,353.6405029296875,229.82180786132812,300.0877990722656,25.853742599487305,137.56295776367188,116.63984680175781,363.7533264160156,478.9014587402344,218.42308044433594,39.40184783935547
2022-04-06,168.0564422607422,444.3299865722656,158.75599670410156,35.648414611816406,344.7099914550781,128.5349884033203,135.34783935546875,267.6462707519531,161.33511352539062,118.29685974121094,344.1307067871094,221.3561553955078,289.10284423828125,24.334280014038086,139.52919006347656,111.52415466308594,348.586669921875,491.8414611816406,211.5831756591797,39.715389251708984
2022-04-07,168.35968017578125,452.7200012207031,157.7845001220703,35.370059967041016,346.510009765625,127.8563003540039,134.69415283203125,271.4206848144531,160.91897583007812,117.93700408935547,340.70953369140625,221.00918579101562,290.9078674316406,24.13587760925293,141.33526611328125,112.06942749023438,352.4200134277344,496.6513366699219,208.82017517089844,39.79850387573242
2022-04-08,166.3546905517578,445.3399963378906,154.4604949951172,35.62147903442383,353.1000061035156,127.8563003540039,132.1160125732422,278.91558837890625,161.23776245117188,120.09619903564453,343.3606262207031,220.39459228515625,286.6606750488281,23.050121307373047,142.4384765625,110.25513458251953,341.8299865722656,504.985107421875,209.62200927734375,40.44833755493164
2022-04-11,162.10997009277344,434.44000244140625,151.1219940185547,35.54964828491211,352.0199890136719,126.67341613769531,127.69123840332031,274.9798278808594,159.2191619873047,119.6553726196289,338.5846252441406,214.57569885253906,275.3572082519531,21.851701736450195,141.895751953125,108.86715698242188,325.30999755859375,497.1045837402344,207.46763610839844,40.72792434692383
2022-04-12,163.97805786132812,426.7699890136719,150.78750610351562,35.17251205444336,349.739990234375,126.85763549804688,126.59197998046875,274.5943603515625,159.27227783203125,118.34184265136719,337.0543212890625,212.27590942382812,272.2682800292969,21.4399356842041,141.46871948242188,107.32054901123047,328.98333740234375,493.6545715332031,204.2312469482422,40.55412292480469
2022-04-13,166.65786743164062,431.6700134277344,155.54100036621094,34.85822677612305,346.2200012207031,128.32168579101562,128.75230407714844,278.2969665527344,159.9451446533203,114.52729034423828,346.15814208984375,213.11849975585938,277.6352844238281,22.13684844970703,141.8690643310547,104.26699829101562,340.7900085449219,496.6975402832031,206.03782653808594,40.909263610839844
2022-04-14,161.6601104736328,420.44000244140625,151.7064971923828,33.73579406738281,344.3299865722656,126.49890899658203,125.61614227294922,273.0075378417969,159.27227783203125,113.46568298339844,348.7702941894531,208.350341796875,270.11572265625,21.194665908813477,141.0772705078125,101.43154907226562,328.3333435058594,494.6811218261719,205.57412719726562,40.675025939941406
2022-04-18,161.44488525390625,425.4700012207031,152.78500366210938,34.88516616821289,346.6499938964844,123.8810806274414,126.55431365966797,269.14349365234375,157.2891387939453,115.57089233398438,347.7761535644531,208.93524169921875,270.78173828125,21.71810531616211,139.73377990722656,99.71641540527344,334.7633361816406,493.9966735839844,205.94122314453125,40.342552185058594
2022-04-19,163.72372436523438,436.3999938964844,158.11549377441406,35.53168487548828,348.5,127.8853759765625,128.86631774902344,275.94805908203125,162.0876922607422,117.96397399902344,354.6673278808594,215.41827392578125,275.3957824707031,22.131866455078125,141.8245849609375,102.76996612548828,342.7166748046875,497.3449401855469,208.3854522705078,40.61457443237305
2022-04-20,163.5574951171875,428.1099853515625,153.9980010986328,35.61250305175781,348.82000732421875,120.77848815917969,126.91461181640625,282.52850341796875,162.8047637939453,118.37786102294922,356.05145263671875,198.67532348632812,276.41900634765625,21.417997360229492,145.59681701660156,94.0851821899414,325.73333740234375,505.0313720703125,210.40455627441406,41.113285064697266
2022-04-21,162.76527404785156,417.4800109863281,148.29600524902344,34.93905258178711,343.6000061035156,117.9570541381836,123.71747589111328,278.2431335449219,162.33554077148438,117.46018981933594,355.22296142578125,186.43283081054688,271.0616760253906,20.122867584228516,145.4832305908203,88.63240051269531,336.260009765625,497.1045837402344,209.11001586914062,41.566654205322266
2022-04-22,158.23692321777344,408.6700134277344,144.35000610351562,33.7268180847168,335.55999755859375,114.67023468017578,118.583984375,269.0538635253906,160.7242431640625,114.08643341064453,342.29827880859375,182.50729370117188,264.51702880859375,19.456857681274414,144.26641845703125,85.29132843017578,335.01666259765625,481.84283447265625,201.11077880859375,39.224239349365234
2022-04-25,159.30303955078125,413.95001220703125,146.07400512695312,33.484371185302734,336.95001220703125,116.29908752441406,121.99227142333984,273.38409423828125,164.68170166015625,114.05044555664062,345.63177490234375,185.3622283935547,270.9747619628906,19.842700958251953,145.42953491210938,87.02631378173828,332.67333984375,484.9228820800781,202.83041381835938,37.99256896972656
2022-04-26,153.3565216064453,399.1199951171875,139.39100646972656,32.73009490966797,330.6499938964844,112.24633026123047,117.60717010498047,268.91937255859375,163.5041961669922,110.67671966552734,335.4071350097656,179.37477111816406,260.8392639160156,18.732023239135742,142.96023559570312,82.98133850097656,292.1400146484375,475.22027587890625,194.28053283691406,37.33518600463867
2022-04-27,153.13160705566406,397.8999938964844,138.16700744628906,32.550506591796875,329.5799865722656,111.70337677001953,113.28992462158203,270.38970947265625,161.22003173828125,109.23725891113281,352.425537109375,173.42703247070312,273.38800048828125,18.360137939453125,142.57553100585938,81.90070343017578,293.836669921875,475.2479553222656,206.849365234375,36.617347717285156
2022-04-28,160.04632568359375,410.5299987792969,144.59649658203125,33.05335235595703,331.2699890136719,111.78093719482422,117.48077392578125,279.4983215332031,162.42410278320312,110.96461486816406,369.2489318847656,203.93907165527344,279.575439453125,19.72306251525879,146.19894409179688,91.29930114746094,292.5033264160156,485.0616760253906,213.17724609375,36.57201385498047
2022-04-29,154.1878662109375,395.95001220703125,124.28150177001953,32.03868103027344,322.8299865722656,108.23233032226562,113.10655975341797,269.3138732910156,159.76806640625,107.38394165039062,354.1896667480469,198.72488403320312,267.8858947753906,18.491741180419922,143.6401824951172,87.1750259399414,290.2533264160156,470.3826904296875,205.90257263183594,34.98520278930664
2022-05-02,154.4910430908203,407.2900085449219,124.5,32.45173645019531,318.19000244140625,110.04541778564453,115.55831146240234,275.2039794921875,158.15676879882812,108.36457061767578,349.95953369140625,209.2920684814453,274.5946044921875,19.47480583190918,141.69876098632812,90.74411010742188,300.9800109863281,463.5381164550781,204.35684204101562,34.932315826416016
2022-05-03,155.97767639160156,407.5799865722656,124.25350189208984,33.340702056884766,318.989990234375,110.09390258789062,116.30271911621094,273.4019775390625,157.84690856933594,110.68571472167969,348.74114990234375,210.1842803955078,271.9979553222656,19.543598175048828,139.75729370117188,89.93115997314453,303.0833435058594,462.1229553222656,201.487548828125,35.642601013183594
2022-05-04,162.37403869628906,423.3500061035156,125.92849731445312,34.678646087646484,326.79998779296875,112.65355682373047,121.18641662597656,282.6809387207031,159.53785705566406,114.34733581542969,359.19970703125,221.46517944335938,279.91326904296875,20.273418426513672,140.78616333007812,91.92389678955078,317.5400085449219,469.5224914550781,207.2454376220703,36.549346923828125
2022-05-05,153.32720947265625,400.510009765625,116.40699768066406,33.70885467529297,318.67999267578125,109.18250274658203,115.48150634765625,268.1573791503906,156.49229431152344,111.48641204833984,344.432861328125,206.46690368652344,267.7218017578125,18.787858963012695,138.19158935546875,84.69649505615234,291.09332275390625,457.5907287597656,198.28013610839844,36.14886474609375
2022-05-06,154.052001953125,391.010009765625,114.77249908447266,33.628047943115234,318.8800048828125,106.93312072753906,114.72917938232422,263.8541259765625,156.1470489501953,111.30648803710938,338.3409118652344,201.9961700439453,265.1927490234375,18.619361877441406,139.56939697265625,80.97868347167969,288.54998779296875,462.1229553222656,195.9422149658203,36.47378158569336
2022-05-09,148.93914794921875,376.9100036621094,108.78900146484375,32.65825653076172,312.9599914550781,103.72386932373047,111.52210998535156,266.2926025390625,156.99697875976562,109.63311004638672,319.6947021484375,194.50198364257812,255.3950653076172,16.899499893188477,139.22048950195312,78.8471450805664,262.3699951171875,449.9136047363281,186.45521545410156,36.738243103027344
2022-05-10,151.3388214111328,393.0299987792969,108.85900115966797,32.110511779785156,312.5299987792969,104.40257263183594,113.38954162597656,261.0299987792969,156.78448486328125,106.9610824584961,317.10205078125,195.92941284179688,260.1443786621094,17.542573928833008,138.4868621826172,78.07384490966797,266.67999267578125,451.3842468261719,187.0155792236328,36.36799621582031
2022-05-11,143.4932403564453,379.3299865722656,105.37200164794922,31.939905166625977,311.5400085449219,102.00774383544922,112.60401916503906,253.6785888671875,155.93458557128906,106.28634643554688,317.62835693359375,187.09701538085938,251.5049591064453,16.580453872680664,136.5364990234375,74.52458190917969,244.6666717529297,449.6637878417969,190.04908752441406,36.17909240722656
2022-05-12,139.63409423828125,388.489990234375,106.93049621582031,31.490930557250977,308.05999755859375,101.13513946533203,111.85218048095703,259.712158203125,157.4750518798828,106.19639587402344,313.1154479980469,189.5752410888672,246.48553466796875,16.126806259155273,135.9817352294922,73.65213775634766,242.6666717529297,442.865478515625,187.75022888183594,36.31510925292969
2022-05-13,144.09075927734375,405.45001220703125,113.05500030517578,31.580730438232422,310.3599853515625,104.06321716308594,115.03050231933594,265.39605712890625,156.5719757080078,107.14102172851562,324.3831481933594,196.89097595214844,252.0552215576172,17.653249740600586,137.4400634765625,78.15315246582031,256.5299987792969,448.9701843261719,192.841552734375,36.40576934814453
2022-05-16,142.55294799804688,402.8599853515625,110.81050109863281,31.257469177246094,309.2900085449219,101.97865295410156,113.43910217285156,265.3601989746094,157.66098022460938,106.3943099975586,321.3907470703125,198.29864501953125,252.4219970703125,17.21256446838379,138.78208923339844,76.98329162597656,241.4566650390625,452.50347900390625,191.4670867919922,37.05561065673828
2022-05-17,146.17701721191406,409.6499938964844,115.36849975585938,32.31705093383789,314.6000061035156,105.33334350585938,115.44928741455078,269.8069763183594,158.31613159179688,109.92100524902344,330.28985595703125,200.85617065429688,257.5573425292969,18.122846603393555,138.388427734375,79.06525421142578,253.8699951171875,455.5650329589844,197.45858764648438,36.980037689208984
2022-05-18,137.92982482910156,397.8800048828125,107.11250305175781,31.320327758789062,306.6400146484375,101.12545013427734,110.9159927368164,255.66888427734375,155.37680053710938,108.04069519042969,327.40472412109375,190.56651306152344,245.83084106445312,16.88753890991211,129.76373291015625,76.51732635498047,236.60333251953125,436.00238037109375,193.5771942138672,36.942264556884766
2022-05-19,134.5310516357422,394.3800048828125,107.31900024414062,30.93421173095703,304.1499938964844,100.0007553100586,109.41380310058594,257.98187255859375,153.9956817626953,106.43928527832031,323.8178405761719,189.6248016357422,244.9213104248047,17.072978973388672,126.77554321289062,80.58212280273438,236.47332763671875,442.63421630859375,191.04119873046875,37.10094451904297
2022-05-20,134.7661590576172,399.0899963378906,107.59100341796875,30.4044189453125,304.04998779296875,99.30265808105469,107.9507827758789,257.47088623046875,156.68710327148438,105.5666275024414,327.6776428222656,191.85519409179688,244.36016845703125,16.64426612854004,126.85606384277344,79.84847259521484,221.3000030517578,449.275390625,192.64797973632812,37.42585754394531
2022-05-23,140.17283630371094,406.760009765625,107.55699920654297,32.20929718017578,310.20001220703125,102.60887145996094,110.50810241699219,256.4308776855469,159.8859100341797,112.09817504882812,339.6177978515625,194.5217742919922,252.18748474121094,16.847654342651367,129.772705078125,80.48297119140625,224.96665954589844,455.1488037109375,200.9044189453125,37.53165054321289
2022-05-24,137.4792938232422,398.4100036621094,104.0999984741211,32.011749267578125,309.1700134277344,98.4979248046875,105.0385971069336,258.1253662109375,161.63230895996094,113.68159484863281,332.0735778808594,179.7019500732422,251.19091796875,16.105871200561523,132.0809783935547,77.97470092773438,209.3866729736328,460.217529296875,196.13253784179688,38.29481887817383
2022-05-25,137.63595581054688,402.5,106.7750015258789,32.18235778808594,308.6400146484375,100.11710357666016,104.87506103515625,263.1907043457031,160.0462646484375,114.47328186035156,336.0406494140625,182.22975158691406,253.99684143066406,16.924427032470703,129.91586303710938,79.43209075927734,219.60000610351562,460.707763671875,197.30372619628906,38.71796798706055
2022-05-26,140.82907104492188,408.6000061035156,111.07749938964844,32.927642822265625,312.5,102.39556884765625,106.84508514404297,271.4744873046875,159.90370178222656,116.45257568359375,341.0409851074219,189.9618377685547,257.2670593261719,17.797815322875977,131.0520782470703,79.72950744628906,235.91000366210938,464.53704833984375,201.8627166748047,38.52907180786133
2022-05-27,146.5688018798828,428.2200012207031,115.14649963378906,33.24192428588867,319.1099853515625,105.99264526367188,111.3293228149414,276.5398254394531,161.35606384277344,118.09896850585938,348.7312927246094,193.43138122558594,264.3686828613281,18.754955291748047,133.05616760253906,84.47837829589844,253.2100067138672,469.0507507324219,206.05384826660156,38.838871002197266
2022-05-31,145.78524780273438,416.4800109863281,120.20950317382812,33.40355682373047,315.9800109863281,107.07856750488281,112.76212310791016,271.4206848144531,159.966064453125,118.96261596679688,348.8190612792969,191.954345703125,263.0431823730469,18.616371154785156,132.3046112060547,84.47837829589844,252.75332641601562,459.49609375,205.3666229248047,38.7557487487793
2022-06-01,145.6579132080078,418.1600036621094,121.68399810791016,32.927642822265625,312.2099914550781,105.86660766601562,112.89098358154297,268.1186828613281,158.34442138671875,116.87539672851562,348.0295715332031,186.99786376953125,263.5754089355469,18.265419006347656,130.300537109375,81.77182006835938,246.7899932861328,455.5835266113281,203.19845581054688,38.838871002197266
2022-06-02,148.10658264160156,441.2799987792969,125.51100158691406,33.14439392089844,314.95001220703125,107.49547576904297,116.58866882324219,275.94964599609375,157.84542846679688,118.75569152832031,353.8973693847656,197.12887573242188,265.665283203125,19.53362274169922,131.7052001953125,87.56167602539062,258.3333435058594,455.3153076171875,208.15428161621094,38.7557487487793
2022-06-03,142.39625549316406,429.760009765625,122.3499984741211,32.68380355834961,310.94000244140625,105.36243438720703,113.53427124023438,275.23687744140625,157.1949920654297,117.1003189086914,348.7702941894531,189.11923217773438,261.25335693359375,18.664226531982422,130.52420043945312,85.78704071044922,234.51666259765625,449.1644287109375,205.83120727539062,38.39305877685547
2022-06-06,143.14065551757812,429.4599914550781,124.79000091552734,32.647682189941406,312.1499938964844,104.54800415039062,115.79373168945312,274.163330078125,157.17713928222656,116.71346282958984,351.03173828125,192.5590362548828,260.0245666503906,18.730030059814453,130.01429748535156,86.06463623046875,238.27999877929688,453.39141845703125,206.1119384765625,38.71796798706055
2022-06-07,145.6579132080078,433.4200134277344,123.0,32.828304290771484,313.6499938964844,104.50920867919922,116.11983489990234,272.2507019042969,158.90574645996094,117.01935577392578,354.8134765625,193.94683837890625,263.65283203125,18.869611740112305,131.46365356445312,87.82935333251953,238.8866729736328,459.7920227050781,207.62191772460938,39.02777099609375
2022-06-08,144.92330932617188,428.8399963378906,121.18000030517578,32.41286849975586,308.739990234375,104.07291412353516,116.16394805908203,268.4254455566406,157.96127319335938,115.15705871582031,353.1662902832031,194.92820739746094,261.6306457519531,18.596372604370117,129.82640075683594,86.75863647460938,241.86666870117188,456.4898986816406,206.6539764404297,38.95220947265625
2022-06-09,139.71246337890625,426.4200134277344,116.1500015258789,31.16656494140625,300.79998779296875,100.15587615966797,113.826171875,270.5274963378906,154.7803192138672,112.73694610595703,340.1733703613281,182.3982391357422,256.193115234375,17.998031616210938,127.4822998046875,83.3878173828125,239.7066650390625,452.6977233886719,199.50094604492188,38.49128341674805
2022-06-10,134.3155517578125,393.8399963378906,109.6500015258789,29.95639419555664,291.7099914550781,96.37458038330078,110.18446350097656,260.9463806152344,153.74676513671875,107.55488586425781,326.28375244140625,174.04165649414062,244.77621459960938,16.927011489868164,126.99922180175781,78.61912536621094,232.22999572753906,448.2579650878906,193.112548828125,38.40060806274414
2022-06-13,129.17330932617188,371.6499938964844,103.66999816894531,28.917808532714844,281.55999755859375,92.7968978881836,105.45738983154297,255.46119689941406,152.1963348388672,104.3520736694336,311.6534729003906,162.830078125,234.39459228515625,15.603681564331055,123.59944152832031,73.08702850341797,215.73666381835938,434.448486328125,186.09506225585938,37.4712028503418
2022-06-14,130.0352783203125,370.82000732421875,102.30999755859375,28.412057876586914,277.6400146484375,91.35224914550781,105.77754211425781,251.41033935546875,149.86184692382812,102.61573028564453,313.9927673339844,162.30471801757812,236.5521697998047,15.792157173156738,119.74337768554688,71.83784484863281,220.88999938964844,427.0951232910156,187.31463623046875,37.146278381347656
2022-06-15,132.6504364013672,376.9200134277344,107.66999816894531,28.944902420043945,278.92999267578125,92.96171569824219,108.79974365234375,252.36669921875,151.46566772460938,103.83027648925781,317.1606140136719,167.87579345703125,243.5861358642578,16.481243133544922,118.553466796875,75.17892456054688,233.0,429.48150634765625,189.8699951171875,37.13872528076172
2022-06-16,127.39066314697266,365.0799865722656,103.66000366210938,28.764278411865234,268.55999755859375,91.41041564941406,105.10153198242188,246.70999145507812,151.54583740234375,102.0489501953125,300.9706726074219,159.4696044921875,237.01661682128906,15.557808876037598,119.27815246582031,70.61841583251953,213.10000610351562,423.3643493652344,182.9879608154297,36.904483795166016
2022-06-17,128.85989379882812,360.7900085449219,106.22000122070312,28.827495574951172,268.0799865722656,91.46858215332031,106.2017822265625,244.24710083007812,150.993408203125,101.68907165527344,302.8323059082031,162.31460571289062,239.6095733642578,15.836034774780273,118.41927337646484,72.2740707397461,216.75999450683594,419.6235046386719,183.91720581054688,37.04804611206055
2022-06-21,133.0814208984375,362.989990234375,108.68000030517578,29.667394638061523,271.7699890136719,90.45054626464844,110.56360626220703,242.86671447753906,154.15660095214844,104.20813751220703,309.3725891113281,155.68287658691406,245.5018768310547,16.52013397216797,122.00691223144531,71.74862670898438,237.0366668701172,445.85577392578125,188.15675354003906,38.272151947021484
2022-06-22,132.57208251953125,365.3299865722656,108.94999694824219,29.44161605834961,269.7900085449219,90.65416717529297,110.50760650634766,242.66824340820312,156.58909606933594,103.62335205078125,308.1542663574219,154.49330139160156,244.9116668701172,16.314706802368164,123.91256713867188,72.34347534179688,236.086669921875,454.544189453125,187.60507202148438,38.37794494628906
2022-06-23,135.43215942382812,376.6400146484375,112.44000244140625,28.971996307373047,267.5199890136719,91.42981719970703,111.25546264648438,248.4783172607422,160.0819091796875,102.4897689819336,308.7487487792969,157.36805725097656,250.45565795898438,16.180078506469727,127.3124008178711,73.17625427246094,235.07000732421875,463.9472961425781,190.3345947265625,39.360252380371094
2022-06-24,138.7526092529297,387.7200012207031,116.45999908447266,29.179712295532227,278.2799987792969,94.80388641357422,116.93809509277344,255.3168182373047,162.42529296875,105.54862976074219,322.1413879394531,168.67874145507812,259.0086669921875,17.078584671020508,129.14642333984375,77.01303100585938,245.7066650390625,460.07647705078125,198.92015075683594,38.50639343261719
2022-06-27,138.7526092529297,381.07000732421875,113.22000122070312,29.215837478637695,278.3999938964844,93.66950225830078,114.8154067993164,255.03709411621094,162.27383422851562,104.70294189453125,320.51348876953125,168.0145721435547,256.28985595703125,16.822298049926758,128.16229248046875,75.2879638671875,244.9199981689453,469.3775634765625,197.03271484375,38.50639343261719
2022-06-28,134.6192169189453,365.6300048828125,107.4000015258789,29.134553909301758,273.8599853515625,93.00050354003906,111.02304077148438,243.7237548828125,157.65830993652344,104.19912719726562,310.2401123046875,159.28126525878906,248.15293884277344,15.937753677368164,126.07769775390625,71.2033462524414,232.663330078125,471.9580383300781,191.76712036132812,38.12858581542969
2022-06-29,136.3724365234375,368.5,108.91999816894531,28.77330780029297,273.489990234375,92.73871612548828,110.7197265625,247.07984924316406,157.70286560058594,103.73131561279297,314.4313049316406,162.5128936767578,251.81016540527344,15.498970985412598,127.22284698486328,70.8563461303711,228.49000549316406,478.70648193359375,193.10289001464844,38.49128341674805
2022-06-30,133.91395568847656,366.05999755859375,106.20999908447266,28.114032745361328,273.0199890136719,91.52676391601562,108.00527954101562,247.44078063964844,158.1661834716797,101.31120300292969,307.50115966796875,159.8463134765625,248.49156188964844,15.11703109741211,128.64540100097656,69.24034118652344,224.47332763671875,476.775634765625,190.5765838623047,38.347713470458984
2022-07-01,136.07861328125,368.4800109863281,109.55999755859375,28.50237274169922,277.5,93.21379852294922,107.78179168701172,251.7801971435547,159.9571990966797,102.60674285888672,310.19140625,158.63693237304688,251.15223693847656,14.48279094696045,130.72108459472656,70.78695678710938,227.26333618164062,480.27520751953125,192.7931671142578,39.02021408081055
2022-07-05,138.65469360351562,376.489990234375,113.5,28.21337890625,275.69000244140625,94.22215270996094,112.26750946044922,255.9753875732422,158.72755432128906,102.21644592285156,311.18560791015625,166.72586059570312,254.3160858154297,14.922571182250977,129.45956420898438,73.76119232177734,233.06666564941406,468.98773193359375,194.1095428466797,38.85398483276367
2022-07-06,139.9867401123047,382.8299865722656,114.33000183105469,27.97856330871582,275.6499938964844,93.15563201904297,113.56498718261719,255.84007263183594,158.87010192871094,101.55390167236328,312.0726013183594,168.2921600341797,257.5670166015625,15.088111877441406,130.66738891601562,72.61116027832031,231.73333740234375,478.3166198730469,194.6708984375,38.921993255615234
2022-07-07,143.34637451171875,390.8900146484375,116.33000183105469,28.77330780029297,279.2799987792969,94.46453857421875,117.7389907836914,258.6458435058594,159.04833984375,104.1224594116211,316.3581237792969,170.6910858154297,259.6858825683594,15.814094543457031,130.6226348876953,74.39570617675781,244.5433349609375,477.4719543457031,196.2970733642578,38.799564361572266
2022-07-08,144.02215576171875,389.44000244140625,115.54000091552734,28.71009063720703,280.8299865722656,92.94232940673828,118.30445861816406,258.4473571777344,158.85227966308594,103.79571533203125,315.37213134765625,169.39247131347656,258.9698791503906,15.794151306152344,129.74588012695312,72.79952239990234,250.76333618164062,481.4169921875,197.0424041748047,38.63124084472656
2022-07-11,141.89669799804688,384.1600036621094,111.75,28.412057876586914,278.510009765625,90.78988647460938,114.6597900390625,258.37518310546875,158.9146728515625,102.43428039550781,316.4752502441406,161.4621124267578,255.92222595214844,15.1100492477417,130.6584014892578,69.86494445800781,234.3433380126953,479.85748291015625,198.48460388183594,38.638893127441406
2022-07-12,142.8664093017578,375.5400085449219,109.22000122070312,28.321746826171875,277.2799987792969,90.75110626220703,113.01834106445312,257.22943115234375,156.68711853027344,102.53411865234375,315.1768493652344,161.84872436523438,245.43414306640625,15.040242195129395,129.5043182373047,70.81669616699219,233.07000732421875,477.5090026855469,198.25233459472656,38.85312271118164
2022-07-13,142.5039825439453,371.94000244140625,110.4000015258789,27.852134704589844,277.4700012207031,90.11119079589844,110.3747787475586,259.0878601074219,156.32176208496094,101.57202911376953,315.6746826171875,162.06678771972656,244.51499938964844,15.122016906738281,130.3542022705078,70.74729919433594,237.0399932861328,465.27471923828125,197.603759765625,38.64654541015625
2022-07-14,145.42283630371094,372.9599914550781,110.62999725341797,27.210914611816406,274.4100036621094,89.04468536376953,109.39744567871094,261.1629638671875,156.53564453125,98.02323913574219,317.2951965332031,156.67416381835938,245.83084106445312,15.329440116882324,129.9695281982422,68.95284271240234,238.31333923339844,466.37933349609375,199.307373046875,38.63124084472656
2022-07-15,147.08792114257812,379.8599853515625,113.55000305175781,29.12552261352539,278.4800109863281,92.30242156982422,110.79505920410156,263.8063049316406,158.80775451660156,102.5159683227539,324.6558532714844,163.26625061035156,248.38511657714844,15.718360900878906,129.79055786132812,73.27540588378906,240.06666564941406,491.7391052246094,203.304931640625,39.03675842285156
2022-07-18,144.05157470703125,375.2300109863281,113.76000213623047,29.134553909301758,276.260009765625,92.78718566894531,108.07170104980469,264.38372802734375,155.24362182617188,101.46311950683594,323.1329345703125,165.7742462158203,245.99533081054688,16.056421279907227,128.21597290039062,73.4935073852539,240.54666137695312,482.10382080078125,200.56570434570312,38.47056198120117
2022-07-19,147.90089416503906,387.8299865722656,118.20999908447266,30.11894989013672,283.54998779296875,96.57818603515625,112.80968475341797,270.50042724609375,152.9804229736328,103.97721862792969,332.27996826171875,174.2498016357422,251.10386657714844,16.944957733154297,128.86903381347656,77.072509765625,245.52999877929688,495.1734924316406,206.808837890625,38.60062789916992
2022-07-20,149.89901733398438,401.489990234375,122.7699966430664,30.127981185913086,286.0400085449219,100.204345703125,112.89889526367188,272.7288818359375,152.10723876953125,103.9590835571289,333.1487121582031,181.4961700439453,253.7549285888672,17.75769805908203,126.64134979248047,79.5510482788086,247.5,482.1966247558594,206.5281524658203,37.544761657714844
2022-07-21,152.16160583496094,408.9100036621094,124.62999725341797,30.389883041381836,286.8500061035156,101.00910186767578,113.33503723144531,275.1647033691406,152.64181518554688,104.66703033447266,338.66436767578125,181.5754852294922,256.2414855957031,18.000024795532227,126.7611083984375,82.03949737548828,271.7066650390625,484.97216796875,209.2577362060547,36.4659309387207
2022-07-22,150.92747497558594,401.8999938964844,122.41999816894531,30.19120216369629,285.92999267578125,99.5935287475586,106.95162963867188,276.5992431640625,153.36354064941406,104.15876007080078,335.6966857910156,167.79647827148438,251.90687561035156,17.27104949951172,128.78717041015625,80.35409545898438,272.24334716796875,483.9974670410156,206.84751892089844,34.00987243652344
2022-07-25,149.8108673095703,391.9599914550781,121.13999938964844,30.462133407592773,287.989990234375,99.56444549560547,106.56505584716797,276.2022399902344,153.66653442382812,104.57626342773438,336.018798828125,165.19927978515625,250.4265899658203,16.976865768432617,129.66067504882812,80.94894409179688,268.4333190917969,491.4791564941406,207.39927673339844,34.24706268310547
2022-07-26,148.4885711669922,379.260009765625,114.80999755859375,29.848020553588867,285.30999755859375,96.74300384521484,104.09693908691406,269.0118713378906,154.75355529785156,102.94255065917969,333.1585693359375,157.76458740234375,243.72157287597656,16.487232208251953,129.9127960205078,76.37852478027344,258.8599853515625,493.44696044921875,205.6763458251953,34.36948776245117
2022-07-27,153.5720672607422,392.7799987792969,120.97000122070312,30.33570098876953,290.29998779296875,100.34979248046875,112.0662841796875,269.6705017089844,154.32589721679688,104.59443664550781,335.1011962890625,168.10377502441406,260.0148010253906,17.740751266479492,131.14645385742188,85.67798614501953,274.82000732421875,496.250244140625,203.72113037109375,34.3618278503418
2022-07-28,154.12057495117188,403.5,122.27999877929688,30.091861724853516,293.8999938964844,101.7071762084961,113.2160873413086,270.32000732421875,155.2169189453125,104.20413970947266,344.062744140625,159.32090759277344,267.43585205078125,17.9342098236084,133.3256072998047,85.12279510498047,280.8999938964844,502.63665771484375,204.57293701171875,34.85151290893555
2022-07-29,159.1746368408203,410.1199951171875,134.9499969482422,30.534381866455078,300.6000061035156,102.87065887451172,115.2976303100586,271.50189208984375,155.50201416015625,104.70332336425781,345.370849609375,157.71502685546875,271.6252746582031,18.112712860107422,125.08621978759766,85.78704071044922,297.1499938964844,503.42572021484375,205.3085479736328,35.341190338134766
2022-08-01,158.1951904296875,411.0899963378906,135.38999938964844,30.444076538085938,295.8599853515625,102.98699951171875,113.85045623779297,275.904541015625,154.95851135253906,103.6595687866211,342.1982421875,158.53778076171875,268.98388671875,18.389942169189453,128.6791229248047,87.80457305908203,297.27667236328125,496.96502685546875,204.58262634277344,35.39475631713867
2022-08-02,156.7259979248047,409.9599914550781,134.16000366210938,29.838993072509766,292.1700134277344,101.52296447753906,114.11808776855469,271.2944030761719,154.07638549804688,102.04400634765625,340.7046203613281,158.7955322265625,265.8974609375,18.47471046447754,127.82369995117188,88.86042022705078,300.586669921875,497.0392761230469,199.64613342285156,34.690834045410156
2022-08-03,162.72035217285156,424.5400085449219,139.52000427246094,30.38085174560547,294.9599914550781,105.7017822265625,117.04216766357422,276.40069580078125,155.56439208984375,103.114990234375,345.7027587890625,167.33059692382812,273.2991027832031,18.8406925201416,130.4620819091797,97.0792465209961,307.39666748046875,501.8570556640625,201.794921875,34.68318557739258
2022-08-04,162.4069061279297,430.5899963378906,142.57000732421875,30.164113998413086,292.9100036621094,104.82917022705078,117.15120697021484,277.1224060058594,153.0695037841797,101.98047637939453,347.5965881347656,169.0851593017578,274.44073486328125,19.161802291870117,130.2549591064453,96.14732360839844,308.6333312988281,495.4520263671875,206.6249542236328,33.99457550048828
2022-08-05,162.1813201904297,433.42999267578125,140.8000030517578,30.66985321044922,292.07000732421875,103.38451385498047,116.43751525878906,279.39593505859375,152.46363830566406,105.06637573242188,349.0023193359375,165.65530395507812,273.7248229980469,18.936426162719727,130.31800842285156,94.50157928466797,288.1700134277344,496.6680603027344,208.947998046875,34.39243698120117
2022-08-08,161.71051025390625,434.3399963378906,139.41000366210938,30.245384216308594,292.3399963378906,105.7890396118164,116.26902770996094,281.45294189453125,151.65280151367188,103.78662109375,343.7796325683594,168.76797485351562,271.2189636230469,17.74373435974121,130.8132781982422,95.43350219726562,290.42333984375,498.09759521484375,206.47976684570312,34.0787353515625
2022-08-09,161.75958251953125,426.57000732421875,137.8300018310547,30.63372802734375,292.7699890136719,104.83885955810547,115.60490417480469,275.3542175292969,151.6349639892578,104.72148895263672,338.2933654785156,167.06292724609375,273.1345520019531,17.038694381713867,130.5071258544922,93.66878509521484,283.3333435058594,498.7102966308594,203.5178680419922,34.18586349487305
2022-08-10,165.99681091308594,438.3999938964844,142.69000244140625,31.67230987548828,295.1099853515625,109.00798797607422,118.64791107177734,281.10107421875,152.0715789794922,107.45341491699219,344.9705505371094,176.78750610351562,279.77191162109375,18.046897888183594,131.7407684326172,98.06074523925781,294.3566589355469,499.13714599609375,205.29888916015625,34.30827331542969
2022-08-11,165.2611846923828,434.8900146484375,140.63999938964844,32.430938720703125,296.4700012207031,114.1078872680664,117.79547882080078,280.298095703125,148.92623901367188,109.0417709350586,342.23724365234375,175.9449462890625,277.70135498046875,17.892324447631836,130.80426025390625,98.25902557373047,286.6300048828125,494.6258239746094,204.67344665527344,34.26237106323242
2022-08-12,168.80198669433594,445.6700134277344,143.5500030517578,32.78314971923828,301.54998779296875,117.86979675292969,120.61051940917969,284.08734130859375,147.28677368164062,110.84793090820312,345.8394470214844,178.9287109375,282.4325866699219,18.657201766967773,132.07394409179688,100.23194122314453,300.0299987792969,504.68804931640625,204.91586303710938,34.545467376708984
2022-08-15,169.87110900878906,451.0199890136719,143.17999267578125,32.73799133300781,302.82000732421875,120.47792053222656,121.00700378417969,283.83465576171875,147.99066162109375,111.1474609375,351.3843688964844,179.31532287597656,283.9419250488281,18.97930908203125,133.77586364746094,100.638427734375,309.32000732421875,505.5606384277344,209.8513946533203,34.85916519165039
2022-08-16,169.71417236328125,447.55999755859375,144.77999877929688,33.0901985168457,306.6499938964844,121.15660858154297,120.63033294677734,295.35552978515625,149.3094024658203,112.2093734741211,350.7008361816406,177.90769958496094,283.2066345214844,18.826730728149414,135.009521484375,101.20352935791016,306.5633239746094,506.9344482421875,210.54954528808594,35.04280090332031
2022-08-17,171.20504760742188,437.82000732421875,142.10000610351562,32.88248825073242,304.260009765625,119.07205200195312,118.4992446899414,293.8939514160156,149.3183135986328,111.26544189453125,346.8741455078125,173.32791137695312,282.4600524902344,18.28423500061035,134.38818359375,98.56636810302734,303.9966735839844,505.8947448730469,208.00901794433594,34.690834045410156
2022-08-18,170.81271362304688,439.0299987792969,142.3000030517578,32.765079498291016,304.2699890136719,118.93631744384766,119.11378479003906,293.3977966308594,148.59658813476562,110.40319061279297,348.8558654785156,173.13955688476562,281.3450012207031,18.721027374267578,134.86546325683594,99.00259399414062,302.8699951171875,506.0990295410156,208.71688842773438,33.810943603515625
2022-08-19,168.23309326171875,425.05999755859375,138.22999572753906,32.04259490966797,297.2799987792969,116.48332977294922,116.1798095703125,289.8883056640625,150.85977172851562,107.67125701904297,345.8491516113281,166.49789428710938,277.44732666015625,17.799585342407227,134.82943725585938,95.73091888427734,296.6666564941406,508.9765625,206.3606414794922,33.98691940307617
2022-08-22,164.35882568359375,411.3500061035156,133.22000122070312,31.356225967407227,288.69000244140625,112.4111557006836,113.23590850830078,281.6694030761719,150.33053588867188,105.8923110961914,337.2879333496094,161.63064575195312,269.30279541015625,16.986841201782227,134.46925354003906,92.7765121459961,289.913330078125,505.4957580566406,202.27841186523438,33.79563522338867
2022-08-23,164.02529907226562,410.4100036621094,133.6199951171875,31.076257705688477,289.6499938964844,111.36402893066406,112.85924530029297,276.8788757324219,149.02088928222656,104.8485336303711,332.77783203125,159.70753479003906,268.03253173828125,17.133434295654297,131.8758544921875,92.3997802734375,296.4533386230469,497.35491943359375,200.52334594726562,33.26005554199219
2022-08-24,164.31954956054688,405.6499938964844,133.8000030517578,31.17559814453125,293.5199890136719,112.86685180664062,112.69074249267578,277.97052001953125,148.52755737304688,105.10267639160156,331.6259460449219,161.83880615234375,267.4024353027344,17.174320220947266,131.3085479736328,92.95496368408203,297.0966796875,497.9676208496094,200.39735412597656,33.321258544921875
2022-08-25,166.7716827392578,403.92999267578125,137.27999877929688,31.73552703857422,298.1300048828125,113.8848876953125,115.6247329711914,279.47711181640625,149.91790771484375,107.59864044189453,336.4678649902344,167.31072998046875,270.3692932128906,17.8634033203125,131.20045471191406,95.8895492553711,296.07000732421875,502.7109375,203.45169067382812,33.46664047241211
2022-08-26,160.48446655273438,381.0199890136719,130.75,30.733070373535156,289.9599914550781,110.59806823730469,109.37019348144531,268.939697265625,147.3524627685547,104.0770492553711,324.060302734375,160.37168884277344,259.93658447265625,16.214984893798828,128.12985229492188,91.90406036376953,288.0899963378906,491.2747802734375,196.7320098876953,33.09172439575195
2022-08-29,158.28741455078125,375.260009765625,129.7899932861328,30.615665435791016,287.45001220703125,110.07450103759766,108.45829010009766,267.3337707519531,146.21327209472656,103.82293701171875,321.512451171875,157.78439331054688,257.16351318359375,15.757250785827637,127.58956146240234,91.86441802978516,284.82000732421875,491.75775146484375,196.18907165527344,33.15292739868164
2022-08-30,155.8647918701172,375.07000732421875,128.72999572753906,30.787260055541992,285.4200134277344,109.00798797607422,107.98249816894531,264.4288024902344,145.7019500732422,103.84109497070312,320.0090637207031,155.79193115234375,254.9722442626953,15.425176620483398,126.22982788085938,91.01179504394531,277.70001220703125,485.3248596191406,195.26785278320312,32.54083251953125
2022-08-31,154.20713806152344,373.44000244140625,126.7699966430664,30.35376739501953,280.79998779296875,108.66864013671875,107.26882934570312,261.9043884277344,144.7241973876953,103.22390747070312,316.65087890625,161.51165771484375,253.5178985595703,15.05220890045166,124.21275329589844,92.6377182006836,275.6099853515625,482.066650390625,192.67892456054688,31.989944458007812
2022-09-01,154.93295288085938,370.5299987792969,127.81999969482422,30.426485061645508,282.42999267578125,109.10493469238281,108.77546691894531,266.3992919921875,148.31227111816406,103.93185424804688,317.510009765625,163.92050170898438,252.48037719726562,13.898415565490723,125.7435531616211,91.86441802978516,277.1600036621094,486.4015808105469,194.05581665039062,31.989944458007812
2022-09-02,152.8241424560547,368.1400146484375,127.51000213623047,30.390125274658203,277.6700134277344,107.81541442871094,106.90206909179688,265.0644226074219,145.98004150390625,103.20574951171875,314.8839416503906,158.92442321777344,248.27239990234375,13.609217643737793,123.51034545898438,90.34754180908203,270.2099914550781,479.3005065917969,191.75770568847656,31.5997314453125
2022-09-06,151.56871032714844,368.29998779296875,126.11000061035156,30.053773880004883,276.5899963378906,106.73921203613281,105.87120819091797,262.92138671875,146.37472534179688,103.23297882080078,316.3677978515625,157.15989685058594,245.5478515625,13.427721977233887,122.13262176513672,90.82838439941406,274.4200134277344,480.53509521484375,192.61102294921875,31.44670295715332
2022-09-07,152.97128295898438,379.7200012207031,129.47999572753906,30.51738929748535,281.0400085449219,109.26008605957031,108.48799896240234,270.1224060058594,147.1730499267578,105.1934585571289,320.7998352050781,158.99378967285156,250.24066162109375,13.680096626281738,123.97858428955078,94.15457916259766,283.70001220703125,484.248046875,194.33697509765625,31.4314022064209
2022-09-08,151.5000762939453,383.6300048828125,129.82000732421875,31.499181747436523,283.3399963378906,108.9110336303711,107.42740631103516,272.3289794921875,148.35711669921875,107.64403533935547,322.2153015136719,160.6492462158203,250.65757751464844,13.955412864685059,124.14069366455078,95.34426879882812,289.260009765625,489.6597595214844,194.61817932128906,31.615028381347656
2022-09-09,154.354248046875,394.7799987792969,133.27000427246094,31.762815475463867,285.7699890136719,111.67428588867188,109.67747497558594,272.2109375,148.64419555664062,108.16138458251953,327.8577880859375,167.67752075195312,256.4169616699219,14.351431846618652,126.03173828125,95.40376281738281,299.67999267578125,488.2444152832031,198.97190856933594,32.31895065307617
2022-09-12,160.29811096191406,396.3599853515625,136.4499969482422,32.06281280517578,288.510009765625,112.84745788574219,109.88561248779297,270.1859436035156,148.5813446044922,109.44112396240234,330.3666076660156,167.4891815185547,258.5403747558594,14.469141006469727,127.05824279785156,96.81156921386719,304.4200134277344,494.67877197265625,200.3585205078125,32.71681213378906
2022-09-13,150.8918914794922,368.3900146484375,126.81999969482422,30.908292770385742,278.2900085449219,108.35839080810547,103.40310668945312,252.3787384033203,144.71522521972656,105.63818359375,317.6954650878906,151.7969970703125,244.32618713378906,13.098536491394043,124.4288558959961,94.1942367553711,292.1300048828125,478.5790100097656,193.6097412109375,31.94403648376465
2022-09-14,152.33372497558594,371.5199890136719,128.5500030517578,30.790115356445312,278.4200134277344,109.07586669921875,104.0771255493164,250.9349822998047,147.7023162841797,105.39311981201172,318.0957336425781,150.15142822265625,244.54920959472656,13.095545768737793,124.7259750366211,96.82148742675781,302.6099853515625,474.677490234375,193.35765075683594,31.584421157836914
2022-09-15,149.45005798339844,309.1300048828125,126.27999877929688,31.371915817260742,276.70001220703125,107.39850616455078,102.0054931640625,246.57623291015625,148.07904052734375,106.98147583007812,309.41729736328125,148.2481689453125,237.91722106933594,12.8970365524292,123.76248168945312,95.57229614257812,303.75,486.9128112792969,189.44027709960938,31.393142700195312
2022-09-16,147.81211853027344,299.5,123.52999877929688,31.01738166809082,274.80999755859375,104.95520782470703,101.8964614868164,250.59898376464844,150.3395233154297,106.26445007324219,307.630859375,145.01654052734375,237.29672241210938,13.165372848510742,124.51889038085938,93.19290161132812,303.3500061035156,485.1529235839844,187.43310546875,31.561477661132812
2022-09-19,151.5196533203125,296.05999755859375,124.66000366210938,31.53554916381836,278.95001220703125,105.84721374511719,102.16410064697266,254.63983154296875,149.15545654296875,107.24468231201172,306.5570068359375,146.73147583007812,237.08340454101562,13.348916053771973,124.25777435302734,94.21406555175781,309.07000732421875,487.5088195800781,187.2682647705078,31.55381965637207
2022-09-20,153.8932647705078,291.05999755859375,122.19000244140625,31.062833786010742,277.1300048828125,104.29591369628906,100.25105285644531,248.9644317626953,147.98036193847656,105.12992858886719,305.8150939941406,144.81826782226562,235.0763702392578,13.143424034118652,123.81649780273438,90.84325408935547,308.7300109863281,486.81048583984375,186.24046325683594,31.056488037109375
2022-09-21,150.77426147460938,286.29998779296875,118.54000091552734,30.135587692260742,270.739990234375,101.30965423583984,98.40740203857422,246.60345458984375,146.46441650390625,102.09846496582031,297.2537841796875,140.88284301757812,231.68276977539062,13.228214263916016,122.22264862060547,90.3971176147461,300.79998779296875,476.8284606933594,181.3436737060547,30.207197189331055
2022-09-22,149.81298828125,287.05999755859375,117.30999755859375,29.544689178466797,268.510009765625,99.05059051513672,99.25983428955078,244.3968505859375,149.0657196044922,100.93668365478516,291.2598876953125,141.57675170898438,233.6510467529297,12.529945373535156,122.6548843383789,86.90734100341797,288.5899963378906,481.8380432128906,180.1510467529297,30.55150604248047
2022-09-23,147.54722595214844,284.55999755859375,113.77999877929688,28.84471321105957,267.7699890136719,96.47152709960938,97.87214660644531,246.03140258789062,149.55014038085938,99.05792236328125,286.5936279296875,139.1876983642578,230.68411254882812,12.485057830810547,122.08760070800781,86.2232666015625,275.3299865722656,478.2530517578125,178.3765869140625,30.237794876098633
2022-09-26,147.8807373046875,276.9599914550781,115.1500015258789,28.208364486694336,264.32000732421875,95.133544921875,97.30715942382812,242.07215881347656,148.6351776123047,96.92500305175781,283.2062683105469,135.182861328125,230.2283935546875,12.197768211364746,122.20465087890625,83.53653717041016,276.010009765625,473.3645324707031,175.1088409423828,29.786378860473633
2022-09-27,148.8517608642578,277.57000732421875,114.41000366210938,27.790191650390625,265.4700012207031,92.93263244628906,96.6430435180664,243.98818969726562,147.95346069335938,96.07183074951172,279.6626281738281,133.2300262451172,229.2200164794922,12.38231372833252,118.8458480834961,85.01374053955078,282.94000244140625,473.373779296875,172.47142028808594,29.75577163696289
2022-09-28,146.9685516357422,281.3999938964844,118.01000213623047,28.244726181030273,271.7799987792969,96.37458038330078,99.17063903808594,256.2471618652344,149.22723388671875,98.01415252685547,283.27459716796875,140.3772430419922,233.73829650878906,12.704514503479004,118.8458480834961,90.33763885498047,287.80999755859375,478.56036376953125,173.7416229248047,30.138334274291992
2022-09-29,139.74960327148438,278.25,114.80000305175781,27.872007369995117,269.5799865722656,94.48393249511719,96.5637435913086,252.7419891357422,147.585693359375,96.35321044921875,279.9456787109375,135.2225341796875,230.27685546875,12.189789772033691,115.89225006103516,87.93840789794922,268.2099914550781,473.8021545410156,174.59495544433594,29.564489364624023
2022-09-30,135.5515899658203,275.20001220703125,113.0,27.45383644104004,267.0199890136719,91.45890045166016,94.8093032836914,250.57168579101562,146.53616333007812,94.84654998779297,277.57354736328125,134.49887084960938,225.8167724609375,12.108991622924805,113.68607330322266,85.33099365234375,265.25,470.27301025390625,172.25808715820312,29.051856994628906
2022-10-03,139.72018432617188,285.239990234375,115.87999725341797,28.262907028198242,272.79998779296875,94.17366790771484,97.77301788330078,257.6182861328125,146.39263916015625,97.77816772460938,283.56744384765625,137.40341186523438,233.41836547851562,12.48106861114502,115.7211685180664,86.43145751953125,242.39999389648438,480.0223083496094,176.1366729736328,29.96235466003418
2022-10-04,143.3002471923828,294.9700012207031,121.08999633789062,29.435604095458984,280.489990234375,98.35249328613281,100.74665832519531,262.9395446777344,148.5634002685547,102.35256958007812,294.1006774902344,139.05885314941406,241.31077575683594,13.134449005126953,117.1529312133789,91.99330139160156,249.44000244140625,487.1549072265625,180.01527404785156,30.459693908691406
2022-10-05,143.594482421875,297.3800048828125,120.94999694824219,29.01743507385254,279.3599853515625,97.73197937011719,100.53850555419922,263.2029113769531,148.10597229003906,101.08887481689453,296.9609680175781,137.77015686035156,241.62106323242188,13.176342964172363,116.3425064086914,93.02436065673828,240.80999755859375,490.78656005859375,181.97398376464844,30.145992279052734
2022-10-06,142.64306640625,298.4100036621094,120.30000305175781,28.599262237548828,276.30999755859375,96.99510192871094,100.52859497070312,263.6932678222656,145.2355194091797,99.0284423828125,292.5805358886719,137.859375,239.28433227539062,13.097537994384766,113.8931884765625,93.60929870605469,238.1300048828125,483.39306640625,179.95712280273438,29.440322875976562
2022-10-07,137.40541076660156,288.7699890136719,114.55999755859375,27.95382308959961,269.0400085449219,94.2027587890625,97.81267547607422,258.18133544921875,143.70159912109375,97.0504379272461,288.4151306152344,132.28829956054688,227.1160430908203,12.046143531799316,111.90312194824219,89.39579010009766,223.07000732421875,470.0960998535156,178.25051879882812,28.670082092285156
2022-10-10,137.72906494140625,285.7200012207031,113.66999816894531,27.872007369995117,266.92999267578125,92.26363372802734,96.9998779296875,256.4922790527344,143.8900146484375,96.14385223388672,285.2960205078125,132.6253204345703,222.2777862548828,11.641148567199707,111.44387817382812,83.79429626464844,222.9600067138672,464.5184020996094,176.6505889892578,28.49112892150879
2022-10-11,136.31666564941406,284.8299865722656,112.20999908447266,27.062936782836914,267.30999755859375,90.26632690429688,96.32585144042969,256.8828125,145.97108459472656,93.36914825439453,279.693359375,127.42102813720703,218.55459594726562,11.557354927062988,111.86710357666016,82.37657928466797,216.5,465.403076171875,173.702880859375,27.962080001831055
2022-10-12,135.68896484375,286.1499938964844,112.9000015258789,27.144752502441406,264.0,90.56690216064453,96.7025146484375,254.7306671142578,145.9351806640625,94.88013458251953,277.0827331542969,126.39009857177734,218.8842315673828,11.47156810760498,112.04718780517578,83.09039306640625,217.24000549316406,465.5426940917969,172.8301544189453,27.759796142578125
2022-10-13,140.24981689453125,294.739990234375,112.52999877929688,28.8083438873291,275.7799987792969,93.6985855102539,98.18933868408203,256.8282470703125,148.14181518554688,100.15480041503906,287.4275207519531,129.1558074951172,227.1160430908203,11.930432319641113,113.74009704589844,83.31842803955078,221.72000122070312,474.8077392578125,179.05532836914062,28.319974899291992
2022-10-14,135.72816467285156,287.94000244140625,106.9000015258789,28.817440032958984,272.6700134277344,91.57523345947266,95.71131134033203,251.01663208007812,147.52288818359375,101.82147216796875,282.2746887207031,125.65653228759766,221.6087646484375,11.199243545532227,112.63250732421875,79.7790756225586,204.99000549316406,477.8061218261719,177.0772247314453,28.304412841796875
2022-10-17,139.6809539794922,293.5,113.79000091552734,30.562847137451172,277.0199890136719,94.3675765991211,99.09133911132812,255.40257263183594,149.43350219726562,106.09797668457031,288.4836120605469,132.87315368652344,230.3059539794922,11.858609199523926,114.66758728027344,83.93309783935547,219.35000610351562,485.9537658691406,179.62745666503906,28.92682456970215
2022-10-18,140.99525451660156,292.9800109863281,116.36000061035156,31.70826530456543,281.6700134277344,95.48258209228516,99.88430786132812,258.853271484375,148.91326904296875,108.82689666748047,293.7049560546875,131.64395141601562,231.2464599609375,11.937416076660156,115.59510040283203,84.55769348144531,220.19000244140625,486.26092529296875,181.48915100097656,28.841251373291016
2022-10-19,141.1031494140625,299.8299865722656,115.06999969482422,30.835569381713867,278.3399963378906,95.97705841064453,98.75432586669922,250.1630859375,147.7292022705078,106.6932144165039,291.14312744140625,132.0701904296875,229.28790283203125,12.02120590209961,116.66667175292969,83.74473571777344,222.0399932861328,484.5011901855469,180.752197265625,28.452232360839844
2022-10-20,140.64215087890625,302.3800048828125,115.25,30.63557243347168,273.5299987792969,95.5892333984375,99.09133911132812,244.68743896484375,148.10597229003906,106.34524536132812,289.696044921875,130.38502502441406,228.9679412841797,12.16385555267334,115.16397857666016,84.05207061767578,207.27999877929688,485.0225524902344,181.53762817382812,28.786785125732422
2022-10-21,144.44784545898438,306.3699951171875,119.31999969482422,31.771902084350586,282.510009765625,98.9342269897461,100.24112701416016,250.1994171142578,151.33517456054688,111.9312515258789,295.65069580078125,128.8782501220703,234.75634765625,12.4351806640625,116.60591888427734,83.21927642822266,214.44000244140625,496.9879455566406,184.5919952392578,27.50304412841797
2022-10-24,146.58604431152344,316.2200012207031,119.81999969482422,31.880992889404297,287.4800109863281,98.62397003173828,101.61891174316406,257.2187805175781,153.3714141845703,112.06864166259766,298.8089599609375,128.59078979492188,239.73033142089844,12.567852973937988,117.32233428955078,82.6046142578125,211.25,504.3160705566406,184.9217071533203,27.98542022705078
2022-10-25,149.42063903808594,323.7900085449219,120.5999984741211,32.171897888183594,289.239990234375,101.18360900878906,103.56170654296875,263.5752258300781,153.1292266845703,112.36165618896484,304.4898681640625,136.31295776367188,243.03665161132812,13.228214263916016,118.67359161376953,88.47377014160156,222.4199981689453,503.0312194824219,188.4803009033203,28.343307495117188
2022-10-26,146.4879913330078,320.4800109863281,115.66000366210938,32.45370864868164,288.5199890136719,101.44539642333984,94.09562683105469,263.4753112792969,154.47474670410156,113.65286254882812,312.4097900390625,128.68991088867188,224.2848358154297,12.864118576049805,119.50790405273438,87.7896957397461,224.63999938964844,505.77813720703125,197.15866088867188,28.343307495117188
2022-10-27,142.02517700195312,318.6499938964844,110.95999908447266,32.608245849609375,289.8800048828125,101.26117706298828,91.40946197509766,264.3016357421875,154.564453125,114.1015625,312.27288818359375,97.08741760253906,219.85385131835938,13.143424034118652,119.59857940673828,86.5999984741211,225.08999633789062,504.5024719238281,198.0895538330078,28.148805618286133
2022-10-28,152.75552368164062,325.67999267578125,103.41000366210938,32.89006423950195,299.6300048828125,102.72521209716797,95.44368743896484,271.19390869140625,156.86077880859375,115.45686340332031,322.1484069824219,98.3364486694336,228.6964569091797,13.79980182647705,122.62755584716797,85.50944519042969,228.52000427246094,513.292724609375,202.98623657226562,29.308059692382812
2022-10-31,150.40151977539062,318.5,102.44000244140625,32.762794494628906,295.0899963378906,103.29725646972656,93.67933654785156,268.90557861328125,156.05348205566406,115.27371978759766,320.8871154785156,92.34904479980469,225.07022094726562,13.463632583618164,122.12877655029297,82.86237335205078,227.5399932861328,516.9334106445312,200.87240600585938,29.07465171813965
2022-11-01,147.76304626464844,316.0199890136719,96.79000091552734,32.90824508666992,294.1300048828125,102.77368927001953,89.6748275756836,268.842041015625,155.26412963867188,117.35245513916016,325.7857971191406,94.37126922607422,221.23062133789062,13.50951862335205,122.31925964355469,82.39641571044922,227.82000732421875,509.63311767578125,200.64942932128906,29.07465171813965
2022-11-02,142.250732421875,301.2200012207031,92.12000274658203,32.80824279785156,289.4599914550781,98.7209243774414,86.20560455322266,262.1859436035156,152.87803649902344,116.2718734741211,312.71295166015625,89.75183868408203,213.4060821533203,13.186320304870605,120.55986785888672,78.76782989501953,214.97999572753906,506.02032470703125,194.8508758544922,29.339176177978516
2022-11-03,136.21861267089844,285.92999267578125,89.30000305175781,32.62643051147461,283.8500061035156,96.2291488647461,82.69671630859375,255.62051391601562,153.13821411132812,116.48251342773438,302.29962158203125,88.13601684570312,207.7340087890625,13.387818336486816,119.73463439941406,75.89273071289062,215.30999755859375,506.1877136230469,188.839111328125,28.903486251831055
2022-11-04,135.95333862304688,285.75,90.9800033569336,33.4445915222168,287.4700012207031,96.54910278320312,85.81902313232422,257.9179382324219,153.81991577148438,119.6692886352539,311.2951965332031,89.9996566772461,214.65684509277344,14.121004104614258,121.92020416259766,74.53450012207031,207.47000122070312,501.122314453125,191.0013885498047,28.9735107421875
2022-11-07,136.48390197753906,299.5400085449219,90.52999877929688,33.644588470458984,290.19000244140625,97.37323760986328,87.71223449707031,263.58428955078125,155.1654510498047,120.30115509033203,317.90496826171875,95.87803649902344,220.93972778320312,14.265644073486328,123.78836822509766,76.99320983886719,197.0800018310547,507.500732421875,194.02670288085938,28.934602737426758
2022-11-08,137.0536651611328,302.1700134277344,89.9800033569336,33.73549270629883,292.6099853515625,96.85935974121094,88.11863708496094,264.3742980957031,155.9368896484375,120.37439727783203,318.5111389160156,95.63021850585938,221.90936279296875,14.565899848937988,124.06946563720703,80.43340301513672,191.3000030517578,514.9779663085938,195.6556854248047,29.46366310119629
2022-11-09,132.50489807128906,298.8699951171875,86.13999938964844,33.19914627075195,288.6499938964844,84.10961151123047,86.5525131225586,260.3879089355469,154.69003295898438,118.80850219726562,308.62579345703125,100.58670043945312,217.6819610595703,13.741942405700684,123.77022552490234,78.00444030761719,177.58999633789062,503.44091796875,188.46426391601562,29.26915740966797
2022-11-10,144.29446411132812,329.95001220703125,96.62999725341797,34.662742614746094,303.20001220703125,87.70669555664062,93.11433410644531,283.0442199707031,156.50198364257812,123.69854736328125,329.7751770019531,110.89616394042969,235.5902557373047,15.711063385009766,128.03250122070312,86.05473327636719,190.72000122070312,506.7092590332031,199.77626037597656,29.969379425048828
2022-11-11,147.07481384277344,341.1499938964844,100.79000091552734,34.91727828979492,309.7200012207031,92.11820220947266,95.56263732910156,285.9862365722656,151.81956481933594,123.90003967285156,331.7502746582031,112.03614044189453,239.5946044921875,16.28663444519043,127.84208679199219,90.24839782714844,195.97000122070312,486.1399841308594,199.2222900390625,29.798213958740234
2022-11-14,145.67971801757812,340.3699951171875,98.48999786376953,34.326385498046875,308.9100036621094,91.41041564941406,94.85887145996094,278.7035827636719,154.20565795898438,122.62714385986328,331.8284912109375,113.2257080078125,234.20372009277344,16.254716873168945,127.85115814208984,88.74146270751953,190.9499969482422,478.3834228515625,201.02987670898438,29.805992126464844
2022-11-15,147.40884399414062,345.9599914550781,98.94000244140625,34.27184295654297,309.9800109863281,92.60298919677734,97.57479095458984,283.2529602050781,154.63621520996094,121.73887634277344,335.87646484375,116.06080627441406,234.61094665527344,16.624797821044922,127.40680694580078,89.08845520019531,194.4199981689453,468.3828430175781,204.07164001464844,29.331396102905273
2022-11-16,146.18077087402344,338.4100036621094,97.12000274658203,33.96275329589844,308.760009765625,91.09046173095703,97.98117065429688,285.9590148925781,155.5960235595703,121.9036865234375,335.14312744140625,112.24432373046875,235.03875732421875,15.870668411254883,128.54037475585938,86.29267120361328,186.9199981689453,476.30694580078125,204.21739196777344,29.4714412689209
2022-11-17,148.0769500732422,337.8299865722656,94.8499984741211,33.790035247802734,307.44000244140625,88.66654968261719,97.4954833984375,282.80810546875,156.85183715820312,121.37254333496094,333.6861877441406,110.47981262207031,234.99014282226562,15.638242721557617,127.75139617919922,84.90469360351562,183.1699981689453,479.8360290527344,205.04348754882812,29.689287185668945
2022-11-18,148.636962890625,330.8599853515625,94.13999938964844,33.80821990966797,310.760009765625,89.00590515136719,96.57366180419922,284.3880615234375,158.0538330078125,122.5630111694336,336.052490234375,111.07459259033203,234.54287719726562,15.370905876159668,129.29312133789062,84.19087219238281,180.19000244140625,493.5147705078125,204.85877990722656,29.99271583557129
2022-11-21,145.41444396972656,321.489990234375,92.45999908447266,33.91730499267578,311.20001220703125,94.6099853515625,94.7597427368164,287.6571350097656,158.8663330078125,121.83960723876953,330.73333740234375,108.90364837646484,235.34988403320312,15.279133796691895,130.93453979492188,79.93770599365234,167.8699951171875,481.5866394042969,200.50509643554688,30.04718017578125
2022-11-22,147.5464324951172,330.8800048828125,93.19999694824219,34.0809440612793,315.760009765625,93.28167724609375,96.19700622558594,295.012451171875,159.6337432861328,123.66193389892578,337.294189453125,110.46990203857422,238.2473907470703,15.998347282409668,132.05905151367188,79.22389221191406,169.91000366210938,487.0804748535156,204.40206909179688,30.498430252075195
2022-11-23,148.4208221435547,335.7799987792969,94.12999725341797,34.190025329589844,316.17999267578125,95.87039947509766,97.59461212158203,291.9522399902344,159.80526733398438,124.98058319091797,340.8924865722656,111.26292419433594,240.72683715820312,16.47815704345703,132.81179809570312,80.05667114257812,183.1999969482422,493.24481201171875,205.76260375976562,30.280580520629883
2022-11-25,145.51268005371094,334.29998779296875,93.41000366210938,34.27184295654297,317.42999267578125,95.86071014404297,96.6033935546875,296.37451171875,160.012939453125,125.21871185302734,343.4836120605469,110.44017028808594,240.6392822265625,16.22977638244629,133.05662536621094,79.39242553710938,182.86000061035156,500.61029052734375,207.7645263671875,30.358383178710938
2022-11-28,141.69091796875,328.9700012207031,93.94999694824219,33.50823974609375,313.2699890136719,92.77750396728516,95.20580291748047,289.6003723144531,160.09417724609375,123.03007507324219,336.93243408203125,107.83304595947266,235.0679168701172,15.787871360778809,132.94781494140625,79.24371337890625,182.9199981689453,495.6285400390625,205.30581665039062,29.75153160095215
2022-11-29,138.69439697265625,326.7799987792969,92.41999816894531,33.63549041748047,315.1300048828125,91.80792999267578,94.35335540771484,286.9125061035156,158.9746856689453,125.05387115478516,335.5049133300781,108.50714874267578,233.67752075195312,15.600337028503418,131.9320831298828,76.97337341308594,180.8300018310547,491.6524658203125,203.16786193847656,29.829334259033203
2022-11-30,145.43408203125,344.92999267578125,96.54000091552734,34.408203125,318.6000061035156,94.89114379882812,100.10237884521484,295.984130859375,160.69908142089844,126.53736877441406,348.48004150390625,117.07191467285156,248.07757568359375,16.885478973388672,135.2694091796875,77.73676300048828,194.6999969482422,510.0521545410156,210.88406372070312,30.327266693115234
2022-12-01,145.7091827392578,344.1099853515625,95.5,33.42067337036133,315.8399963378906,95.5892333984375,100.10237884521484,298.79791259765625,161.3671112060547,124.76083374023438,352.78228759765625,119.39156341552734,247.63998413085938,17.09701156616211,135.3509979248047,77.85572814941406,194.6999969482422,499.94903564453125,210.88406372070312,29.821548461914062
2022-12-02,145.2179718017578,341.5299987792969,94.12999725341797,32.99091339111328,316.1499938964844,96.40367126464844,99.55720520019531,299.63836669921875,161.49351501464844,123.77182006835938,352.0587158203125,122.41500854492188,247.96087646484375,16.838586807250977,136.58433532714844,74.01896667480469,194.86000061035156,500.78973388671875,211.5254669189453,29.70484161376953
2022-12-05,144.0586395263672,334.0899963378906,91.01000213623047,31.518753051757812,310.57000732421875,93.01019287109375,98.60563659667969,292.412109375,161.40322875976562,120.30115509033203,348.1769104003906,121.36421966552734,243.27427673339844,16.57317543029785,135.20590209960938,72.98788452148438,182.4499969482422,499.7435302734375,207.65762329101562,28.841251373291016
2022-12-06,140.4038848876953,331.1499938964844,88.25,30.17461395263672,307.7799987792969,89.48098754882812,96.12761688232422,290.009521484375,158.9837188720703,120.50262451171875,339.80718994140625,113.12657165527344,238.33489990234375,15.951556205749512,135.37823486328125,71.60982513427734,179.82000732421875,503.7412414550781,203.18727111816406,28.701200485229492
2022-12-07,138.4684295654297,326.67999267578125,88.45999908447266,29.93687629699707,305.82000732421875,89.34524536132812,94.10555267333984,292.4760437011719,159.94972229003906,120.42019653320312,339.6995849609375,112.93822479248047,237.60565185546875,16.084264755249023,136.24884033203125,73.78102111816406,174.0399932861328,507.0943908691406,201.95309448242188,28.919038772583008
2022-12-08,140.1484375,332.5799865722656,90.3499984741211,29.662559509277344,305.989990234375,89.73307037353516,92.88634490966797,296.0754699707031,159.97682189941406,121.68395233154297,343.3662414550781,114.32604217529297,240.5518035888672,17.130935668945312,137.22824096679688,73.5827407836914,173.44000244140625,511.77392578125,203.20675659179688,28.864585876464844
2022-12-09,139.6670379638672,330.6400146484375,89.08999633789062,29.60770034790039,306.3900146484375,90.53781127929688,92.01409149169922,292.777587890625,158.6587371826172,121.02457427978516,341.07830810546875,114.89107513427734,238.62661743164062,16.963306427001953,136.86549377441406,72.93831634521484,179.0500030517578,503.6291809082031,202.81802368164062,29.097993850708008
2022-12-12,141.95620727539062,338.1700134277344,90.55000305175781,29.927732467651367,311.45001220703125,91.77886199951172,92.4898681640625,299.62921142578125,160.55459594726562,122.9018783569336,350.21075439453125,113.71144104003906,245.5203399658203,17.496122360229492,138.2711639404297,73.16634368896484,167.82000732421875,509.8499450683594,208.5419921875,29.525907516479492
2022-12-13,142.9189910888672,342.4599914550781,92.48999786376953,29.946022033691406,312.3299865722656,91.81763458251953,94.78947448730469,304.1148681640625,161.7914276123047,122.78284454345703,349.2134094238281,119.10407257080078,249.8082733154297,18.031932830810547,138.06256103515625,73.06719970703125,160.9499969482422,502.71380615234375,207.03565979003906,29.455881118774414
2022-12-14,140.69862365722656,339.9200134277344,91.58000183105469,29.51626205444336,309.2900085449219,91.28437805175781,94.2343978881836,304.6081237792969,162.28799438476562,122.16927337646484,349.5653991699219,120.53153991699219,250.0999755859375,17.634815216064453,138.606689453125,72.00638580322266,156.8000030517578,502.8445739746094,207.30780029296875,29.136892318725586
2022-12-15,134.10629272460938,328.7099914550781,88.44999694824219,29.0499267578125,301.9100036621094,87.73576354980469,90.06140899658203,299.2821350097656,160.23861694335938,119.13817596435547,338.55560302734375,115.13890838623047,242.11721801757812,16.914413452148438,137.03782653808594,69.17094421386719,157.6699981689453,492.8691711425781,202.05029296875,29.38585662841797
2022-12-16,132.15118408203125,338.5400085449219,87.86000061035156,28.985919952392578,300.0,87.3382568359375,89.46669006347656,295.3902587890625,158.5955352783203,118.39641571044922,338.1546630859375,118.39034271240234,237.91680908203125,16.534263610839844,136.43020629882812,68.66532135009766,150.22999572753906,489.1516418457031,201.0590057373047,28.880146026611328
2022-12-19,130.04873657226562,328.760009765625,84.91999816894531,29.315095901489258,300.0299987792969,83.16912078857422,87.66268157958984,289.8998107910156,158.42396545410156,119.10151672363281,333.676513671875,113.48344421386719,233.79420471191406,16.21796417236328,136.3939208984375,68.35797882080078,149.8699951171875,489.05828857421875,199.04737854003906,28.81011962890625
2022-12-20,129.97994995117188,338.2200012207031,85.19000244140625,29.433963775634766,302.0,84.37138366699219,88.23757934570312,287.6250915527344,158.5955352783203,119.67845153808594,335.32891845703125,116.07070922851562,235.10679626464844,16.049341201782227,136.44833374023438,68.16961669921875,137.8000030517578,485.8919372558594,199.5721435546875,28.77900505065918
2022-12-21,133.07469177246094,341.3800048828125,86.7699966430664,29.882009506225586,307.82000732421875,84.27442932128906,88.79266357421875,291.7543640136719,160.41014099121094,121.02457427978516,338.008056640625,118.71746826171875,237.6639862060547,16.46441650390625,137.69984436035156,68.61575317382812,137.57000732421875,492.7383728027344,200.98126220703125,29.39363670349121
2022-12-22,129.9111785888672,336.5199890136719,83.79000091552734,29.61684226989746,302.69000244140625,84.03204345703125,86.98866271972656,288.7944030761719,159.82333374023438,119.6509780883789,333.9306945800781,116.10045623779297,231.59677124023438,15.304993629455566,138.0172119140625,67.98124694824219,125.3499984741211,492.3181457519531,199.2805938720703,29.805992126464844
2022-12-23,129.5476837158203,338.45001220703125,85.25,29.689992904663086,306.489990234375,85.33126068115234,88.44572448730469,291.1788024902344,160.22958374023438,120.2187271118164,335.9645080566406,117.01244354248047,232.1217803955078,15.172286987304688,138.40716552734375,68.43729400634766,123.1500015258789,496.2595520019531,200.02890014648438,29.883792877197266
2022-12-27,127.74974060058594,335.0899963378906,83.04000091552734,29.74485206604004,305.54998779296875,83.74117279052734,86.62191009521484,291.92791748046875,160.18446350097656,120.63997650146484,338.4676208496094,115.86255645751953,230.40077209472656,14.08969497680664,139.61329650878906,67.74331665039062,109.0999984741211,496.89483642578125,200.47592163085938,30.53732681274414
2022-12-28,123.8297348022461,328.3299865722656,81.81999969482422,29.96430778503418,303.42999267578125,81.6081314086914,85.2639389038086,288.43817138671875,159.4893035888672,121.29930877685547,334.35113525390625,114.61351776123047,228.0380401611328,14.004883766174316,137.80865478515625,66.97001647949219,112.70999908447266,493.5884094238281,199.21255493164062,30.194997787475586
2022-12-29,127.33710479736328,337.5799865722656,84.18000030517578,30.302627563476562,309.05999755859375,84.5265121459961,87.6725845336914,292.7135925292969,160.30177307128906,121.99528503417969,340.47198486328125,119.21312713623047,234.33865356445312,14.570625305175781,138.3799591064453,69.95416259765625,121.81999969482422,494.9240417480469,202.196044921875,30.54511070251465
2022-12-30,127.6514892578125,336.5299987792969,84.0,30.284339904785156,308.8999938964844,84.23564910888672,87.45452880859375,288.556884765625,159.48025512695312,122.8011474609375,340.0027160644531,119.29241943359375,233.18165588378906,14.581599235534668,137.44590759277344,70.6084976196289,123.18000030517578,495.20416259765625,201.90447998046875,30.654041290283203
2023-01-03,122.87673950195312,336.9200134277344,85.81999969482422,30.640954971313477,309.9100036621094,86.26203155517578,88.33670043945312,288.6026306152344,160.87059020996094,123.73518371582031,339.0934143066406,123.65412139892578,232.94827270507812,14.283263206481934,137.4549560546875,73.93965148925781,108.0999984741211,484.4255065917969,201.54490661621094,31.21420669555664
2023-01-04,124.14411926269531,341.4100036621094,85.13999938964844,31.217012405395508,314.54998779296875,89.18042755126953,87.30584716796875,292.0923767089844,162.6220245361328,124.8890380859375,347.2578125,126.26123809814453,222.75836181640625,14.716299057006836,138.05349731445312,77.02294921875,113.63999938964844,471.21832275390625,206.6177978515625,32.00000762939453
2023-01-05,122.8276138305664,328.44000244140625,83.12000274658203,31.152999877929688,312.8999938964844,89.12224578857422,85.4423599243164,288.20062255859375,161.42127990722656,124.86136627197266,343.95294189453125,125.83497619628906,216.15628051757812,14.233375549316406,136.33946228027344,75.6151351928711,110.33999633789062,457.637451171875,205.16012573242188,32.4434814453125
2023-01-06,127.34696197509766,332.75,86.08000183105469,31.463886260986328,318.69000244140625,91.0613784790039,86.57233428955078,290.08258056640625,162.73036193847656,127.25064849853516,360.0830993652344,128.88815307617188,218.70375061035156,14.826057434082031,139.58612060546875,75.82333374023438,113.05999755859375,457.6748962402344,211.6129608154297,32.82471466064453
2023-01-09,127.86766815185547,341.9800109863281,87.36000061035156,30.988420486450195,315.5299987792969,91.885498046875,87.24636840820312,290.3383483886719,158.51425170898438,126.72479248046875,363.31500244140625,128.3429412841797,220.83314514160156,15.593352317810059,137.88119506835938,76.41818237304688,119.7699966430664,457.73095703125,212.43898010253906,32.6927375793457
2023-01-10,128.4375,338.70001220703125,89.87000274658203,31.198719024658203,316.3500061035156,92.65145874023438,87.6428451538086,292.91461181640625,158.13510131835938,127.85950469970703,363.3541564941406,131.83230590820312,222.51528930664062,15.873730659484863,137.7451629638672,77.25096893310547,118.8499984741211,453.938720703125,214.8588104248047,33.151084899902344
2023-01-11,131.14906311035156,342.92999267578125,95.08999633789062,31.43646240234375,320.3699951171875,93.39802551269531,90.7155990600586,300.56109619140625,157.88232421875,128.80967712402344,370.0627746582031,131.73316955566406,229.2436981201172,15.965524673461914,136.6297149658203,77.86564636230469,123.22000122070312,460.8505554199219,215.84031677246094,32.5425910949707
2023-01-12,131.07046508789062,344.5400085449219,95.2699966430664,31.518753051757812,318.92999267578125,96.77210235595703,90.32902526855469,301.3558349609375,157.0878143310547,128.68055725097656,371.9725646972656,135.51991271972656,231.90786743164062,16.47439193725586,135.85885620117188,79.09500122070312,123.55999755859375,462.97088623046875,217.31747436523438,33.04045486450195
2023-01-13,132.3968505859375,344.3800048828125,98.12000274658203,32.213687896728516,317.6400146484375,96.37458038330078,91.31031799316406,302.5800476074219,156.5732421875,131.92774963378906,367.77105712890625,135.78758239746094,232.6079559326172,16.861534118652344,136.82925415039062,78.79757690429688,122.4000015258789,457.27325439453125,216.7732696533203,33.0799674987793
2023-01-17,133.55612182617188,344.3800048828125,96.05000305175781,31.56447410583496,314.8599853515625,96.86906433105469,90.48762512207031,299.2181091308594,155.60723876953125,129.88900756835938,367.2617492675781,134.18167114257812,233.69696044921875,17.66275405883789,136.43020629882812,79.49156951904297,131.49000549316406,453.0794677734375,216.71495056152344,32.28181076049805
2023-01-18,132.8389129638672,341.30999755859375,95.45999908447266,30.83296775817871,308.29998779296875,96.02552795410156,90.31912231445312,295.7100524902344,153.2599334716797,125.98680114746094,361.3072814941406,131.86204528808594,229.28262329101562,17.338478088378906,132.77549743652344,76.64620208740234,128.77999877929688,444.82269287109375,213.2747344970703,31.586389541625977
2023-01-19,132.8978729248047,342.5299987792969,93.68000030517578,30.384923934936523,305.2300109863281,96.06432342529297,92.23216247558594,284.0074462890625,153.05230712890625,124.30784606933594,360.3475036621094,134.9647979736328,225.50999450683594,16.727828979492188,129.96751403808594,76.09101867675781,127.16999816894531,452.406982421875,214.1979522705078,31.657508850097656
2023-01-20,135.45225524902344,356.3800048828125,97.25,30.951831817626953,309.8699951171875,100.33039093017578,97.15845489501953,287.7712097167969,152.3390655517578,124.61226654052734,368.51531982421875,138.15675354003906,233.570556640625,17.799449920654297,130.46945190429688,78.41091918945312,133.4199981689453,454.6112365722656,217.98802185058594,31.610095977783203
2023-01-23,138.63543701171875,364.9800109863281,97.5199966430664,31.3815975189209,310.4200134277344,102.47312927246094,98.91292572021484,288.20977783203125,151.95091247558594,126.63255310058594,370.7581787109375,142.02281188964844,235.865234375,19.15045166015625,128.71731567382812,78.8174057006836,143.75,453.7612609863281,217.8616943359375,31.317705154418945
2023-01-24,140.03057861328125,361.32000732421875,96.31999969482422,31.610197067260742,311.29998779296875,102.77368927001953,96.84127807617188,290.22869873046875,151.95091247558594,127.72112274169922,372.16839599609375,141.89393615722656,235.3401641845703,19.222288131713867,129.41998291015625,78.89671325683594,143.88999938964844,459.1693115234375,217.5798797607422,31.942007064819336
2023-01-25,139.37229919433594,358.1700134277344,97.18000030517578,31.884506225585938,311.8999938964844,104.82917022705078,94.3830795288086,289.83587646484375,153.03424072265625,128.3391876220703,374.4993591308594,140.26821899414062,233.94976806640625,19.28015899658203,129.32872009277344,78.42083740234375,144.42999267578125,460.0100402832031,218.5614013671875,31.870880126953125
2023-01-26,141.43551635742188,365.82000732421875,99.22000122070312,32.31427001953125,310.95001220703125,106.361083984375,96.6628646850586,286.68414306640625,152.4745330810547,129.132568359375,369.45562744140625,146.01773071289062,241.13519287109375,19.758092880249023,128.8085479736328,80.11615753173828,160.27000427246094,459.9912109375,218.37677001953125,31.823469161987305
2023-01-27,143.37094116210938,370.7099914550781,102.23999786376953,32.414859771728516,309.1700134277344,106.2059555053711,98.49659729003906,289.315185546875,151.878662109375,129.4462127685547,366.31182861328125,150.41908264160156,241.290771484375,20.319849014282227,128.27926635742188,81.12739562988281,177.89999389648438,453.98541259765625,224.91709899902344,32.11585998535156
2023-01-30,140.4923095703125,363.4200134277344,100.55000305175781,32.27769470214844,307.3299865722656,104.31529998779297,96.08798217773438,287.076904296875,146.25416564941406,128.34841918945312,363.4618835449219,145.77981567382812,235.9916534423828,19.119518280029297,128.68081665039062,78.95620727539062,166.66000366210938,453.7425842285156,222.64305114746094,32.43986129760742
2023-01-31,141.7597198486328,370.3399963378906,103.12999725341797,32.442283630371094,311.5199890136719,105.18790435791016,97.97126007080078,296.1485290527344,147.5361785888672,129.1141357421875,362.9526062011719,147.67320251464844,240.95045471191406,19.493690490722656,129.93101501464844,80.79031372070312,173.22000122070312,466.2586364746094,223.7217559814453,32.850791931152344
2023-02-01,142.8797149658203,383.9200134277344,105.1500015258789,32.84461212158203,310.57000732421875,106.06051635742188,99.54727935791016,299.729736328125,148.89039611816406,128.77279663085938,366.36077880859375,151.78704833984375,245.75369262695312,20.89656639099121,130.67019653320312,82.19813537597656,181.41000366210938,464.2131042480469,224.3922882080078,32.945621490478516
2023-02-02,148.1751708984375,392.2300109863281,112.91000366210938,33.0366325378418,311.8599853515625,109.76425170898438,106.79304504394531,310.41839599609375,149.45013427734375,128.1731414794922,367.2030334472656,187.12673950195312,257.2757263183594,21.66086769104004,129.7393798828125,86.21334838867188,188.27000427246094,439.76953125,223.09007263183594,33.05625915527344
2023-02-03,151.7906494140625,379.3299865722656,103.38999938964844,33.31093978881836,308.510009765625,107.34033966064453,103.85905456542969,302.844970703125,148.61050415039062,130.1565399169922,366.1943359375,184.90623474121094,251.19871520996094,21.053218841552734,130.14089965820312,84.78571319580078,189.97999572753906,440.8810119628906,223.64402770996094,32.803375244140625
2023-02-06,149.06922912597656,375.2300109863281,102.18000030517578,33.256080627441406,308.42999267578125,106.52590942382812,101.9955825805664,300.8077392578125,147.48199462890625,130.92221069335938,365.273681640625,184.44032287597656,249.66241455078125,21.042245864868164,129.03672790527344,81.62310791015625,194.75999450683594,443.8886413574219,222.97348022460938,32.62161636352539
2023-02-07,151.9380340576172,383.82000732421875,102.11000061035156,33.62184143066406,312.9700012207031,108.23233032226562,106.69392395019531,297.08953857421875,147.5181121826172,132.51815795898438,367.3205261230469,189.95193481445312,260.15374755859375,22.123842239379883,127.77738952636719,82.515380859375,196.80999755859375,445.42041015625,224.80047607421875,32.04472732543945
2023-02-08,149.2559051513672,378.3599853515625,100.05000305175781,33.37495422363281,308.4800109863281,108.37776947021484,98.49659729003906,293.0607604980469,147.70770263671875,131.58642578125,362.7077941894531,181.83319091796875,259.3467712402344,22.15576934814453,126.45417022705078,79.03551483154297,201.2899932861328,451.3421630859375,223.71202087402344,32.02103042602539
2023-02-09,148.22430419921875,375.80999755859375,98.23999786376953,32.6617317199707,307.2099914550781,107.00099182128906,94.17493438720703,288.273681640625,145.7124786376953,129.53846740722656,362.7763366699219,176.37118530273438,256.32281494140625,22.287479400634766,125.06705474853516,77.74666595458984,207.32000732421875,453.6866455078125,223.32257080078125,31.459949493408203
2023-02-10,148.58834838867188,370.989990234375,97.61000061035156,32.533721923828125,309.8900146484375,104.77098846435547,93.73880004882812,289.1781311035156,146.3896026611328,130.11038208007812,359.2604064941406,172.63397216796875,255.81723022460938,21.21785545349121,126.17124938964844,80.10625457763672,196.88999938964844,461.64447021484375,221.2290496826172,31.61800193786621
2023-02-13,151.38284301757812,375.0,99.54000091552734,32.59772491455078,313.739990234375,104.38317108154297,93.77845764160156,295.56390380859375,146.93128967285156,131.52186584472656,363.17791748046875,177.86802673339844,263.8096923828125,21.73969268798828,127.822998046875,78.76782989501953,194.63999938964844,462.6719665527344,222.8649139404297,31.862979888916016
2023-02-14,150.74325561523438,377.8999938964844,99.69999694824219,32.5703010559082,310.7900085449219,104.38317108154297,93.84783172607422,290.9047546386719,146.29031372070312,132.10299682617188,362.3258056640625,177.91757202148438,264.6361083984375,22.920072555541992,127.10208129882812,76.59664154052734,209.25,460.31817626953125,223.36146545410156,31.870880126953125
2023-02-15,152.83908081054688,375.94000244140625,101.16000366210938,32.51543426513672,309.6300048828125,105.91507720947266,96.08798217773438,292.9694519042969,143.87982177734375,132.6565399169922,362.0124206542969,175.6177978515625,262.5209045410156,22.713531494140625,126.81002807617188,77.24105834960938,214.24000549316406,458.8424072265625,222.9038543701172,31.9103946685791
2023-02-16,151.2451171875,365.1600036621094,98.1500015258789,32.259403228759766,308.17999267578125,102.60887145996094,94.6705322265625,293.47186279296875,142.8596649169922,130.82997131347656,359.96551513671875,170.9388885498047,255.53196716308594,21.953222274780273,125.149169921875,76.0711898803711,202.0399932861328,455.19970703125,219.8950653076172,31.48365592956543
2023-02-17,150.1037139892578,356.8500061035156,97.19999694824219,32.32341384887695,308.239990234375,102.01744079589844,93.52074432373047,290.4662170410156,145.84210205078125,131.2174072265625,353.67803955078125,171.37506103515625,251.545166015625,21.3405818939209,127.76826477050781,74.01896667480469,208.30999755859375,466.1558532714844,217.68470764160156,31.783954620361328
2023-02-21,146.0989532470703,346.70001220703125,94.58000183105469,31.56447410583496,302.7200012207031,98.98270416259766,90.98323059082031,269.95684814453125,143.66893005371094,128.80967712402344,348.6146240234375,170.58201599121094,246.291259765625,20.609207153320312,127.6769790649414,74.59397888183594,197.3699951171875,458.8984680175781,214.8219757080078,30.97789192199707
2023-02-22,146.52206420898438,348.7200012207031,95.79000091552734,31.354167938232422,303.1600036621094,98.5851821899414,90.84446716308594,270.6876525878906,143.46888732910156,127.82260131835938,347.6451721191406,169.63035583496094,245.16053771972656,20.707984924316406,128.2153778076172,74.83192443847656,200.86000061035156,456.6381530761719,214.23776245117188,31.041114807128906
2023-02-23,147.0041961669922,347.0199890136719,95.81999969482422,31.326732635498047,303.07000732421875,98.6336669921875,90.09114074707031,273.4374694824219,143.42340087890625,128.84657287597656,348.1935729980469,170.54237365722656,248.3382568359375,23.611536026000977,127.80474090576172,74.5444107055664,202.07000732421875,459.2533874511719,215.31857299804688,30.448421478271484
2023-02-24,144.35733032226562,320.5400085449219,93.5,31.28101348876953,304.0199890136719,97.2471923828125,88.34660339355469,271.01654052734375,141.82305908203125,130.00894165039062,345.833251953125,168.90675354003906,242.92835998535156,23.234371185302734,127.08383178710938,72.91848754882812,196.8800048828125,452.3788757324219,213.78009033203125,30.614376068115234
2023-02-27,145.54794311523438,322.32000732421875,93.76000213623047,31.28101348876953,304.6600036621094,97.39262390136719,89.08011627197266,270.4227600097656,141.51388549804688,131.1436004638672,348.14459228515625,168.0641326904297,243.84463500976562,23.44890022277832,126.97429656982422,73.1365966796875,207.6300048828125,451.4355773925781,214.55908203125,30.725013732910156
2023-02-28,145.04611206054688,323.95001220703125,94.2300033569336,31.36330795288086,305.17999267578125,96.57818603515625,89.26842498779297,270.90692138671875,139.3588409423828,132.24142456054688,347.9585876464844,173.41712951660156,243.123291015625,23.164527893066406,125.53245544433594,72.96805572509766,205.7100067138672,444.54241943359375,214.15985107421875,30.669694900512695
2023-03-01,142.97976684570312,323.3800048828125,92.16999816894531,31.217012405395508,304.6199951171875,95.54075622558594,89.5657958984375,265.6539611816406,138.73147583007812,131.50338745117188,346.2054443359375,171.91033935546875,240.0528564453125,22.64767837524414,125.62368774414062,73.18616485595703,202.77000427246094,443.8698425292969,212.62139892578125,30.26666831970215
2023-03-02,143.57015991210938,333.5,92.12999725341797,30.821277618408203,307.75,95.90918731689453,91.19139099121094,267.691162109375,138.62229919433594,130.1381072998047,348.23272705078125,173.01068115234375,244.7706756591797,23.262311935424805,127.69523620605469,73.46376037597656,190.89999389648438,446.186279296875,213.30300903320312,30.353593826293945
2023-03-03,148.60804748535156,344.0400085449219,94.9000015258789,31.437881469726562,312.45001220703125,98.0616226196289,92.8268814086914,272.65185546875,140.0499267578125,132.5273895263672,354.0404052734375,183.63739013671875,248.84510803222656,23.8370361328125,128.62603759765625,75.63496398925781,197.7899932861328,446.9895324707031,217.88916015625,30.235061645507812
2023-03-06,151.36314392089844,347.0199890136719,93.75,31.373462677001953,316.9700012207031,97.59622955322266,94.29386138916016,272.4325256347656,141.4502410888672,131.75250244140625,359.35833740234375,183.29042053222656,250.38522338867188,23.501785278320312,128.07850646972656,76.12075805664062,193.80999755859375,449.06317138671875,220.79086303710938,30.14813232421875
2023-03-07,149.16893005371094,344.79998779296875,93.55000305175781,30.37032127380371,311.1199951171875,96.044921875,93.03504943847656,265.57177734375,140.1135711669922,127.87794494628906,352.5125732421875,182.90382385253906,247.73390197753906,23.240312576293945,125.53245544433594,74.2668228149414,187.7100067138672,442.6183166503906,217.30496215820312,29.958467483520508
2023-03-08,150.41854858398438,345.8399963378906,93.91999816894531,29.965383529663086,311.3699951171875,96.27763366699219,93.42161560058594,268.22186279296875,139.08607482910156,127.12149810791016,351.621337890625,183.35980224609375,247.2952423095703,24.131486892700195,125.55071258544922,75.18882751464844,182.0,439.5546875,216.35069274902344,29.658172607421875
2023-03-09,148.17507934570312,338.3699951171875,92.25,28.106351852416992,304.82000732421875,93.21379852294922,91.50857543945312,265.0104064941406,137.52210998535156,120.23957824707031,347.12603759765625,180.10836791992188,245.95010375976562,23.38801383972168,124.62904357910156,75.2780532836914,172.9199981689453,434.2400817871094,214.22799682617188,28.88372802734375
2023-03-10,146.11862182617188,329.29998779296875,90.7300033569336,27.857868194580078,303.6300048828125,90.72203063964844,89.83343505859375,263.4553527832031,137.8585205078125,123.29307556152344,339.9472961425781,177.9473419189453,242.31427001953125,22.91797637939453,125.19482421875,72.79952239990234,173.44000244140625,431.49359130859375,210.45973205566406,28.986454010009766
2023-03-13,148.05702209472656,324.2699890136719,92.43000030517578,26.238121032714844,302.8800048828125,89.78155517578125,90.30921173095703,263.6485290527344,139.177001953125,121.07905578613281,337.5968322753906,179.32522583007812,247.5096893310547,22.918973922729492,126.06173706054688,71.98656463623047,174.47999572753906,434.6338195800781,208.8336181640625,28.875823974609375
2023-03-14,150.14305114746094,333.3299865722656,94.87999725341797,26.468196868896484,305.3299865722656,90.51841735839844,93.14405822753906,262.7744140625,139.958984375,124.18791198730469,345.53955078125,192.33106994628906,254.20628356933594,24.013731002807617,127.62222290039062,72.61116027832031,183.25999450683594,435.47735595703125,212.9134979248047,29.144506454467773
2023-03-15,150.53660583496094,333.6099853515625,96.19999694824219,26.219709396362305,297.8800048828125,90.26632690429688,95.26526641845703,264.98284912109375,140.35000610351562,118.32077026367188,340.8973083496094,196.02853393554688,258.7389221191406,24.178390502929688,129.4291229248047,73.27540588378906,180.4499969482422,436.2741394042969,210.6836700439453,29.286758422851562
2023-03-16,153.35076904296875,353.2900085449219,100.04000091552734,26.66145896911621,302.010009765625,91.42011260986328,99.4382553100586,263.8418273925781,140.0590057373047,120.61782836914062,340.8188781738281,203.1460723876953,269.22723388671875,25.488704681396484,130.39642333984375,73.71162414550781,184.1300048828125,442.4513854980469,211.7353057861328,28.907428741455078
2023-03-17,152.514404296875,358.1400146484375,98.94999694824219,25.603099822998047,293.510009765625,90.36328887939453,100.72684478759766,265.3692932128906,138.5586700439453,116.06061553955078,342.4446716308594,193.9072265625,272.3757019042969,25.672327041625977,130.4329376220703,72.3633041381836,180.1300048828125,440.08917236328125,211.67686462402344,29.073387145996094
2023-03-20,154.87591552734375,362.8800048828125,97.70999908447266,25.538681030273438,301.05999755859375,91.35224914550781,100.33035278320312,266.16986083984375,139.9316864013672,117.2875747680664,342.1117248535156,196.08804321289062,265.3575134277344,25.846965789794922,132.4405975341797,72.58141326904297,183.25,447.0818786621094,212.41688537597656,29.579145431518555
2023-03-21,156.7257537841797,374.2200012207031,100.61000061035156,26.311744689941406,303.8500061035156,93.60163116455078,103.99783325195312,266.3262939453125,139.9316864013672,120.43331909179688,347.2533264160156,200.4001922607422,266.8683166503906,26.145355224609375,131.4823760986328,76.06127166748047,197.5800018310547,450.025146484375,216.11703491210938,29.824127197265625
2023-03-22,155.2990264892578,361.7099914550781,98.69999694824219,25.43744468688965,299.7300109863281,92.01154327392578,102.4614486694336,260.0506591796875,137.34930419921875,117.324462890625,343.786376953125,198.07061767578125,265.4159851074219,26.413803100585938,131.4002685546875,73.70169830322266,191.14999389648438,445.7320556640625,214.25721740722656,29.48431968688965
2023-03-23,156.38134765625,369.0,98.70999908447266,24.820833206176758,298.3699951171875,92.91324615478516,104.6718521118164,261.2469177246094,137.42205810546875,117.01080322265625,347.0575256347656,202.501708984375,270.650390625,27.13532066345215,131.2177276611328,71.9369888305664,192.22000122070312,440.4735107421875,216.74017333984375,29.53173065185547
2023-03-24,157.68020629882812,374.9599914550781,98.12999725341797,24.977293014526367,298.9200134277344,91.21650695800781,104.51325225830078,260.427978515625,138.80416870117188,115.23037719726562,344.3740539550781,204.21665954589844,273.4869079589844,26.724164962768555,133.89154052734375,73.24565124511719,190.41000366210938,446.172607421875,215.23095703125,29.760906219482422
2023-03-27,155.74179077148438,373.1499938964844,98.04000091552734,26.219709396362305,302.1400146484375,92.70963287353516,101.5594482421875,258.817626953125,139.39523315429688,118.53295135498047,347.3023376464844,201.07424926757812,269.40264892578125,26.476675033569336,133.1888885498047,72.67064666748047,191.80999755859375,451.71240234375,215.980712890625,30.06910514831543
2023-03-28,155.12188720703125,373.3999938964844,97.23999786376953,25.879194259643555,302.32000732421875,91.9339828491211,100.14201354980469,258.403564453125,138.04945373535156,118.89273834228516,347.0183410644531,198.93304443359375,268.2817687988281,26.355926513671875,133.56301879882812,72.0757827758789,189.19000244140625,442.9762268066406,214.53961181640625,30.029592514038086
2023-03-29,158.1918487548828,379.1600036621094,100.25,26.3853702545166,305.29998779296875,93.92157745361328,100.49884796142578,260.74078369140625,139.40432739257812,119.13258361816406,352.111083984375,203.56240844726562,273.42840576171875,26.92875099182129,133.9736785888672,73.54308319091797,193.8800048828125,437.3614501953125,217.4315643310547,30.408910751342773
2023-03-30,159.75636291503906,381.8999938964844,102.0,26.044851303100586,305.0799865722656,95.11414337158203,100.00325775146484,262.5811767578125,139.513427734375,118.7728042602539,351.84661865234375,206.03073120117188,276.8790283203125,27.326929092407227,134.55772399902344,73.75128173828125,195.27999877929688,440.61407470703125,216.51626586914062,30.551156997680664
2023-03-31,162.25564575195312,385.3699951171875,103.29000091552734,26.320947647094727,308.7699890136719,97.08235931396484,102.81829071044922,271.5620422363281,140.9410400390625,120.21189880371094,355.9109802246094,210.0950469970703,281.02178955078125,27.720123291015625,135.68930053710938,75.2879638671875,207.4600067138672,442.9855651855469,219.5347900390625,30.732913970947266
2023-04-03,163.5052490234375,380.0799865722656,102.41000366210938,26.311744689941406,310.30999755859375,96.7236328125,103.44276428222656,273.9637451171875,142.6232452392578,120.07353210449219,358.9078369140625,211.21524047851562,279.9787902832031,27.907739639282227,136.43759155273438,74.6435546875,194.77000427246094,463.2325439453125,222.9817657470703,30.993698120117188
2023-04-04,162.9739227294922,385.1499938964844,103.94999694824219,25.750350952148438,309.07000732421875,96.53939819335938,103.79959869384766,271.4148254394531,144.11451721191406,118.46837615966797,356.3908386230469,212.85084533691406,279.9300537109375,27.39678955078125,137.0946502685547,74.61380767822266,192.5800018310547,462.3514099121094,221.67697143554688,31.333511352539062
2023-04-05,161.13389587402344,382.0199890136719,101.0999984741211,25.43744468688965,310.3900146484375,96.86906433105469,103.5517807006836,265.6269836425781,150.5886688232422,118.64501190185547,356.8420715332031,209.63906860351562,277.1617126464844,26.82596206665039,138.03456115722656,72.97797393798828,185.52000427246094,477.33038330078125,222.17355346679688,31.697021484375
2023-04-06,162.0194854736328,380.6000061035156,102.05999755859375,25.62150764465332,312.510009765625,96.92723846435547,107.46707153320312,265.5717468261719,150.17037963867188,118.51484680175781,354.56634521484375,214.21884155273438,284.23846435546875,26.981639862060547,138.9106903076172,74.3163833618164,185.05999755859375,480.68609619140625,220.05088806152344,31.715503692626953
2023-04-10,159.43167114257812,376.25,102.16999816894531,25.713542938232422,312.6199951171875,97.74166107177734,105.50447082519531,267.9273681640625,149.41567993164062,118.90534973144531,353.2618408203125,212.88058471679688,282.0842590332031,27.52252769470215,137.76083374023438,73.88015747070312,184.50999450683594,482.9076232910156,220.47927856445312,31.611066818237305
2023-04-11,158.2213897705078,371.1099853515625,99.91999816894531,26.42218017578125,313.70001220703125,97.36353302001953,104.42405700683594,270.31982421875,149.37022399902344,119.4911117553711,357.1755065917969,211.9884033203125,275.6899108886719,27.11336898803711,137.48707580566406,72.94823455810547,186.7899932861328,488.33489990234375,222.4462127685547,31.691404342651367
2023-04-12,157.5325927734375,369.8900146484375,97.83000183105469,26.210506439208984,314.54998779296875,94.95902252197266,103.72029876708984,267.2556457519531,149.05197143554688,119.47249603271484,354.8704528808594,212.1370849609375,276.3332214355469,26.440752029418945,137.8612060546875,72.8689193725586,180.5399932861328,488.5411376953125,221.82301330566406,31.490568161010742
2023-04-13,162.90504455566406,378.79998779296875,102.4000015258789,26.284133911132812,318.04998779296875,97.770751953125,106.48575592041016,268.82916259765625,151.04331970214844,119.92807006835938,362.59014892578125,218.4318389892578,282.52294921875,26.408817291259766,138.5,74.87158203125,185.89999389648438,493.2655029296875,226.5747833251953,31.586963653564453
2023-04-14,162.5606689453125,379.3800048828125,102.51000213623047,27.167634963989258,319.739990234375,96.85935974121094,107.91311645507812,268.865966796875,150.79782104492188,128.98382568359375,365.3170471191406,219.56192016601562,278.9162902832031,26.703208923339844,137.79730224609375,75.8729019165039,185.0,479.7300109863281,227.8698272705078,31.506635665893555
2023-04-17,162.580322265625,377.9200134277344,102.73999786376953,27.94989776611328,323.7900085449219,97.2471923828125,105.0385971069336,271.8197326660156,150.64321899414062,130.0065460205078,365.6407470703125,216.95481872558594,281.5091247558594,26.94671058654785,137.8429412841797,76.6660385131836,187.0399932861328,473.6933898925781,227.3440399169922,31.699434280395508
2023-04-18,163.8004608154297,377.54998779296875,102.30000305175781,28.124755859375,324.6300048828125,97.8580093383789,103.58152770996094,275.0863037109375,146.40591430664062,131.4662322998047,365.209228515625,215.99322509765625,281.0899353027344,27.610347747802734,137.9889373779297,75.76384735107422,184.30999755859375,472.8779602050781,227.4608612060547,31.281694412231445
2023-04-19,164.94187927246094,380.1099853515625,104.30000305175781,27.664600372314453,323.0899963378906,95.74436950683594,103.26433563232422,273.209228515625,147.78805541992188,131.2988739013672,365.679931640625,213.8223114013672,281.16802978515625,27.873811721801758,138.01634216308594,74.67329406738281,180.58999633789062,455.7430419921875,226.45791625976562,31.008562088012695
2023-04-20,163.97756958007812,380.260009765625,103.80999755859375,27.517349243164062,323.82000732421875,95.08505249023438,104.36457824707031,274.7366638183594,148.74278259277344,130.9176788330078,367.83795166015625,211.21524047851562,278.8870544433594,27.04850196838379,138.52232360839844,72.94823455810547,162.99000549316406,456.9241027832031,228.43458557128906,29.875869750976562
2023-04-21,162.3737030029297,377.6700134277344,106.95999908447266,27.4897403717041,324.3299865722656,96.53939819335938,104.48353576660156,276.08929443359375,147.9335174560547,130.6666259765625,368.0733642578125,211.03677368164062,278.5458679199219,27.0634708404541,143.31576538085938,73.54308319091797,165.0800018310547,453.5121154785156,227.89901733398438,29.980308532714844
2023-04-24,162.6787567138672,377.3399963378906,106.20999908447266,27.388504028320312,326.04998779296875,96.64605712890625,105.0385971069336,277.5616760253906,148.83372497558594,130.84329223632812,367.5731201171875,210.9376220703125,274.6566467285156,26.986629486083984,143.57284545898438,73.65213775634766,162.5500030517578,458.3113708496094,226.6429443359375,29.803571701049805
2023-04-25,161.14376831054688,369.5899963378906,102.56999969482422,26.541820526123047,324.3399963378906,95.02689361572266,102.9372329711914,272.6755065917969,150.19766235351562,127.998291015625,361.49151611328125,205.7432403564453,268.4668884277344,26.187271118164062,143.60955810546875,71.16368103027344,160.6699981689453,461.104736328125,223.55625915527344,29.964235305786133
2023-04-26,161.13389587402344,363.05999755859375,104.9800033569336,26.173696517944336,320.5299987792969,93.66950225830078,102.79846954345703,265.0748596191406,147.869873046875,125.7297134399414,359.75531005859375,207.57713317871094,287.91326904296875,26.90080451965332,141.94749450683594,71.4412841796875,153.75,452.6966857910156,222.15406799316406,29.65896987915039
2023-04-27,165.7093505859375,371.4200134277344,109.81999969482422,26.58783531188965,326.2300109863281,96.8884506225586,106.64437103271484,270.4670715332031,148.21539306640625,127.4218521118164,366.5333557128906,236.4832763671875,297.1344909667969,27.170249938964844,143.6830291748047,73.6323013305664,160.19000244140625,459.74554443359375,222.99148559570312,31.16120147705078
2023-04-28,166.958984375,377.55999755859375,105.44999694824219,26.946760177612305,328.54998779296875,99.3802261352539,106.39655303955078,276.5494689941406,148.8519287109375,128.52822875976562,372.7718811035156,238.22799682617188,299.5030822753906,27.692180633544922,143.60040283203125,75.34745788574219,164.30999755859375,461.26409912109375,226.6137237548828,31.193336486816406
2023-05-01,166.87045288085938,374.1499938964844,102.05000305175781,26.72588539123535,330.1700134277344,99.09904479980469,106.25777435302734,273.9361572265625,148.760986328125,131.28030395507812,372.6051330566406,241.06307983398438,297.84600830078125,28.850805282592773,143.77490234375,74.46510314941406,161.8300018310547,464.64794921875,226.3994903564453,31.096935272216797
2023-05-02,165.83726501464844,368.6600036621094,103.62999725341797,25.91600227355957,325.8599853515625,97.53805541992188,104.3943099975586,270.78912353515625,150.061279296875,129.1604766845703,368.8482971191406,237.15737915039062,297.6997985839844,28.15223503112793,143.6463165283203,71.6594009399414,160.30999755859375,462.482666015625,221.01483154296875,30.261472702026367
2023-05-03,164.7647705078125,345.25,103.6500015258789,25.639911651611328,323.2200012207031,97.7901382446289,104.48353576660156,269.68487548828125,148.09719848632812,126.42703247070312,367.7397766113281,234.96661376953125,296.7153625488281,27.745071411132812,143.462646484375,70.81669616699219,160.61000061035156,458.7800598144531,220.04112243652344,30.510496139526367
2023-05-04,163.13136291503906,335.8299865722656,104.0,24.839242935180664,320.0,94.48393249511719,103.76984405517578,262.9400329589844,147.42431640625,124.69767761230469,368.9365234375,231.48716735839844,297.6997985839844,27.505563735961914,142.8014678955078,71.19342041015625,161.1999969482422,456.7554016113281,219.6710968017578,30.0044002532959
2023-05-05,170.78660583496094,348.3999938964844,105.66000366210938,25.501867294311523,323.8800048828125,97.46048736572266,104.6421127319336,266.5010986328125,147.9244384765625,127.13365173339844,377.3134460449219,230.7535858154297,302.80755615234375,28.621278762817383,143.2789764404297,74.32630157470703,170.05999755859375,463.31689453125,225.68869018554688,30.390005111694336
2023-05-08,170.7177276611328,344.05999755859375,105.83000183105469,25.483461380004883,326.1400146484375,99.83592224121094,106.8227767944336,264.9460144042969,147.58799743652344,127.44044494628906,378.1472473144531,231.23934936523438,300.8580322265625,29.091310501098633,142.60867309570312,74.87158203125,171.7899932861328,461.7608642578125,226.12686157226562,30.390005111694336
2023-05-09,169.01544189453125,342.6499938964844,106.62000274658203,25.455852508544922,324.8699951171875,99.0699691772461,106.4064712524414,267.3844909667969,146.44227600097656,126.82682037353516,375.6263427734375,231.33848571777344,299.2496643066406,28.51249885559082,141.14862060546875,65.3391342163086,169.14999389648438,459.6612243652344,227.1297607421875,30.181135177612305
2023-05-10,170.77676391601562,344.0199890136719,110.19000244140625,25.142942428588867,322.989990234375,98.0616226196289,110.76779174804688,265.9582214355469,146.9878692626953,126.89187622070312,375.2339172363281,231.051025390625,304.42559814453125,28.825855255126953,141.44244384765625,62.8358154296875,168.5399932861328,459.3706359863281,225.19210815429688,30.229339599609375
2023-05-11,170.96371459960938,341.5799865722656,112.18000030517578,25.207365036010742,322.6400146484375,89.5003662109375,115.54542541503906,264.7251892089844,146.38771057128906,126.4920883178711,376.0677795410156,233.7374267578125,302.2811584472656,28.51948356628418,141.7730255126953,63.628944396972656,172.0800018310547,458.1427001953125,225.37747192382812,30.205232620239258
2023-05-12,170.0375213623047,335.45001220703125,110.26000213623047,24.9312744140625,322.489990234375,89.19010925292969,116.47716522216797,267.2832946777344,146.19677734375,124.67910766601562,374.6258239746094,231.774658203125,301.1699523925781,28.281970977783203,143.21470642089844,61.16032028198242,167.97999572753906,460.45794677734375,225.7384490966797,30.19720458984375
2023-05-15,169.5448455810547,345.6700134277344,111.19999694824219,25.4466495513916,323.5299987792969,90.03363800048828,115.4859619140625,265.5072937011719,145.07830810546875,125.7297134399414,376.0873718261719,236.7806854248047,301.6475830078125,28.893714904785156,143.26063537597656,61.71551513671875,166.35000610351562,456.3616943359375,227.13357543945312,29.53847312927246
2023-05-16,169.5448455810547,345.1099853515625,113.4000015258789,25.179758071899414,323.75,88.21086120605469,118.4595947265625,259.79302978515625,144.8873748779297,124.88362121582031,372.9778137207031,236.7410430908203,303.8700256347656,29.15318489074707,143.01266479492188,60.27796173095703,166.52000427246094,449.6689758300781,224.85061645507812,28.960073471069336
2023-05-17,170.15573120117188,356.6300048828125,115.5,26.293331146240234,327.3900146484375,89.94637298583984,119.77790832519531,269.0500183105469,144.5691375732422,128.7234649658203,379.6087646484375,240.37911987304688,306.74200439453125,30.1162052154541,142.40664672851562,60.93229675292969,173.86000061035156,454.440185546875,226.97744750976562,29.06450843811035
2023-05-18,172.48114013671875,360.42999267578125,118.1500015258789,26.201305389404297,329.760009765625,90.90625,121.75041198730469,271.5989074707031,144.1054229736328,129.69970703125,384.53289794921875,244.70115661621094,311.1575927734375,31.61313819885254,140.0650177001953,60.74393081665039,176.88999938964844,449.2096862792969,227.90432739257812,29.024341583251953
2023-05-19,172.58950805664062,371.25,116.25,25.8699951171875,330.3900146484375,88.56958770751953,121.68102264404297,267.6605529785156,144.49636840820312,129.40220642089844,378.2060852050781,243.50167846679688,310.9817199707031,31.19998550415039,140.6527099609375,60.39693069458008,180.13999938964844,448.8253479003906,227.6213836669922,28.960073471069336
2023-05-22,171.64361572265625,372.04998779296875,115.01000213623047,26.081663131713867,329.1300048828125,89.0252914428711,123.9509048461914,267.4580993652344,143.71763610839844,128.33299255371094,377.1859436035156,246.15835571289062,313.7560729980469,31.11216163635254,136.97042846679688,62.48881530761719,188.8699951171875,450.5125732421875,225.64088439941406,28.887771606445312
2023-05-23,169.04232788085938,370.4200134277344,114.98999786376953,26.302539825439453,323.1099853515625,87.08616638183594,121.4827880859375,271.396484375,143.66268920898438,126.9941635131836,366.6118469238281,244.5921173095703,307.9729309082031,30.625160217285156,135.49197387695312,61.4676628112793,185.77000427246094,449.4065246582031,219.10426330566406,29.112709045410156
2023-05-24,169.31822204589844,365.760009765625,116.75,25.860788345336914,320.20001220703125,86.35899353027344,119.83737182617188,267.86297607421875,143.52523803710938,125.83194732666016,361.462158203125,247.0406036376953,306.5955505371094,30.475473403930664,134.37168884277344,61.269378662109375,182.89999389648438,450.7093505859375,216.83103942871094,28.815473556518555
2023-05-25,170.4513397216797,392.05999755859375,115.0,25.925209045410156,319.0199890136719,85.45729064941406,122.39469909667969,263.8601989746094,141.46388244628906,126.1387710571289,362.9726867675781,250.4903106689453,318.38653564453125,37.90222930908203,133.5084991455078,58.8602409362793,184.47000122070312,447.7754821777344,217.93350219726562,27.97197723388672
2023-05-26,172.8555145263672,415.3900146484375,120.11000061035156,26.054054260253906,320.6000061035156,85.60273742675781,123.5147705078125,269.4548034667969,141.40892028808594,127.31958770751953,367.2200012207031,259.7588806152344,325.1954345703125,38.86625671386719,133.5177001953125,59.702945709228516,193.1699981689453,451.3561706542969,219.52374267578125,28.1165771484375
2023-05-30,174.69810485839844,417.2099914550781,121.66000366210938,26.008039474487305,322.19000244140625,85.14704895019531,122.58302307128906,269.0592346191406,141.42724609375,127.80304718017578,360.481201171875,260.2347106933594,323.5542297363281,40.028865814208984,131.47911071777344,61.51723098754883,201.16000366210938,449.79083251953125,216.23593139648438,28.03624725341797
2023-05-31,174.64883422851562,417.7900085449219,120.58000183105469,25.575490951538086,321.0799865722656,85.28277587890625,121.79006958007812,262.70135498046875,142.05941772460938,126.17598724365234,358.0485534667969,262.41558837890625,320.7994689941406,37.756534576416016,130.85467529296875,61.45774841308594,203.92999267578125,456.7178955078125,215.64080810546875,28.622676849365234
2023-06-01,177.44712829589844,426.75,122.7699966430664,25.77029800415039,323.1199951171875,85.89359283447266,122.63258361816406,267.27978515625,141.58299255371094,127.91460418701172,363.7966613769531,270.23687744140625,324.8926086425781,39.688568115234375,132.1953887939453,62.508644104003906,207.52000427246094,462.7076721191406,220.97743225097656,28.694978713989258
2023-06-02,178.29454040527344,436.3699951171875,124.25,26.633020401000977,329.4800109863281,88.00724029541016,123.5742416381836,274.2771301269531,143.8092498779297,130.60154724121094,366.5922546386719,270.23687744140625,327.64739990234375,39.2464714050293,134.5461883544922,63.41083526611328,213.97000122070312,468.2848815917969,223.21157836914062,27.77918243408203
2023-06-05,176.94464111328125,434.17999267578125,125.30000305175781,26.475317001342773,328.5799865722656,88.2302474975586,124.90245819091797,271.6449890136719,145.04608154296875,129.31851196289062,363.4434509277344,269.02752685546875,328.1749572753906,39.09079360961914,134.01356506347656,63.95611572265625,217.61000061035156,466.98199462890625,221.24082946777344,27.682777404785156
2023-06-06,176.58004760742188,432.8900146484375,126.61000061035156,27.115398406982422,333.4100036621094,89.35494232177734,126.1910400390625,274.33270263671875,144.91781616210938,129.55099487304688,372.70318603515625,268.7598876953125,325.9671936035156,38.574859619140625,132.68206787109375,64.46173095703125,221.30999755859375,457.0272216796875,222.65550231933594,27.875579833984375
2023-06-07,175.21046447753906,418.32000732421875,121.2300033569336,27.347312927246094,335.4200134277344,89.70398712158203,121.42332458496094,279.6154479980469,145.2293243408203,130.80612182617188,364.29693603515625,261.3053283691406,315.9052429199219,37.402130126953125,132.9667205810547,63.49014663696289,224.57000732421875,451.927978515625,219.7773895263672,28.3254451751709
2023-06-08,177.92010498046875,439.0299987792969,124.25,27.115398406982422,335.95001220703125,89.71368408203125,121.06648254394531,279.0500793457031,146.8234100341797,130.84329223632812,360.5694885253906,262.2768249511719,317.7417907714844,38.435123443603516,134.47271728515625,63.68842697143555,234.86000061035156,459.52056884765625,217.61154174804688,28.462011337280273
2023-06-09,178.30438232421875,454.0,123.43000030517578,27.152509689331055,335.2900085449219,89.13192749023438,121.15568542480469,275.58392333984375,146.59439086914062,131.1036376953125,362.1683349609375,262.6435546875,319.2364501953125,38.69461441040039,134.58291625976562,62.94486999511719,244.39999389648438,462.6982421875,218.10910034179688,28.494142532348633
2023-06-12,181.0928497314453,474.6300048828125,126.56999969482422,27.02263641357422,333.6000061035156,90.30511474609375,122.55328369140625,278.8368835449219,146.4936065673828,131.09434509277344,368.1419982910156,268.6904296875,324.17950439453125,39.40523910522461,133.5269012451172,63.18280792236328,249.8300018310547,461.7327575683594,220.6554718017578,28.60660743713379
2023-06-13,180.6199188232422,478.989990234375,126.66000366210938,27.273101806640625,336.3900146484375,90.9935073852539,122.74163055419922,278.114013671875,147.26319885253906,132.0426788330078,364.2870788574219,268.95806884765625,326.5631408691406,40.942237854003906,133.2054901123047,63.01426696777344,258.7099914550781,460.5329895019531,217.95297241210938,28.502178192138672
2023-06-14,181.25050354003906,479.5299987792969,126.41999816894531,27.013357162475586,335.8999938964844,89.6361083984375,122.58302307128906,277.7710876464844,148.01443481445312,131.5499267578125,367.60260009765625,270.970458984375,329.5425720214844,42.91340637207031,134.45436096191406,63.053924560546875,256.7900085449219,431.05303955078125,217.99205017089844,28.70301055908203
2023-06-15,183.28028869628906,490.9100036621094,127.11000061035156,27.245277404785156,339.82000732421875,90.11119079589844,123.99053955078125,279.9120178222656,150.00250244140625,133.03753662109375,371.8008117675781,279.3765869140625,340.0539245605469,42.57007598876953,136.31845092773438,65.28460693359375,255.89999389648438,438.4980773925781,220.6554718017578,29.273374557495117
2023-06-16,182.20623779296875,495.17999267578125,125.48999786376953,27.078296661376953,338.30999755859375,88.54051208496094,122.44425201416016,278.39208984375,150.46055603027344,133.195556640625,369.3387451171875,278.5538635253906,334.417236328125,42.60899353027344,137.31936645507812,65.859619140625,260.5400085449219,431.5330810546875,223.32867431640625,29.289445877075195
2023-06-20,182.29493713378906,485.8599853515625,125.77999877929688,26.78144645690918,338.6700134277344,87.01829528808594,122.01803588867188,279.3466796875,150.3689727783203,132.516845703125,367.4652099609375,281.8548583984375,330.23614501953125,43.72282409667969,136.0521697998047,68.29850006103516,274.45001220703125,441.7922058105469,220.9481658935547,28.76728057861328
2023-06-21,181.26034545898438,477.4800109863281,124.83000183105469,26.503145217895508,338.6099853515625,85.94208526611328,119.49046325683594,278.6886901855469,150.139892578125,132.3216094970703,368.9562072753906,279.18829345703125,325.8499450683594,42.961307525634766,137.2275390625,67.60452270507812,259.4599914550781,448.7195129394531,221.7091522216797,28.783340454101562
2023-06-22,184.25575256347656,477.5799865722656,130.14999389648438,25.937274932861328,336.9599914550781,85.79664611816406,122.0676040649414,279.1335144042969,151.73402404785156,129.7741241455078,370.58447265625,282.40008544921875,331.8577880859375,42.941341400146484,137.69586181640625,67.98124694824219,264.6099853515625,450.8843078613281,222.8213348388672,28.799407958984375
2023-06-23,183.94044494628906,484.7200012207031,129.3300018310547,25.74247169494629,335.25,85.41851806640625,121.26470947265625,278.79058837890625,151.60577392578125,129.0953826904297,372.5561218261719,286.2165832519531,327.27618408203125,42.126930236816406,136.32763671875,66.36524200439453,256.6000061035156,448.95477294921875,223.9530792236328,28.526275634765625
2023-06-26,182.55116271972656,479.510009765625,127.33000183105469,26.057872772216797,334.1199951171875,86.000244140625,117.29986572265625,285.35235595703125,149.91087341308594,129.41151428222656,370.2117614746094,276.0458984375,321.0046081542969,40.55299758911133,136.46539306640625,65.86953735351562,241.0500030517578,450.8936767578125,220.78231811523438,29.008277893066406
2023-06-27,185.3001708984375,489.2699890136719,129.17999267578125,26.197021484375,335.3399963378906,86.34928894042969,117.28997802734375,290.7741394042969,149.59933471679688,129.42080688476562,374.4982604980469,284.55120849609375,326.8366394042969,41.794578552246094,137.76016235351562,65.66133880615234,250.2100067138672,454.1878967285156,221.79696655273438,29.361745834350586
2023-06-28,186.47276306152344,482.42999267578125,129.0399932861328,26.03931999206543,334.1499938964844,86.12630462646484,119.12369537353516,284.0733642578125,149.29705810546875,128.85365295410156,372.9681091308594,282.8064880371094,328.0870361328125,41.03705596923828,137.7325897216797,65.46305084228516,256.239990234375,446.5547180175781,222.40185546875,29.57863998413086
2023-06-29,186.8076934814453,483.7699890136719,127.9000015258789,26.586639404296875,336.9100036621094,86.24264526367188,118.05319213867188,285.2874450683594,150.3414764404297,133.3535919189453,380.2659606933594,279.07928466796875,327.3055114746094,40.74262619018555,137.17245483398438,65.29452514648438,257.5,448.427734375,228.60675048828125,29.7152099609375
2023-06-30,191.12344360351562,488.989990234375,130.36000061035156,26.61446762084961,341.0,86.56259155273438,118.64791107177734,287.90106201171875,151.64242553710938,135.222412109375,385.7884826660156,284.4818420410156,332.6686096191406,42.21975326538086,139.33958435058594,66.15705108642578,261.7699890136719,452.38079833984375,231.68968200683594,29.875869750976562
2023-07-03,189.63560485839844,485.2099914550781,130.22000122070312,27.08757209777832,342.0,87.74546813964844,118.8461685180664,287.326416015625,149.65435791015625,136.31019592285156,386.43585205078125,283.5301513671875,330.17755126953125,42.330528259277344,140.0374755859375,67.5152816772461,279.82000732421875,449.78302001953125,232.1677703857422,29.94816780090332
2023-07-05,188.52218627929688,487.260009765625,130.3800048828125,26.976255416870117,341.55999755859375,87.05707550048828,120.67990112304688,288.0493469238281,149.1596221923828,135.40219116210938,387.1911926269531,291.8075256347656,330.3338623046875,42.23473358154297,139.79872131347656,68.25884246826172,282.4800109863281,443.5146484375,233.61166381835938,30.108840942382812
2023-07-06,188.9951171875,481.2900085449219,128.36000061035156,26.234128952026367,341.4599914550781,86.03903198242188,119.0543212890625,279.9120178222656,148.05108642578125,134.06349182128906,386.18927001953125,289.4482116699219,333.3817443847656,42.02113723754883,139.56915283203125,65.57211303710938,276.5400085449219,441.7639465332031,233.05557250976562,29.82767677307129
2023-07-07,187.88172912597656,485.2699890136719,129.77999877929688,26.466041564941406,340.8999938964844,85.94208526611328,118.42985534667969,280.6442565917969,145.8981170654297,135.12132263183594,381.80804443359375,288.00091552734375,329.4254150390625,42.42036056518555,136.6398468017578,66.21653747558594,274.42999267578125,434.4413757324219,230.68479919433594,29.35585594177246
2023-07-10,185.84213256835938,496.3500061035156,127.12999725341797,26.586639404296875,341.1300048828125,85.41851806640625,115.42648315429688,287.5673828125,146.13629150390625,135.87957763671875,385.2265319824219,291.5398254394531,324.1599426269531,42.097991943359375,136.69493103027344,68.68515014648438,269.6099853515625,435.824951171875,232.3531494140625,28.734392166137695
2023-07-11,185.3199005126953,504.739990234375,128.77999877929688,26.92059326171875,343.3699951171875,86.7662124633789,116.11042785644531,290.70001220703125,145.33010864257812,138.004638671875,390.7667541503906,295.693359375,324.7851257324219,42.32254409790039,135.97866821289062,70.0136489868164,269.7900085449219,435.67437744140625,234.68487548828125,28.611736297607422
2023-07-12,186.98507690429688,507.3599853515625,130.8000030517578,27.235998153686523,345.3500061035156,87.40612030029297,117.88468933105469,294.2774353027344,144.82618713378906,138.68798828125,393.605712890625,306.64715576171875,329.40582275390625,43.81663513183594,136.68576049804688,69.98390197753906,271.989990234375,425.142333984375,236.30438232421875,28.505434036254883
2023-07-13,187.7437744140625,517.280029296875,134.3000030517578,27.52356719970703,343.5400085449219,87.71637725830078,123.44538116455078,291.57122802734375,145.49502563476562,139.36199951171875,393.4779357910156,310.6817321777344,334.7395324707031,45.88760757446289,136.77760314941406,71.76844787597656,277.8999938964844,421.4245300292969,237.3775634765625,28.325532913208008
2023-07-14,187.8916015625,514.8300170898438,134.67999267578125,27.00408172607422,341.0899963378906,85.92269134521484,124.3176498413086,293.3320617675781,146.4661407470703,140.2045135498047,395.3935241699219,306.1812438964844,337.2600402832031,45.3806037902832,137.78770446777344,71.48094177246094,281.3800048828125,451.93841552734375,237.23118591308594,27.81037139892578
2023-07-17,191.14315795898438,522.0,133.55999755859375,27.273101806640625,344.25,82.95581817626953,123.55442810058594,292.9150390625,145.73321533203125,143.58396911621094,395.0889892578125,307.9160461425781,337.73870849609375,46.37065887451172,136.8143310546875,72.85900115966797,290.3800048828125,455.6185607910156,238.04098510742188,25.725210189819336
2023-07-18,190.886962890625,532.22998046875,132.8300018310547,28.47905921936035,345.3399963378906,83.3339614868164,122.6722412109375,293.5730285644531,145.72401428222656,143.84608459472656,391.1204528808594,309.3335266113281,351.1805725097656,47.40165328979492,137.07147216796875,73.73145294189453,293.3399963378906,470.60247802734375,234.89947509765625,26.387557983398438
2023-07-19,192.2368621826172,527.1699829101562,135.36000061035156,29.249013900756836,342.42999267578125,84.39078521728516,120.95744323730469,296.09393310546875,145.43087768554688,144.39842224121094,391.228515625,313.25909423828125,346.8725280761719,46.9854621887207,138.0081024169922,73.5827407836914,291.260009765625,474.0849609375,235.5336456298828,27.777666091918945
2023-07-20,190.29579162597656,516.8800048828125,129.9600067138672,29.397438049316406,346.6099853515625,83.58604431152344,118.1523208618164,295.73248291015625,154.26258850097656,146.17706298828125,391.0222473144531,299.8865051269531,338.852294921875,45.431495666503906,139.12713623046875,72.3930435180664,262.8999938964844,474.5931701660156,233.77752685546875,27.507822036743164
2023-07-21,189.12326049804688,520.22998046875,130.0,29.66645622253418,345.760009765625,84.5265121459961,118.96510314941406,297.011474609375,155.92088317871094,145.05368041992188,390.4622497558594,291.6984558105469,335.8239440917969,44.22284698486328,141.31712341308594,72.3633041381836,260.0199890136719,476.7485656738281,233.4165496826172,27.704076766967773
2023-07-24,189.92137145996094,523.8599853515625,128.8000030517578,30.287988662719727,349.6300048828125,83.96417236328125,120.46183013916016,301.3118591308594,156.7362518310547,147.90892028808594,397.6332092285156,289.0715026855469,337.1329345703125,44.5252571105957,141.76995849609375,73.05728912353516,269.05999755859375,478.772216796875,234.87025451660156,27.785846710205078
2023-07-25,190.7786102294922,525.3400268554688,129.1300048828125,29.82415771484375,347.5799865722656,83.02369689941406,121.13584899902344,301.3304138183594,157.9364013671875,146.80429077148438,394.1852722167969,291.9065856933594,342.8673400878906,45.59018325805664,142.10260009765625,72.33355712890625,265.2799987792969,480.889892578125,232.87020874023438,27.998445510864258
2023-07-26,191.6456756591797,514.5499877929688,128.14999389648438,30.065349578857422,349.79998779296875,83.24669647216797,128.13380432128906,305.4638366699219,158.23876953125,147.6842041015625,395.2953186035156,295.9709167480469,329.962646484375,45.36362075805664,142.2504425048828,72.79952239990234,264.3500061035156,478.1321105957031,231.31900024414062,28.08022117614746
2023-07-27,190.38446044921875,513.969970703125,128.25,29.638628005981445,349.30999755859375,82.76190948486328,128.2626495361328,305.57513427734375,159.12742614746094,146.0553436279297,387.525146484375,308.9965515136719,323.0755920410156,45.81075668334961,140.55943298339844,71.41153717041016,255.7100067138672,475.5250244140625,228.723876953125,27.434228897094727
2023-07-28,192.95616149902344,528.8699951171875,132.2100067138672,29.59224510192871,349.80999755859375,83.50847625732422,131.4147186279297,307.11358642578125,159.85116577148438,146.8885040283203,386.0123596191406,322.64666748046875,330.5486755371094,46.65910339355469,144.53289794921875,73.34480285644531,266.44000244140625,473.3414001464844,230.00189208984375,27.82672691345215
2023-07-31,193.5670623779297,546.1699829101562,133.67999267578125,29.685007095336914,351.9599914550781,86.18446350097656,131.5535125732422,309.40277099609375,153.48390197753906,147.87147521972656,387.3090515136719,315.82659912109375,328.1553955078125,46.63814163208008,144.4312744140625,75.16900634765625,267.42999267578125,476.5979919433594,231.93359375,27.86761474609375
2023-08-01,192.7393798828125,549.0999755859375,131.69000244140625,29.332502365112305,352.260009765625,86.3202133178711,130.39376831054688,307.7623291015625,154.7298583984375,147.1412811279297,390.0496826171875,319.9007263183594,328.565673828125,46.41657257080078,144.3850555419922,74.8814926147461,261.07000732421875,475.0638122558594,233.93362426757812,27.336103439331055
2023-08-02,189.75387573242188,530.2999877929688,128.2100067138672,28.933609008789062,351.19000244140625,83.67330169677734,127.25164794921875,304.45367431640625,155.66433715820312,145.4749298095703,383.12432861328125,311.5738525390625,319.92999267578125,44.18293762207031,144.69918823242188,72.57150268554688,254.11000061035156,475.1202697753906,231.76776123046875,27.246156692504883
2023-08-03,188.3645477294922,523.760009765625,128.91000366210938,29.137691497802734,353.80999755859375,82.8879623413086,127.32099914550781,305.7048034667969,156.33314514160156,146.36427307128906,386.0615234375,310.4636535644531,319.1094970703125,44.42845153808594,145.07809448242188,63.628944396972656,259.32000732421875,475.1767272949219,232.9384765625,27.033550262451172
2023-08-04,179.31927490234375,526.8800048828125,139.57000732421875,29.035648345947266,349.989990234375,83.67330169677734,126.98400115966797,302.5351867675781,154.86727905273438,146.0553436279297,384.4308776855469,308.02508544921875,320.20355224609375,44.5931282043457,143.4886932373047,62.21122360229492,253.86000061035156,473.1720275878906,233.1628875732422,26.673757553100586
2023-08-07,176.225341796875,529.72998046875,142.22000122070312,29.573692321777344,362.5799865722656,84.18717956542969,130.37391662597656,305.0746765136719,158.58689880371094,146.7480926513672,389.8532409667969,313.8043212890625,322.47967529296875,45.32869338989258,145.00418090820312,63.86687469482422,251.4499969482422,480.71099853515625,235.62144470214844,26.600160598754883
2023-08-08,177.1614227294922,520.5999755859375,139.94000244140625,29.007822036743164,363.7300109863281,85.44760131835938,130.24505615234375,303.8141784667969,158.66015625,145.92428588867188,386.23828125,309.91845703125,318.51348876953125,44.5771598815918,145.1612548828125,62.64744186401367,249.6999969482422,476.11798095703125,233.45556640625,26.632871627807617
2023-08-09,175.5750274658203,513.780029296875,137.85000610351562,28.627479553222656,358.0199890136719,84.82707977294922,128.52037048339844,304.18487548828125,158.55941772460938,143.96774291992188,386.7098388671875,302.5531005859375,314.7818603515625,42.47126770019531,144.97645568847656,61.487491607666016,242.19000244140625,472.58837890625,233.91412353515625,26.74734878540039
2023-08-10,175.35829162597656,515.8300170898438,138.55999755859375,28.701696395874023,356.9800109863281,88.96710968017578,128.55010986328125,305.2878112792969,157.73487854003906,143.75245666503906,390.1184997558594,303.0784606933594,315.4656982421875,42.30558776855469,144.25567626953125,62.250877380371094,245.33999633789062,473.87786865234375,234.74496459960938,27.000843048095703
2023-08-11,175.41744995117188,508.45001220703125,138.41000366210938,29.02637481689453,358.3500061035156,86.31051635742188,128.4212646484375,306.87255859375,159.2740020751953,144.58563232421875,387.9966735839844,299.01422119140625,313.5900573730469,40.77556228637695,145.0966033935547,61.01161575317383,242.64999389648438,478.14154052734375,234.6276397705078,27.278860092163086
2023-08-14,177.06515502929688,522.25,140.57000732421875,28.69241714477539,358.4800109863281,86.10690307617188,130.1757049560547,305.79754638671875,158.8983917236328,144.8851776123047,391.5329895019531,303.5245361328125,316.5500183105469,43.667930603027344,143.9599609375,62.72675704956055,239.75999450683594,480.889892578125,237.4231414794922,27.442407608032227
2023-08-15,175.08200073242188,518.7000122070312,137.6699981689453,27.774038314819336,354.5,84.41017150878906,128.6393280029297,307.8272399902344,158.44029235839844,141.1968231201172,387.47601318359375,299.3215026855469,314.42041015625,43.85456848144531,143.035888671875,58.95938491821289,232.9600067138672,476.899169921875,234.42242431640625,27.19708824157715
2023-08-16,174.21377563476562,514.489990234375,135.07000732421875,27.17106056213379,354.1099853515625,83.72177124023438,127.56881713867188,308.652099609375,157.9364013671875,140.59768676757812,387.3974304199219,291.7281799316406,313.65679931640625,43.40144729614258,141.5758819580078,59.167579650878906,225.60000610351562,473.9532165527344,233.89456176757812,27.205270767211914
2023-08-17,171.67807006835938,511.6700134277344,133.97999572753906,27.161787033081055,353.19000244140625,83.30486297607422,128.77809143066406,303.3230285644531,159.42056274414062,139.1373291015625,385.6784362792969,282.6082458496094,310.2109069824219,43.25973129272461,140.55943298339844,58.09685134887695,219.22000122070312,464.9176330566406,232.01783752441406,27.033550262451172
2023-08-18,172.16148376464844,508.1300048828125,133.22000122070312,27.00408172607422,352.55999755859375,83.3436508178711,126.33971405029297,303.40643310546875,158.02806091308594,139.45562744140625,385.236328125,280.7842712402344,309.8193359375,43.214813232421875,140.9567413330078,58.90980911254883,215.49000549316406,469.13421630859375,232.79981994628906,27.131675720214844
2023-08-21,173.49346923828125,520.469970703125,134.67999267578125,27.04119110107422,352.0899963378906,83.2660903930664,127.2417221069336,300.33868408203125,153.3189697265625,139.93304443359375,386.2481384277344,287.3763732910156,315.1056823730469,46.87568664550781,140.24525451660156,58.99903869628906,231.27999877929688,468.4189453125,234.06076049804688,26.984485626220703
2023-08-22,174.86492919921875,519.47998046875,134.25,26.382553100585938,350.57000732421875,83.1788330078125,127.94548034667969,300.7279968261719,152.10047912597656,137.03103637695312,390.80609130859375,285.0964050292969,315.6734313964844,45.579200744628906,140.3007049560547,60.4564208984375,233.19000244140625,463.392822265625,235.14572143554688,27.148029327392578
2023-08-23,178.70301818847656,530.7100219726562,135.52000427246094,26.391826629638672,354.260009765625,83.21760559082031,131.20655822753906,302.2200927734375,150.73541259765625,137.9578094482422,393.9691162109375,291.6785888671875,320.117919921875,47.02439498901367,141.61285400390625,61.22972106933594,236.86000061035156,460.6633605957031,236.83673095703125,27.13985252380371
2023-08-24,174.02627563476562,512.4299926757812,131.83999633789062,26.549530029296875,354.29998779296875,79.95987701416016,128.6393280029297,298.9762878417969,151.24842834472656,137.8267364501953,390.6390686035156,284.2538146972656,313.23583984375,47.07130432128906,140.9567413330078,60.18873596191406,230.0399932861328,459.4021911621094,234.07052612304688,27.29521369934082
2023-08-25,176.22650146484375,525.0599975585938,133.25999450683594,26.43821144104004,355.92999267578125,80.82278442382812,128.73846435546875,299.22650146484375,153.41708374023438,137.6582489013672,395.766845703125,283.01470947265625,316.1824951171875,45.928524017333984,141.88082885742188,60.664615631103516,238.58999633789062,460.3622131347656,237.10061645507812,27.270687103271484
2023-08-28,177.78543090820312,529.9199829101562,133.13999938964844,26.67940330505371,355.54998779296875,81.59844207763672,129.85850524902344,302.05328369140625,151.60833740234375,138.13568115234375,400.2362976074219,287.7332458496094,316.8874206542969,46.74394226074219,142.10260009765625,61.1404914855957,238.82000732421875,462.39520263671875,238.3321990966797,27.434228897094727
2023-08-29,181.66299438476562,540.5700073242188,134.91000366210938,27.059741973876953,358.2900085449219,81.83113098144531,133.38723754882812,305.2692565917969,151.62681579589844,139.25901794433594,404.37188720703125,295.3959655761719,321.4982604980469,48.689144134521484,142.1857452392578,61.9633674621582,257.17999267578125,463.8540344238281,239.80812072753906,28.366422653198242
2023-08-30,185.14585876464844,545.3599853515625,135.07000732421875,26.939146041870117,361.05999755859375,81.71478271484375,134.68572998046875,308.3845520019531,151.09158325195312,138.6973419189453,406.59197998046875,292.53106689453125,321.8702087402344,49.168212890625,142.34283447265625,62.875465393066406,256.8999938964844,462.6304626464844,240.67807006835938,28.325532913208008
2023-08-31,185.36293029785156,559.3400268554688,138.00999450683594,26.817546844482422,360.20001220703125,81.13304901123047,134.97317504882812,308.07672119140625,149.19981384277344,136.98423767089844,405.3444519042969,293.3142395019531,320.8619384765625,49.25904083251953,142.62008666992188,61.97328186035156,258.0799865722656,448.5594482421875,240.1405029296875,28.603557586669922
2023-09-01,186.93173217773438,563.2100219726562,138.1199951171875,27.10751724243164,362.4599914550781,79.15514373779297,134.4676513671875,310.669677734375,148.09243774414062,137.44293212890625,408.22259521484375,293.7999572753906,321.7430419921875,48.41468048095703,142.7771759033203,63.0241813659668,245.00999450683594,448.23956298828125,242.51571655273438,28.505434036254883
2023-09-05,187.16848754882812,564.8800048828125,137.27000427246094,26.798837661743164,360.4700012207031,78.71883392333984,134.57667541503906,305.726318359375,148.27699279785156,135.92637634277344,404.2245178222656,297.537109375,326.5300598144531,48.45361328125,140.86436462402344,63.192726135253906,256.489990234375,452.540771484375,239.80812072753906,28.047513961791992
2023-09-06,180.4691619873047,561.9400024414062,135.36000061035156,26.55563735961914,361.6700134277344,78.5152359008789,133.2781982421875,304.0660400390625,145.81312561035156,135.7017364501953,405.87481689453125,296.56573486328125,325.8741455078125,46.973365783691406,140.58712768554688,62.26079559326172,251.9199981689453,448.8983459472656,240.6096954345703,27.949386596679688
2023-09-07,175.19052124023438,560.4600219726562,137.85000610351562,26.31243896484375,361.79998779296875,78.11770629882812,134.07115173339844,306.3232116699219,147.6771697998047,134.54092407226562,407.2893981933594,296.0700988769531,322.9666442871094,46.15488815307617,141.92703247070312,61.12066650390625,251.49000549316406,456.3056335449219,241.5675811767578,27.646835327148438
2023-09-08,175.80221557617188,560.3599853515625,138.22999572753906,26.527576446533203,363.1499938964844,79.09696197509766,135.1813201904297,306.59368896484375,148.166259765625,134.64389038085938,407.5055236816406,295.2968444824219,327.2348937988281,45.487144470214844,141.31712341308594,60.4564208984375,248.5,454.2646789550781,241.7141876220703,27.352455139160156
2023-09-11,176.9665069580078,564.5,143.10000610351562,26.63982391357422,365.5199890136719,80.00835418701172,135.716552734375,306.2766418457031,150.10415649414062,135.23365783691406,409.32281494140625,304.88262939453125,330.8276672363281,45.0938720703125,142.99896240234375,61.39826202392578,273.5799865722656,452.95135498046875,241.64578247070312,27.753137588500977
2023-09-12,173.94735717773438,542.2100219726562,141.22999572753906,27.098159790039062,367.7799987792969,81.13304901123047,134.15045166015625,304.3272705078125,150.95314025878906,136.9936065673828,408.9102478027344,299.0339660644531,324.7874755859375,44.78644561767578,140.4854736328125,62.27070999145508,267.4800109863281,453.442626953125,241.7239532470703,27.83490753173828
2023-09-13,171.88522338867188,553.5599975585938,144.85000610351562,27.01397705078125,367.82000732421875,80.93913269042969,135.50843811035156,303.9541015625,151.33151245117188,137.0591278076172,408.9397277832031,302.4044189453125,328.9872131347656,45.400306701660156,141.46498107910156,62.300445556640625,271.29998779296875,453.385986328125,242.24205017089844,27.68771743774414
2023-09-14,173.39483642578125,552.1599731445312,144.72000122070312,27.313302993774414,369.5,81.90869903564453,136.88619995117188,307.4518127441406,151.10079956054688,139.71774291992188,406.0320129394531,309.00640869140625,331.5716857910156,45.496124267578125,143.01742553710938,63.88671112060547,276.0400085449219,456.9385986328125,236.0547332763672,27.83490753173828
2023-09-15,172.67454528808594,528.8900146484375,140.38999938964844,26.9765625,367.8599853515625,82.97522735595703,136.19235229492188,299.7755126953125,148.98756408691406,139.3058319091797,406.98486328125,297.6957702636719,323.2701416015625,43.8182487487793,141.816162109375,63.6586799621582,274.3900146484375,459.8677673339844,235.6344451904297,27.63047981262207
2023-09-18,175.59503173828125,532.4199829101562,139.97999572753906,26.901729583740234,370.42999267578125,82.4322509765625,136.9952392578125,295.9140625,149.92884826660156,139.59600830078125,409.75506591796875,299.9162902832031,322.13458251953125,43.884124755859375,142.3520965576172,62.39958953857422,265.2799987792969,459.26300048828125,239.14352416992188,27.417871475219727
2023-09-19,176.68035888671875,541.6900024414062,137.6300048828125,26.798837661743164,370.4800109863281,79.44600677490234,136.8267059326172,293.44244384765625,149.67967224121094,139.41818237304688,406.2186279296875,302.4143371582031,321.733154296875,43.438961029052734,141.936279296875,61.656028747558594,266.5,454.1607666015625,238.06826782226562,27.31157112121582
2023-09-20,173.1481475830078,535.780029296875,135.2899932861328,26.705297470092773,366.82000732421875,80.04713439941406,132.56451416015625,289.9447021484375,150.33489990234375,138.82843017578125,403.2618713378906,297.06134033203125,314.01898193359375,42.16034698486328,141.816162109375,60.33745193481445,262.5899963378906,464.9983825683594,236.4066162109375,27.475114822387695
2023-09-21,171.60897827148438,513.8800048828125,129.3300018310547,26.23760414123535,363.2799987792969,80.21196746826172,129.29351806640625,286.12054443359375,149.18138122558594,137.7425079345703,396.22845458984375,293.1556396484375,312.80511474609375,40.94062042236328,140.58712768554688,58.11668014526367,255.6999969482422,473.5116882324219,231.27500915527344,27.221630096435547
2023-09-22,172.45748901367188,512.9000244140625,129.1199951171875,25.854101181030273,360.1600036621094,78.77701568603516,129.1051788330078,285.1598815917969,148.11090087890625,136.42254638671875,395.1086120605469,296.4764709472656,310.3381652832031,41.53252029418945,140.06967163085938,57.38303756713867,244.8800048828125,478.1982116699219,229.77951049804688,27.213443756103516
2023-09-25,173.7302703857422,511.6000061035156,131.27000427246094,25.816682815551758,361.7099914550781,78.54430389404297,129.9576416015625,285.86871337890625,147.88941955566406,137.09657287597656,395.37384033203125,298.211181640625,310.8570556640625,42.14338302612305,139.21954345703125,58.35462188720703,246.99000549316406,482.1477966308594,228.09828186035156,27.11532211303711
2023-09-26,169.665283203125,506.29998779296875,125.9800033569336,25.414466857910156,359.4200134277344,77.61354064941406,127.43997192382812,282.1844787597656,146.74514770507812,135.67364501953125,388.38958740234375,296.3575134277344,305.57061767578125,41.83295440673828,137.98130798339844,58.42402267456055,244.1199951171875,477.5841064453125,224.47193908691406,26.97631072998047
2023-09-27,168.1556854248047,502.6000061035156,125.9800033569336,25.508007049560547,357.7799987792969,77.46810150146484,129.3926544189453,281.5129699707031,144.98257446289062,136.46934509277344,388.48779296875,295.14813232421875,306.2070007324219,42.388919830322266,136.1516571044922,56.84767150878906,240.5,475.9588623046875,224.3253173828125,26.493860244750977
2023-09-28,168.41221618652344,504.6700134277344,125.9800033569336,25.779266357421875,357.05999755859375,77.69109344482422,131.14707946777344,283.070556640625,144.77035522460938,138.16375732421875,392.37786865234375,301.3139343261719,307.03912353515625,43.008766174316406,135.22755432128906,57.680458068847656,246.3800048828125,481.97772216796875,226.43661499023438,26.61651611328125
2023-09-29,168.92526245117188,509.8999938964844,127.12000274658203,25.610898971557617,350.29998779296875,78.58309173583984,129.7098388671875,281.830078125,143.72755432128906,135.75791931152344,388.9102478027344,297.5965881347656,309.1047058105469,43.417999267578125,134.7840118408203,57.95805740356445,250.22000122070312,476.3935241699219,224.82382202148438,26.502038955688477
2023-10-02,171.431396484375,521.1300048828125,129.4600067138672,24.974836349487305,348.0799865722656,79.18421936035156,132.99072265625,279.6568298339844,143.17385864257812,134.58775329589844,388.8512878417969,304.1490783691406,315.02734375,44.698612213134766,134.16490173339844,58.05720138549805,251.60000610351562,486.2012939453125,226.05540466308594,25.970523834228516
2023-10-03,170.099365234375,507.0299987792969,124.72000122070312,24.23587989807129,343.0400085449219,77.11906433105469,131.26602172851562,272.2977294921875,143.3491973876953,133.59544372558594,384.14593505859375,298.32025146484375,306.79437255859375,43.43596649169922,134.442138671875,56.80801773071289,246.52999877929688,481.3824768066406,223.65087890625,26.150419235229492
2023-10-04,171.3425750732422,518.4199829101562,127.0,24.26394271850586,343.69000244140625,76.90575408935547,134.05133056640625,272.7174072265625,143.51531982421875,134.19456481933594,386.7981872558594,302.9198913574219,312.24713134765625,43.95899200439453,134.88565063476562,58.06711196899414,261.1600036621094,482.46905517578125,226.0065460205078,25.79062843322754
2023-10-05,172.57591247558594,516.4400024414062,125.95999908447266,24.37618637084961,345.05999755859375,78.35040283203125,133.88284301757812,272.0738525390625,145.01026916503906,134.76039123535156,387.7917785644531,302.1367492675781,312.6386413574219,44.60478973388672,132.8804473876953,56.98646926879883,260.04998779296875,487.7697448730469,228.21560668945312,26.019590377807617
2023-10-06,175.12147521972656,526.6799926757812,127.95999908447266,24.385541915893555,346.3399963378906,80.41557312011719,136.3707733154297,273.11846923828125,145.47164916992188,136.8350830078125,391.50054931640625,312.6841125488281,320.37237548828125,45.676788330078125,133.14840698242188,57.273983001708984,260.5299987792969,495.87664794921875,229.7404022216797,25.764862060546875
2023-10-09,176.60147094726562,529.2899780273438,128.25999450683594,24.61003303527832,345.45001220703125,82.12199401855469,137.20338439941406,275.4875793457031,146.30218505859375,136.5238800048828,388.322998046875,315.5886535644531,322.8785400390625,45.188690185546875,132.47386169433594,57.462345123291016,259.6700134277344,497.4830017089844,229.15396118164062,26.26596450805664
2023-10-10,176.00946044921875,532.719970703125,129.47999572753906,25.26480484008789,348.55999755859375,82.4031753540039,136.84654235839844,279.0879211425781,146.13609313964844,137.3537139892578,393.86151123046875,319.0383605957031,321.4787292480469,45.71271896362305,133.78604125976562,57.22441101074219,263.6199951171875,495.33807373046875,231.2652130126953,26.524864196777344
2023-10-11,177.40065002441406,549.9099731445312,131.8300018310547,25.27415657043457,348.42999267578125,82.2674331665039,139.31468200683594,277.99658203125,144.12437438964844,137.82525634765625,393.31060791015625,324.9662780761719,325.4238586425781,46.71883773803711,132.14120483398438,57.5713996887207,262.989990234375,495.2342224121094,230.36595153808594,26.27431297302246
2023-10-12,178.2985076904297,559.6300048828125,132.3300018310547,25.16191291809082,345.6600036621094,81.78264617919922,137.74855041503906,273.3049621582031,144.26278686523438,137.50460815429688,393.39910888671875,321.33819580078125,324.19036865234375,46.857582092285156,132.4368896484375,55.87112808227539,258.8699951171875,496.56640625,231.44119262695312,25.814970016479492
2023-10-13,176.46331787109375,548.760009765625,129.7899932861328,25.03095817565918,345.0899963378906,81.78264617919922,136.1527099609375,272.279052734375,144.74266052246094,139.56988525390625,391.5595397949219,311.9505920410156,320.83258056640625,45.376346588134766,133.70286560058594,55.271324157714844,251.1199951171875,509.6623840332031,232.31109619140625,25.614532470703125
2023-10-16,176.33505249023438,550.739990234375,132.5500030517578,25.246095657348633,346.2300109863281,83.10125732421875,137.87741088867188,277.3250427246094,145.3701629638672,139.42845153808594,394.6387023925781,318.3543701171875,325.6391906738281,46.00917053222656,134.9780731201172,56.510589599609375,253.9199981689453,508.3680114746094,234.65701293945312,26.09893035888672
2023-10-17,174.78598022460938,560.0900268554688,131.47000122070312,25.835391998291016,345.3900146484375,83.57635498046875,138.49195861816406,276.028564453125,144.0413055419922,139.12664794921875,395.2387390136719,321.1795349121094,325.0714111328125,43.85618591308594,135.1536407470703,56.66921615600586,254.85000610351562,507.06396484375,235.76145935058594,26.31607437133789
2023-10-18,173.49346923828125,557.8699951171875,128.1300048828125,25.545421600341797,340.8900146484375,82.10261535644531,136.7474365234375,270.71209716796875,140.94070434570312,137.5989532470703,386.8179016113281,314.2107849121094,323.16241455078125,42.1174201965332,138.63735961914062,55.32089614868164,242.67999267578125,506.5064697265625,232.11561584472656,25.931894302368164
2023-10-19,173.11859130859375,555.739990234375,128.39999389648438,25.218034744262695,338.6600036621094,80.71614074707031,136.5392608642578,267.47552490234375,140.56231689453125,137.01425170898438,381.5647277832031,310.08697509765625,324.3469543457031,42.02260971069336,137.85719299316406,54.33939743041992,220.11000061035156,502.3208312988281,228.5381317138672,26.37453269958496
2023-10-20,170.57301330566406,540.9600219726562,125.16999816894531,24.61003303527832,335.8599853515625,80.1343994140625,134.408203125,267.1397399902344,141.1898193359375,134.8075714111328,378.1609191894531,305.9631652832031,319.7948303222656,41.3099365234375,137.6711883544922,52.93158721923828,211.99000549316406,497.9743347167969,228.1178436279297,26.366178512573242
2023-10-23,170.69137573242188,540.4099731445312,126.55999755859375,23.917848587036133,336.8399963378906,80.57069396972656,135.3002471923828,265.8899230957031,139.70413208007812,132.9686279296875,377.4329833984375,311.2764892578125,322.38916015625,42.89497756958008,137.76419067382812,52.99107360839844,212.0800018310547,492.81536865234375,226.30955505371094,26.215848922729492
2023-10-24,171.12550354003906,539.5599975585938,128.55999755859375,23.82430648803711,338.6300048828125,80.04713439941406,137.58995056152344,264.24835205078125,139.5564422607422,133.12892150878906,380.62030029296875,309.8292236328125,323.5736389160156,43.581695556640625,139.3915252685547,53.774288177490234,216.52000427246094,496.0562744140625,229.3592071533203,28.64618682861328
2023-10-25,168.81675720214844,521.1400146484375,121.38999938964844,23.899139404296875,336.8999938964844,78.13709259033203,124.5059814453125,262.0284729003906,139.87022399902344,132.40277099609375,380.0300598144531,296.9225769042969,333.500244140625,41.70119857788086,140.04248046875,51.04790496826172,212.4199981689453,500.97900390625,231.50961303710938,28.13673210144043
2023-10-26,164.6629180908203,514.280029296875,119.56999969482422,24.432313919067383,336.1600036621094,77.35175323486328,121.20524597167969,259.2956237792969,137.4985809326172,132.7422637939453,358.6631774902344,285.8398742675781,320.9891662597656,40.250911712646484,139.2985382080078,51.3056640625,205.75999450683594,499.2309265136719,226.065185546875,28.788166046142578
2023-10-27,165.9751739501953,508.1199951171875,127.73999786376953,23.54369354248047,331.7099914550781,76.91544342041016,121.09620666503906,257.8592529296875,134.36105346679688,127.96107482910156,358.16143798828125,294.14691162109375,322.8688049316406,40.424583435058594,136.84359741210938,49.95734405517578,207.3000030517578,495.7348937988281,224.10049438476562,27.927940368652344
2023-10-30,168.0175323486328,526.9400024414062,132.7100067138672,24.030092239379883,337.4100036621094,78.22435760498047,123.36608123779297,262.5414733886719,135.6806640625,129.59251403808594,366.3658752441406,300.0252685546875,330.21087646484375,41.084354400634766,138.79638671875,50.61167907714844,197.36000061035156,500.7710876464844,227.82461547851562,28.913433074951172
2023-10-31,168.49114990234375,532.0599975585938,133.08999633789062,24.638093948364258,341.3299865722656,79.10664367675781,122.98942565917969,265.5354919433594,136.8895263671875,131.13912963867188,370.23193359375,298.6474609375,330.99407958984375,40.704063415527344,139.51239013671875,51.3552360534668,200.83999633789062,506.0340576171875,229.79905700683594,29.339370727539062
2023-11-01,171.64842224121094,544.5,137.0,24.6942195892334,343.75,78.60249328613281,125.3386001586914,267.344970703125,137.21253967285156,131.0259552001953,371.6780700683594,309.13531494140625,338.7865295410156,42.246192932128906,139.12184143066406,51.2164421081543,205.66000366210938,502.29241943359375,233.2005615234375,29.56486701965332
2023-11-02,175.20040893554688,558.7100219726562,138.07000732421875,25.835391998291016,349.0199890136719,80.75491333007812,126.36945343017578,274.7134094238281,138.64288330078125,133.3647003173828,376.4689636230469,308.163818359375,340.98919677734375,43.424983978271484,140.8235626220703,54.587249755859375,218.50999450683594,506.5726623535156,237.76527404785156,29.982454299926758
2023-11-03,174.29266357421875,563.6599731445312,138.60000610351562,26.583702087402344,351.80999755859375,82.48074340820312,127.9653091430664,275.720703125,139.65797424316406,134.85467529296875,379.7742614746094,311.8613586425781,345.37493896484375,44.921199798583984,139.54962158203125,55.618316650390625,219.9600067138672,501.6310119628906,238.107421875,30.082672119140625
2023-11-06,176.8382568359375,565.4500122070312,139.74000549316406,26.499515533447266,346.6300048828125,81.46269226074219,129.1051788330078,274.7507019042969,139.9901885986328,135.87318420410156,379.88250732421875,313.0509338378906,349.0263671875,45.665802001953125,140.35861206054688,54.151023864746094,219.27000427246094,504.04986572265625,237.9998779296875,29.765304565429688
2023-11-07,179.39369201660156,585.2000122070312,142.7100067138672,26.340499877929688,346.1700134277344,82.01535034179688,129.81886291503906,274.937255859375,139.25193786621094,135.80715942382812,382.5484619140625,316.0446472167969,352.9422912597656,45.86943054199219,140.0331268310547,54.16093826293945,222.17999267578125,508.1788635253906,239.2510223388672,30.01585578918457
2023-11-08,180.44940185546875,585.3099975585938,142.0800018310547,26.087942123413086,346.29998779296875,81.92809295654297,130.6811981201172,276.0098876953125,138.74441528320312,136.4767303466797,383.364990234375,316.99627685546875,355.55609130859375,46.487274169921875,139.49378967285156,54.607078552246094,222.11000061035156,507.13946533203125,238.91796875,29.873882293701172
2023-11-09,179.97581481933594,577.739990234375,140.60000610351562,25.75120735168457,348.17999267578125,87.59033966064453,129.09530639648438,268.5015563964844,136.04055786132812,136.0712127685547,381.65325927734375,317.75958251953125,353.0988464355469,46.86257553100586,139.80995178222656,53.813941955566406,209.97999572753906,509.2845458984375,236.69442749023438,29.748600006103516
2023-11-10,184.15487670898438,597.219970703125,143.55999755859375,25.891511917114258,350.55999755859375,85.58334350585938,131.42462158203125,271.9711608886719,135.88369750976562,138.08929443359375,387.9688720703125,325.9079895019531,361.88983154296875,48.244991302490234,140.79566955566406,54.299739837646484,214.64999389648438,511.37261962890625,240.2305450439453,29.823766708374023
2023-11-13,182.57412719726562,590.3400268554688,142.58999633789062,25.91022300720215,350.010009765625,86.71772766113281,130.9290313720703,268.6880798339844,136.234375,137.47633361816406,387.9393615722656,326.32440185546875,358.9627990722656,48.52946090698242,141.77206420898438,53.922996520996094,223.7100067138672,512.6575927734375,239.66241455078125,29.91563606262207
2023-11-14,185.18234252929688,604.3300170898438,145.8000030517578,27.332006454467773,354.25,88.29811096191406,132.44557189941406,283.2012023925781,136.26202392578125,139.98484802246094,391.1856689453125,333.3823547363281,362.4772033691406,49.56352996826172,141.4558868408203,56.193336486816406,237.41000366210938,510.66400146484375,241.8859405517578,29.965747833251953
2023-11-15,185.7454376220703,595.3099975585938,143.1999969482422,27.706167221069336,356.7900085449219,91.07106018066406,133.43679809570312,287.4543151855469,137.3140106201172,141.21078491210938,390.3790283203125,329.813720703125,362.62432861328125,48.796966552734375,140.80496215820312,57.74985885620117,242.83999633789062,508.7269592285156,243.0320281982422,30.06596565246582
2023-11-16,187.4249725341797,602.0599975585938,142.8300018310547,27.631332397460938,359.8599853515625,91.6334228515625,135.72647094726562,285.8221130371094,138.51370239257812,142.8233642578125,390.6446533203125,331.2808532714844,369.0005187988281,49.38787078857422,142.1161346435547,56.33213806152344,233.58999633789062,510.05914306640625,243.4825897216797,30.216297149658203
2023-11-17,187.40524291992188,602.6599731445312,145.17999267578125,28.04290199279785,358.92999267578125,91.28437805175781,134.12071228027344,286.59625244140625,138.2276153564453,144.11532592773438,393.7926330566406,332.12347412109375,362.80096435546875,49.20621109008789,140.47950744628906,56.054542541503906,234.3000030517578,506.7239074707031,244.45233154296875,30.258052825927734
2023-11-20,189.14402770996094,612.7000122070312,146.1300048828125,28.070968627929688,361.3299865722656,92.13758850097656,135.05247497558594,287.4543151855469,139.44618225097656,144.55857849121094,397.8259582519531,337.0104675292969,370.2463073730469,50.31513595581055,139.73556518554688,56.50067901611328,235.60000610351562,505.5993347167969,244.8539581298828,30.675636291503906
2023-11-21,188.3437957763672,610.989990234375,143.89999389648438,27.743579864501953,361.0,91.57523345947266,135.76612854003906,284.7961120605469,140.57171630859375,144.2567901611328,402.30206298828125,334.04656982421875,365.9595642089844,49.85100173950195,139.12184143066406,54.9243278503418,241.1999969482422,509.8419189453125,247.0677032470703,31.10993003845215
2023-11-22,189.0057373046875,619.719970703125,146.7100067138672,27.715517044067383,361.79998779296875,92.1763687133789,137.2727813720703,288.39642333984375,140.2926788330078,144.59628295898438,403.6595764160156,338.5172424316406,370.64849853515625,48.62527847290039,140.43299865722656,55.856258392333984,234.2100067138672,513.7820434570312,248.52720642089844,31.193435668945312
2023-11-24,187.68185424804688,619.4299926757812,146.74000549316406,27.80905532836914,362.67999267578125,93.13623809814453,135.4886016845703,289.7955017089844,141.85537719726562,144.79434204101562,405.7942810058594,335.28570556640625,370.2364501953125,47.68703842163086,140.7677764892578,55.28123474121094,235.4499969482422,516.9378051757812,249.0953369140625,31.24355125427246
2023-11-27,187.50401306152344,619.27001953125,147.72999572753906,27.650041580200195,361.3399963378906,92.27333068847656,135.21107482910156,290.0007019042969,140.72056579589844,144.4642791748047,402.32171630859375,331.78643798828125,371.3940124511719,48.15217208862305,140.6375732421875,55.90583038330078,236.0800018310547,513.6212768554688,248.93861389160156,31.193435668945312
2023-11-28,188.10670471191406,623.3200073242188,147.02999877929688,27.621980667114258,360.04998779296875,89.6845932006836,135.99411010742188,292.2578125,141.046142578125,144.79434204101562,402.3610534667969,336.0390930175781,375.4060974121094,47.73195266723633,141.6139678955078,57.96797180175781,246.72000122070312,510.7300720214844,247.76316833496094,31.293664932250977
2023-11-29,187.0890655517578,617.3900146484375,146.32000732421875,28.35158348083496,358.69000244140625,89.6845932006836,133.8035430908203,292.0418701171875,141.49261474609375,145.5299072265625,403.1578674316406,329.30816650390625,371.62945556640625,48.050357818603516,140.53529357910156,57.47226333618164,244.13999938964844,505.4860534667969,249.02671813964844,31.535856246948242
2023-11-30,187.66207885742188,611.010009765625,146.08999633789062,28.747577667236328,360.0,89.86881256103516,131.36517333984375,294.3611755371094,143.86460876464844,147.1896514892578,407.1026916503906,324.3021545410156,371.6883544921875,46.682918548583984,142.75775146484375,57.115352630615234,240.0800018310547,522.484130859375,251.4266357421875,32.011898040771484
2023-12-01,188.93658447265625,612.469970703125,147.02999877929688,29.190719604492188,357.07000732421875,89.76216125488281,130.70103454589844,300.11712646484375,147.3249969482422,147.9063720703125,407.6240234375,321.99237060546875,367.37213134765625,46.677921295166016,141.95802307128906,59.137840270996094,238.8300018310547,518.75830078125,251.20132446289062,32.2206916809082
2023-12-04,187.1483154296875,604.5599975585938,144.83999633789062,29.0587215423584,356.6600036621094,89.20951080322266,128.13380432128906,304.24859619140625,147.7900848388672,148.99087524414062,401.59368896484375,317.2341613769531,362.1044921875,45.425254821777344,141.40008544921875,59.33612060546875,235.5800018310547,519.8201904296875,249.2324676513672,31.769702911376953
2023-12-05,191.09031677246094,602.219970703125,146.8800048828125,28.832439422607422,355.0299987792969,88.02664947509766,129.8386993408203,303.7604064941406,147.48312377929688,148.97201538085938,402.04620361328125,315.519287109375,365.4200439453125,46.483375549316406,136.4716339111328,57.42268753051758,238.72000122070312,521.697265625,249.39898681640625,32.087066650390625
2023-12-06,190.00357055664062,595.7000122070312,144.52000427246094,28.785293579101562,352.3800048828125,88.71502685546875,128.87722778320312,306.2110595703125,145.68780517578125,147.4065704345703,403.708740234375,314.6865539550781,361.7709655761719,45.422264099121094,136.3693389892578,59.01886749267578,239.3699951171875,521.0052490234375,249.08551025390625,32.15388488769531
2023-12-07,191.93008422851562,608.780029296875,146.8800048828125,28.90786361694336,352.70001220703125,89.5391616821289,135.72647094726562,306.2674255371094,144.552978515625,147.8591766357422,406.43377685546875,323.7469787597656,363.8800048828125,46.51332092285156,136.2298583984375,57.977882385253906,242.63999938964844,519.8106689453125,250.584228515625,32.27915954589844
2023-12-08,193.35272216796875,610.010009765625,147.4199981689453,29.190719604492188,353.0799865722656,90.28816223144531,133.8035430908203,306.5491638183594,143.64138793945312,149.49069213867188,405.4598693847656,329.8533630371094,367.09747314453125,47.42170715332031,134.97450256347656,58.43393325805664,243.83999633789062,521.2328491210938,250.50584411621094,31.945093154907227
2023-12-11,190.8531951904297,625.2000122070312,145.88999938964844,29.087007522583008,357.05999755859375,89.68506622314453,132.1184844970703,311.1125793457031,144.2366943359375,150.03762817382812,408.95208740234375,322.44842529296875,364.22332763671875,46.54426956176758,135.59750366210938,58.5330810546875,239.74000549316406,515.4588623046875,251.26988220214844,31.460697174072266
2023-12-12,192.36476135253906,633.6599731445312,147.47999572753906,28.98328971862793,360.0199890136719,88.58589172363281,131.3552703857422,312.86846923828125,144.2460174560547,151.37673950195312,413.9101867675781,331.31060791015625,367.2445983886719,47.57244873046875,135.7091064453125,58.38436508178711,237.00999450683594,517.39306640625,254.2476348876953,31.15167808532715
2023-12-13,195.57562255859375,624.260009765625,148.83999633789062,30.209003448486328,362.0299987792969,90.29788970947266,131.4048309326172,322.4460754394531,144.91574096679688,151.88600158691406,417.77630615234375,331.8260498046875,367.2348327636719,48.002681732177734,138.1640625,61.19997787475586,239.2899932861328,520.5121459960938,257.0099182128906,30.892784118652344
2023-12-14,195.72378540039062,584.6400146484375,147.4199981689453,32.00041961669922,358.1199951171875,91.37760925292969,130.78036499023438,330.34295654296875,145.92034912109375,154.64907836914062,411.75579833984375,330.26971435546875,358.95562744140625,48.26420593261719,134.51885986328125,61.33877182006836,251.0500030517578,506.5088806152344,253.43466186523438,31.62772560119629
2023-12-15,195.19032287597656,584.6799926757812,149.97000122070312,31.679845809936523,356.5,90.91069793701172,131.43453979492188,332.3992614746094,144.32972717285156,155.81846618652344,411.765625,332.0045471191406,363.66424560546875,48.803253173828125,133.86795043945312,60.734012603759766,253.5,503.55078125,252.74896240234375,31.210142135620117
2023-12-18,193.53054809570312,599.1300048828125,154.07000732421875,31.519569396972656,359.6499938964844,90.32706451416016,134.6064453125,329.4039001464844,144.59017944335938,156.76150512695312,417.53033447265625,341.6200866699219,365.547607421875,49.9881477355957,135.92298889160156,60.94221496582031,252.0800018310547,499.2179870605469,253.08203125,31.460697174072266
2023-12-19,194.5679168701172,604.6400146484375,153.7899932861328,31.594993591308594,361.79998779296875,91.36787414550781,135.44894409179688,330.5870666503906,145.53897094726562,158.85504150390625,418.553466796875,347.31005859375,366.1459655761719,49.5159797668457,135.92298889160156,62.46898651123047,257.2200012207031,496.83831787109375,254.6688690185547,31.377172470092773
2023-12-20,192.4833221435547,596.0599975585938,152.1199951171875,31.09528160095215,355.3500061035156,88.78043365478516,137.12408447265625,327.3851318359375,142.5716552734375,157.06329345703125,412.63134765625,346.239501953125,363.5562744140625,48.025630950927734,133.82144165039062,61.20989227294922,247.13999938964844,489.1493225097656,251.84779357910156,31.15167808532715
2023-12-21,192.33511352539062,600.1400146484375,153.83999633789062,31.302715301513672,356.1400146484375,89.50997924804688,139.1858367919922,327.6761474609375,144.0320587158203,157.9591522216797,416.55645751953125,351.0075378417969,366.4206237792969,48.903076171875,134.14686584472656,61.52714538574219,254.5,492.894287109375,254.2281036376953,31.26025390625
2023-12-22,191.2681427001953,598.75,153.4199981689453,31.519569396972656,356.4700012207031,88.5372543334961,140.24642944335938,327.3194274902344,144.60877990722656,157.8648681640625,417.2057800292969,350.313720703125,367.4407958984375,48.74335479736328,135.0953826904297,61.30903244018555,252.5399932861328,493.30194091796875,253.14076232910156,31.310367584228516
2023-12-26,190.7247314453125,598.260009765625,153.41000366210938,31.924999237060547,356.8299865722656,88.46916198730469,140.276123046875,327.9955139160156,145.24131774902344,158.79847717285156,416.78265380859375,351.74114990234375,367.5192565917969,49.191558837890625,135.7091064453125,62.02285385131836,256.6099853515625,493.03656005859375,253.85585021972656,31.30201530456543
2023-12-27,190.82354736328125,596.0800170898438,153.33999633789062,31.906137466430664,356.95001220703125,87.91471099853516,139.13623046875,327.2630615234375,145.43667602539062,159.75096130371094,417.4614562988281,354.7149963378906,366.9405517578125,49.32931900024414,135.8207244873047,62.14182662963867,261.44000244140625,495.6531982421875,253.63055419921875,31.160037994384766
2023-12-28,191.2483673095703,595.52001953125,153.3800048828125,31.94384765625,357.57000732421875,87.93416595458984,138.99749755859375,326.1644287109375,145.6505889892578,160.5996856689453,419.3896484375,355.2007751464844,368.12744140625,49.43413162231445,135.51382446289062,62.538387298583984,253.17999267578125,497.6537170410156,255.0704345703125,31.310367584228516
2023-12-29,190.21102905273438,596.5999755859375,151.94000244140625,31.745849609375,356.6600036621094,87.8271713256836,138.46221923828125,325.4039001464844,145.79942321777344,160.4110565185547,419.57659912109375,350.87872314453125,368.873046875,49.43413162231445,136.26707458496094,60.88272476196289,248.47999572753906,499.1422119140625,255.02149963378906,31.48574447631836
2024-01-02,183.40403747558594,580.0700073242188,149.92999267578125,31.962709426879883,362.4599914550781,88.23572540283203,136.95558166503906,324.0235900878906,148.8040008544922,162.27828979492188,415.0316467285156,343.2754821777344,363.80145263671875,48.0825309753418,138.31285095214844,60.93229675292969,248.4199981689453,511.3442077636719,253.5718231201172,32.471248626708984
2024-01-03,182.03074645996094,571.7899780273438,148.47000122070312,31.61385154724121,366.75,89.15007019042969,137.6990203857422,317.6197204589844,149.7342071533203,161.571044921875,411.9623718261719,341.4713439941406,363.53662109375,47.484596252441406,137.4759063720703,58.1265983581543,238.4499969482422,513.89453125,252.6999969482422,32.70508575439453
2024-01-04,179.71893310546875,567.0499877929688,144.57000732421875,31.86842918395996,363.67999267578125,88.08979797363281,135.19122314453125,317.9295959472656,149.41790771484375,162.64320373535156,412.9461364746094,344.0982971191406,360.9273681640625,47.912841796875,138.22911071777344,57.948143005371094,237.92999267578125,517.1085815429688,254.2965850830078,32.88047409057617
2024-01-05,178.9977264404297,564.5999755859375,145.24000549316406,32.462425231933594,365.5899963378906,88.42052459716797,134.53701782226562,322.0141296386719,149.88302612304688,163.459228515625,412.6018371582031,348.8862609863281,360.740966796875,49.009891510009766,137.08535766601562,59.60380172729492,237.49000549316406,509.4859924316406,254.37501525878906,33.57365798950195
2024-01-08,183.32496643066406,580.5499877929688,149.10000610351562,32.207847595214844,368.17999267578125,89.05280303955078,137.61968994140625,326.6996765136719,150.25509643554688,163.22203063964844,415.77447509765625,355.537841796875,367.54864501953125,52.1602897644043,138.26634216308594,61.20989227294922,240.4499969482422,508.6705627441406,257.1666564941406,33.490142822265625
2024-01-09,182.91001892089844,586.2000122070312,151.3699951171875,31.70813751220703,366.8999938964844,87.22407531738281,139.71115112304688,325.06585693359375,150.3480987548828,161.93157958984375,416.3853454589844,354.3184814453125,368.62774658203125,53.045719146728516,138.8335723876953,60.52581787109375,234.9600067138672,510.4245300292969,257.94049072265625,33.15469741821289
2024-01-10,183.94737243652344,591.030029296875,153.72999572753906,31.679845809936523,367.9200134277344,86.85444641113281,141.0294647216797,335.0284118652344,150.57135009765625,162.27320861816406,421.9719543457031,367.2450256347656,375.4747009277344,54.25356674194336,139.42872619628906,60.43659210205078,233.94000244140625,509.7324523925781,259.145263671875,33.188663482666016
2024-01-11,183.35459899902344,597.489990234375,155.17999267578125,31.255571365356445,363.3399963378906,87.01008605957031,140.8312225341797,334.7748718261719,149.90162658691406,161.58999633789062,420.44476318359375,366.4519958496094,377.29925537109375,54.72472381591797,139.958740234375,60.8232421875,227.22000122070312,511.6665344238281,258.62615966796875,32.18655014038086
2024-01-12,183.6806182861328,596.5399780273438,154.6199951171875,30.925569534301758,363.6199951171875,87.88552856445312,141.39620971679688,334.0049133300781,151.05508422851562,160.40391540527344,422.7897644042969,371.23004150390625,381.0661315917969,54.6129264831543,140.04248046875,60.47624588012695,218.88999938964844,494.4396667480469,258.7633361816406,32.74705505371094
2024-01-16,181.418212890625,597.6799926757812,153.16000366210938,30.284427642822266,361.1000061035156,90.51188659667969,141.2376251220703,336.5589294433594,149.3155975341797,159.3981475830078,422.0508117675781,364.2611999511719,382.8317565917969,56.281959533691406,139.28924560546875,57.948143005371094,219.91000366210938,492.20220947265625,259.8113708496094,33.367008209228516
2024-01-17,180.4796600341797,596.0999755859375,151.7100067138672,29.982715606689453,359.2900085449219,87.87579345703125,140.22657775878906,333.99560546875,149.2318572998047,158.54417419433594,421.1344909667969,365.16326904296875,382.0470275878906,55.95354461669922,139.42872619628906,59.37577819824219,215.5500030517578,497.69158935546875,261.1730041503906,33.01032257080078
2024-01-18,186.35800170898438,593.7000122070312,153.5,29.916719436645508,362.3800048828125,89.69479370117188,142.21893310546875,336.0613098144531,149.95745849609375,158.85728454589844,424.3859558105469,372.8557434082031,386.3631286621094,57.00566864013672,138.62489318847656,61.556888580322266,211.8800048828125,489.5380554199219,262.6520690917969,33.069759368896484
2024-01-19,189.25271606445312,611.5499877929688,155.33999633789062,30.37871742248535,366.989990234375,90.5216064453125,145.0934295654297,340.296142578125,150.39462280273438,161.59945678710938,430.3568115234375,380.112060546875,391.0716552734375,59.385440826416016,138.0915069580078,65.2548599243164,212.19000244140625,477.42144775390625,265.3555908203125,33.400978088378906
2024-01-22,191.55462646484375,603.5900268554688,154.77999877929688,30.689857482910156,368.05999755859375,92.48651885986328,144.70687866210938,334.92510986328125,151.12948608398438,161.4097137451172,433.28314208984375,378.45660400390625,388.952880859375,59.54815673828125,138.36285400390625,63.192726135253906,208.8000030517578,486.3619384765625,265.64947509765625,33.61328887939453
2024-01-23,192.8291015625,597.1799926757812,156.02000427246094,30.897279739379883,372.1400146484375,91.21224212646484,145.7476043701172,329.3758239746094,148.6551513671875,160.34698486328125,432.3077087402344,381.8468017578125,391.2972717285156,59.76676559448242,144.0897674560547,64.22379302978516,209.13999938964844,488.7605895996094,265.7082214355469,35.863800048828125
2024-01-24,192.1572723388672,606.47998046875,156.8699951171875,31.09528160095215,376.5899963378906,90.94960021972656,147.39303588867188,326.0799560546875,147.864501953125,161.7797393798828,432.2486572265625,387.29888916015625,394.8874816894531,61.25312042236328,142.3492431640625,62.47890090942383,207.8300018310547,486.58941650390625,266.0901794433594,35.0570068359375
2024-01-25,191.83126831054688,622.5800170898438,157.75,31.481849670410156,380.8500061035156,92.27251434326172,150.53514099121094,329.55419921875,148.42262268066406,164.09494018554688,430.37646484375,389.75732421875,397.15350341796875,61.50767517089844,145.6244354248047,60.18873596191406,182.6300048828125,467.7887878417969,267.03057861328125,35.914756774902344
2024-01-26,190.10235595703125,613.9299926757812,159.1199951171875,31.519569396972656,385.3999938964844,92.75887298583984,150.8523406982422,333.61993408203125,148.36680603027344,163.46873474121094,432.08111572265625,390.70892333984375,396.2314147949219,60.922706604003906,146.11106872558594,61.249549865722656,183.25,477.08013916015625,262.45611572265625,36.008174896240234
2024-01-29,189.420654296875,630.22998046875,161.25999450683594,31.68927764892578,383.17999267578125,94.83077239990234,152.16075134277344,333.99560546875,148.236572265625,163.89569091796875,434.1009826660156,397.529052734375,401.91107177734375,62.354164123535156,146.12977600097656,63.212547302246094,190.92999267578125,478.35052490234375,268.05908203125,35.7109260559082
2024-01-30,185.77508544921875,627.9600219726562,159.0,32.801849365234375,387.1499938964844,94.2957763671875,150.1287841796875,335.3101501464844,147.68777465820312,167.25465393066406,438.64312744140625,396.5774230957031,400.8025817871094,62.66261672973633,147.37435913085938,63.133235931396484,191.58999633789062,477.46881103515625,271.4776611328125,36.0676155090332
2024-01-31,182.17893981933594,617.780029296875,155.1999969482422,32.06642150878906,383.739990234375,93.43006134033203,138.86863708496094,331.4227294921875,147.80868530273438,165.44235229492188,442.62371826171875,386.7438049316406,390.00244140625,61.41782760620117,147.04681396484375,60.8232421875,187.2899932861328,485.17681884765625,267.66729736328125,35.9657096862793
2024-02-01,184.60931396484375,627.9099731445312,159.27999877929688,31.632705688476562,386.44000244140625,94.4124984741211,139.91928100585938,338.098876953125,147.30636596679688,164.84454345703125,454.1418151855469,391.3433532714844,396.0843200683594,62.91516876220703,148.95578002929688,61.487491607666016,188.86000061035156,480.8155822753906,271.3796691894531,36.08460998535156
2024-02-02,183.6114959716797,634.760009765625,171.80999755859375,31.557281494140625,390.75,94.4805908203125,141.1285858154297,335.4321594238281,145.67852783203125,165.7934112548828,453.8067932128906,470.8551330566406,403.3824462890625,66.0426025390625,147.935791015625,61.88405227661133,187.91000366210938,483.74517822265625,271.50701904296875,35.77887725830078
2024-02-05,185.41943359375,630.5,170.30999755859375,31.104713439941406,390.760009765625,94.01367950439453,142.41714477539062,333.4697265625,144.92507934570312,165.5751953125,450.04302978515625,455.4107971191406,397.9186096191406,69.20899200439453,148.04806518554688,61.01161575317383,181.05999755859375,476.8525390625,269.9397888183594,35.141929626464844
2024-02-06,187.01992797851562,607.1400146484375,169.14999389648438,31.151857376098633,393.739990234375,96.58167266845703,142.83343505859375,334.5119934082031,147.0272979736328,166.14450073242188,453.72796630859375,450.7615661621094,397.76171875,68.1019515991211,148.7499237060547,63.1629753112793,185.10000610351562,484.162353515625,271.095703125,34.90414810180664
2024-02-07,187.1286163330078,615.8499755859375,170.52999877929688,31.283855438232422,397.6600036621094,96.43576049804688,144.2607879638672,340.55902099609375,146.952880859375,166.4575958251953,455.1172790527344,465.50213623046875,406.15850830078125,69.97461700439453,148.89962768554688,62.69701385498047,187.5800018310547,492.4296875,273.6717834472656,34.326656341552734
2024-02-08,186.05174255371094,615.8599853515625,169.83999633789062,31.227279663085938,397.489990234375,107.52481079101562,144.62754821777344,341.52618408203125,145.48318481445312,165.8598175048828,451.5209045410156,465.9086608886719,406.2173767089844,69.51742553710938,148.45045471191406,55.64806365966797,189.55999755859375,493.0934143066406,270.6394348144531,33.89353942871094
2024-02-09,186.8134307861328,627.2100219726562,174.4499969482422,31.180143356323242,398.3599853515625,105.4334487915039,147.69041442871094,340.9909362792969,145.8180389404297,166.05909729003906,451.14654541015625,464.0350036621094,412.5345764160156,72.00502014160156,147.30880737304688,58.40419387817383,193.57000732421875,491.3204345703125,271.2773132324219,33.732181549072266
2024-02-12,185.13174438476562,611.8400268554688,172.33999633789062,31.698701858520508,397.7099914550781,106.30890655517578,146.2333221435547,343.1506042480469,146.8319549560547,166.7991943359375,451.9643249511719,464.81817626953125,407.3454284667969,72.11980438232422,147.01873779296875,59.57406234741211,188.1300048828125,490.7705078125,269.942626953125,34.054893493652344
2024-02-13,183.04454040527344,601.8900146484375,168.63999938964844,30.878429412841797,394.79998779296875,107.44698333740234,143.86431884765625,335.7702331542969,145.54827880859375,165.34744262695312,453.68853759765625,456.11456298828125,398.5758361816406,72.00003051757812,146.232666015625,57.759769439697266,184.02000427246094,490.0216064453125,270.6688537597656,34.08037567138672
2024-02-14,182.16412353515625,604.6599731445312,170.97999572753906,31.236713409423828,398.67999267578125,108.5169906616211,144.6573028564453,336.3711853027344,144.86923217773438,167.0269317626953,458.3490295410156,469.1600646972656,402.42822265625,73.76889038085938,145.63377380371094,58.36453628540039,188.7100067138672,490.1068420410156,272.3862609863281,34.09735870361328
2024-02-15,181.87725830078125,590.4400024414062,169.8000030517578,32.12299346923828,403.45001220703125,109.3827133178711,141.51515197753906,339.0472412109375,146.89707946777344,170.67050170898438,464.3494567871094,479.8164978027344,399.5487976074219,72.52908325195312,146.92514038085938,59.18741226196289,200.4499969482422,493.8423767089844,275.7425231933594,34.471031188964844
2024-02-16,180.3439483642578,546.6599731445312,169.50999450683594,32.141849517822266,405.989990234375,108.55590057373047,139.284912109375,340.23980712890625,146.72837829589844,169.87350463867188,461.24578857421875,469.1997375488281,397.0918884277344,72.48416137695312,147.39303588867188,58.63221740722656,199.9499969482422,494.4775390625,273.3675842285156,34.386104583740234
2024-02-20,179.60205078125,541.9099731445312,167.0800018310547,32.01927947998047,407.1499938964844,106.45481872558594,139.87965393066406,340.4463806152344,147.95616149902344,170.5376739501953,445.106689453125,467.6433410644531,395.8437805175781,69.32877349853516,148.32879638671875,58.1265983581543,193.75999450683594,494.01300048828125,270.02117919921875,34.394596099853516
2024-02-21,180.35385131835938,538.52001953125,168.58999633789062,31.774139404296875,409.25,104.73309326171875,141.2970733642578,341.9111328125,148.72471618652344,171.64785766601562,452.2992858886719,464.4479675292969,395.2442932128906,67.352294921875,150.097412109375,56.98646926879883,194.77000427246094,494.875732421875,271.6011962890625,34.90414810180664
2024-02-22,182.38174438476562,537.5700073242188,174.5800018310547,31.68927764892578,415.1600036621094,104.70391082763672,142.82354736328125,348.68121337890625,150.38368225097656,173.70687866210938,464.6253967285156,482.40948486328125,404.5509948730469,78.39865112304688,150.24713134765625,57.8489990234375,197.41000366210938,499.1706237792969,278.4608154296875,34.58992004394531
2024-02-23,180.55169677734375,553.4400024414062,174.99000549316406,31.981565475463867,417.2200012207031,104.80118560791016,142.69471740722656,349.2633361816406,151.68650817871094,174.579833984375,466.45806884765625,480.3255310058594,403.2635498046875,78.6771469116211,150.68698120117188,58.652042388916016,191.97000122070312,499.8722229003906,278.3136291503906,34.530479431152344
2024-02-26,179.20635986328125,560.47998046875,174.72999572753906,31.68927764892578,409.1400146484375,104.74282836914062,136.36085510253906,348.9253845214844,150.70237731933594,173.98204040527344,467.531982421875,478.05303955078125,400.5118713378906,78.95166778564453,149.92897033691406,58.820587158203125,199.39999389648438,498.05194091796875,278.85333251953125,33.706703186035156
2024-02-27,180.6605224609375,552.489990234375,173.5399932861328,32.320987701416016,408.9100036621094,106.43535614013672,137.6593475341797,352.64373779296875,150.88046264648438,174.06744384765625,467.7684020996094,483.3224182128906,400.45294189453125,78.56136322021484,149.06808471679688,59.643463134765625,199.72999572753906,486.76959228515625,277.8916320800781,33.910526275634766
2024-02-28,179.4635467529297,551.8200073242188,173.16000366210938,32.349273681640625,412.1400146484375,107.77771759033203,135.1813201904297,354.5685729980469,151.41470336914062,174.9498748779297,471.8082275390625,480.315673828125,400.6888122558594,77.52519226074219,149.76988220214844,59.732688903808594,202.0399932861328,472.4154968261719,280.30584716796875,34.054893493652344
2024-02-29,178.80076599121094,560.280029296875,176.75999450683594,32.77655029296875,409.3999938964844,108.53643798828125,137.24302673339844,357.3856201171875,151.25535583496094,176.54391479492188,467.7783508300781,486.3788757324219,406.5067138671875,78.97163391113281,148.731201171875,59.8219108581543,201.8800048828125,467.9784240722656,277.37152099609375,33.98696517944336
2024-03-01,177.7225341796875,570.9299926757812,178.22000122070312,32.61512756347656,407.1099853515625,108.89634704589844,135.93463134765625,360.99127197265625,151.9489288330078,175.81332397460938,469.62078857421875,498.4557189941406,408.3346252441406,82.13300323486328,148.64698791503906,60.02019500732422,202.63999938964844,464.1196594238281,277.8818664550781,34.13981628417969
2024-03-04,173.2117156982422,567.9400024414062,177.5800018310547,33.374732971191406,403.3900146484375,110.5888900756836,132.17796325683594,357.1601867675781,149.8119659423828,177.13221740722656,461.6004943847656,494.377197265625,407.7646789550781,85.08574676513672,149.31138610839844,59.465003967285156,188.13999938964844,456.8572998046875,275.30084228515625,34.23324203491211
2024-03-05,168.285400390625,544.8400268554688,174.1199951171875,33.60260772705078,400.739990234375,109.791259765625,131.50392150878906,355.357421875,149.93380737304688,178.9066162109375,460.644775390625,486.4681701660156,395.7062072753906,85.81549835205078,149.0867919921875,57.76968765258789,180.74000549316406,448.58990478515625,274.17230224609375,34.26720428466797
2024-03-06,167.29617309570312,543.0900268554688,173.50999450683594,33.6310920715332,403.9599914550781,107.05789947509766,130.24505615234375,356.5286560058594,149.3433380126953,179.83644104003906,464.6647644042969,492.2932434082031,395.1558837890625,88.54676818847656,149.32073974609375,57.620975494384766,176.5399932861328,448.06854248046875,275.2027282714844,33.910526275634766
2024-03-07,167.177490234375,556.0399780273438,176.82000732421875,33.83049011230469,402.3900146484375,107.17462158203125,133.1988983154297,355.68798828125,148.90281677246094,178.26136779785156,460.66448974609375,508.27008056640625,402.0842590332031,92.5089111328125,150.3032684326172,57.997711181640625,178.64999389648438,453.9277038574219,273.0732421875,33.570823669433594
2024-03-08,168.8888397216797,551.6900024414062,175.35000610351562,33.802001953125,403.1499938964844,107.31080627441406,134.21986389160156,352.6653137207031,149.5120391845703,178.5934600830078,462.359130859375,502.07781982421875,399.21466064453125,87.37680053710938,150.0506591796875,58.503334045410156,175.33999633789062,453.61358642578125,274.820068359375,33.553836822509766
2024-03-11,170.8870391845703,560.4199829101562,171.9600067138672,34.077354431152344,404.760009765625,109.24653625488281,136.45997619628906,350.9366455078125,151.11473083496094,178.6598663330078,462.2606201171875,479.888916015625,397.5439453125,85.62583923339844,151.17356872558594,59.56414794921875,177.77000427246094,465.58758544921875,275.330322265625,34.08037567138672
2024-03-12,171.36187744140625,579.1400146484375,175.38999938964844,34.14381790161133,404.9800109863281,109.3924331665039,137.28268432617188,353.78936767578125,152.53001403808594,180.130615234375,465.9160461425781,495.9252624511719,408.1183776855469,91.75421905517578,151.5291290283203,59.51457214355469,177.5399932861328,465.7779846191406,278.6277160644531,34.08037567138672
2024-03-13,169.28453063964844,573.5499877929688,176.55999755859375,34.25776290893555,408.1300048828125,109.43135070800781,138.5613555908203,357.9927673339844,150.99290466308594,181.59185791015625,468.6157531738281,491.7772216796875,407.9415283203125,90.73098754882812,151.8753662109375,61.91379928588867,169.47999572753906,464.4930114746094,279.82501220703125,34.19077682495117
2024-03-14,171.1343536376953,570.4500122070312,178.75,33.8874626159668,406.7300109863281,109.00334930419922,141.84225463867188,354.4788818359375,149.22149658203125,178.35626220703125,472.4289245605469,488.0658264160156,417.8869934082031,87.79207611083984,151.1267852783203,62.45907211303711,162.5,465.44482421875,281.0712890625,33.77464294433594
2024-03-15,170.75843811035156,492.4599914550781,174.4199981689453,33.62160110473633,408.1300048828125,108.89634704589844,139.93911743164062,352.5519104003906,148.256103515625,180.5670928955078,468.8325500488281,480.39501953125,409.2388000488281,87.68525695800781,151.0144805908203,62.310359954833984,163.57000732421875,467.1771240234375,277.7640686035156,33.53685760498047
2024-03-18,171.84657287597656,513.8599853515625,174.47999572753906,34.1912956237793,408.4100036621094,110.74451446533203,146.38198852539062,351.3050537109375,146.92518615722656,182.80638122558594,471.84759521484375,493.1764831542969,410.1232604980469,88.30219268798828,150.85540771484375,63.67851257324219,173.8000030517578,463.5887451171875,279.7366027832031,33.910526275634766
2024-03-19,174.18112182617188,521.1900024414062,175.89999389648438,34.21028518676758,411.760009765625,111.38652038574219,145.7377166748047,358.3895568847656,146.4097137451172,183.87860107421875,476.8824157714844,492.4421081542969,414.1426696777344,89.24357604980469,151.435546875,62.46898651123047,171.32000732421875,469.5567321777344,281.9938049316406,33.944496154785156
2024-03-20,176.7432098388672,519.1400146484375,178.14999389648438,34.8939208984375,416.1099853515625,113.28333282470703,147.43267822265625,363.1125183105469,145.98793029785156,186.28866577148438,480.863037109375,501.6510314941406,417.8968505859375,90.21588134765625,151.5852813720703,64.4914779663086,175.66000366210938,470.42291259765625,283.88775634765625,34.07188034057617
2024-03-21,169.5219268798828,511.25,178.14999389648438,35.61553955078125,413.7799987792969,113.51677703857422,146.30270385742188,373.3047180175781,145.9785614013672,188.87905883789062,481.4542236328125,503.87396240234375,421.96539306640625,91.27703857421875,151.46363830566406,65.57211303710938,172.82000732421875,468.0052490234375,284.9574890136719,34.42856979370117
2024-03-22,170.422119140625,499.5199890136719,178.8699951171875,35.178768157958984,411.6000061035156,112.70942687988281,149.44483947753906,368.6573181152344,145.49118041992188,186.56382751464844,474.586669921875,505.6799621582031,421.3462829589844,94.12611389160156,151.2764892578125,64.21387481689453,170.8300018310547,466.4632568359375,277.9800109863281,34.28419494628906
2024-03-25,169.007568359375,507.2300109863281,179.7100067138672,34.99836349487305,409.9200134277344,116.10423278808594,148.7509765625,362.2623596191406,145.48179626464844,184.85592651367188,469.0394592285156,499.17022705078125,415.5676574707031,94.83788299560547,149.9009246826172,65.43331146240234,172.6300048828125,462.4751281738281,275.9682312011719,34.70882034301758
2024-03-26,167.87982177734375,507.6000061035156,178.3000030517578,35.21675491333008,411.57000732421875,116.65868377685547,149.34573364257812,358.88067626953125,145.99729919433594,185.7193603515625,469.7882995605469,492.09478759765625,414.3785705566406,92.40109252929688,150.23776245117188,66.0975570678711,177.6699981689453,468.5953369140625,275.3695983886719,34.69183349609375
2024-03-27,171.4409942626953,504.3999938964844,179.8300018310547,35.900386810302734,416.92999267578125,117.68004608154297,149.5439453125,364.5105895996094,148.04991149902344,189.31552124023438,470.92138671875,490.0802917480469,414.1623229980469,90.0940933227539,152.16546630859375,65.99842071533203,179.8300018310547,469.3473205566406,273.8189697265625,35.27781677246094
2024-03-28,169.6307373046875,504.6000061035156,180.3800048828125,36.00482940673828,420.5199890136719,119.02239227294922,149.6034393310547,362.347412109375,148.26548767089844,190.05563354492188,474.4881286621094,481.8636474609375,413.464599609375,90.19991302490234,151.82858276367188,66.4148178100586,175.7899932861328,470.8702392578125,273.8778991699219,35.63449478149414
